season,team,team_games,known,self_called,distinct_caller,unknown,caller_known_share,unknown_caller_share,hc_context_share
1999,ARI,16,0,0,0,16,0.0,1.0,0.0
1999,ATL,16,0,0,0,16,0.0,1.0,0.0
1999,BAL,16,0,0,0,16,0.0,1.0,0.0
1999,BUF,16,0,0,0,16,0.0,1.0,0.0
1999,CAR,16,0,0,0,16,0.0,1.0,0.0
1999,CHI,16,0,0,0,16,0.0,1.0,0.0
1999,CIN,16,0,0,0,16,0.0,1.0,0.0
1999,CLE,16,0,0,0,16,0.0,1.0,0.0
1999,DAL,16,0,0,0,16,0.0,1.0,0.0
1999,DEN,16,0,0,0,16,0.0,1.0,0.0
1999,DET,16,0,0,0,16,0.0,1.0,0.0
1999,GB,16,0,0,0,16,0.0,1.0,0.0
1999,IND,16,0,0,0,16,0.0,1.0,0.0
1999,JAX,16,0,0,0,16,0.0,1.0,0.0
1999,KC,16,0,0,0,16,0.0,1.0,0.0
1999,LA,16,0,0,0,16,0.0,1.0,0.0
1999,LAC,16,0,0,0,16,0.0,1.0,0.0
1999,LV,16,0,0,0,16,0.0,1.0,0.0
1999,MIA,16,0,0,0,16,0.0,1.0,0.0
1999,MIN,16,0,0,0,16,0.0,1.0,0.0
1999,NE,16,0,0,0,16,0.0,1.0,0.0
1999,NO,16,0,0,0,16,0.0,1.0,0.0
1999,NYG,16,0,0,0,16,0.0,1.0,0.0
1999,NYJ,16,0,0,0,16,0.0,1.0,0.0
1999,PHI,16,0,0,0,16,0.0,1.0,0.0
1999,PIT,16,0,0,0,16,0.0,1.0,0.0
1999,SEA,16,0,0,0,16,0.0,1.0,0.0
1999,SF,16,0,0,0,16,0.0,1.0,0.0
1999,TB,16,0,0,0,16,0.0,1.0,0.0
1999,TEN,16,0,0,0,16,0.0,1.0,0.0
1999,WAS,16,0,0,0,16,0.0,1.0,0.0
2000,ARI,16,0,0,0,16,0.0,1.0,0.0
2000,ATL,16,0,0,0,16,0.0,1.0,0.0
2000,BAL,16,0,0,0,16,0.0,1.0,0.0
2000,BUF,16,0,0,0,16,0.0,1.0,0.0
2000,CAR,16,0,0,0,16,0.0,1.0,0.0
2000,CHI,16,0,0,0,16,0.0,1.0,0.0
2000,CIN,16,0,0,0,16,0.0,1.0,0.0
2000,CLE,16,0,0,0,16,0.0,1.0,0.0
2000,DAL,16,0,0,0,16,0.0,1.0,0.0
2000,DEN,16,0,0,0,16,0.0,1.0,0.0
2000,DET,16,0,0,0,16,0.0,1.0,0.0
2000,GB,16,0,0,0,16,0.0,1.0,0.0
2000,IND,16,0,0,0,16,0.0,1.0,0.0
2000,JAX,16,0,0,0,16,0.0,1.0,0.0
2000,KC,16,0,0,0,16,0.0,1.0,0.0
2000,LA,16,0,0,0,16,0.0,1.0,0.0
2000,LAC,16,0,0,0,16,0.0,1.0,0.0
2000,LV,16,0,0,0,16,0.0,1.0,0.0
2000,MIA,16,0,0,0,16,0.0,1.0,0.0
2000,MIN,16,0,0,0,16,0.0,1.0,0.0
2000,NE,16,0,0,0,16,0.0,1.0,0.0
2000,NO,16,0,0,0,16,0.0,1.0,0.0
2000,NYG,16,0,0,0,16,0.0,1.0,0.0
2000,NYJ,16,0,0,0,16,0.0,1.0,0.0
2000,PHI,16,0,0,0,16,0.0,1.0,0.0
2000,PIT,16,0,0,0,16,0.0,1.0,0.0
2000,SEA,16,0,0,0,16,0.0,1.0,0.0
2000,SF,16,0,0,0,16,0.0,1.0,0.0
2000,TB,16,0,0,0,16,0.0,1.0,0.0
2000,TEN,16,0,0,0,16,0.0,1.0,0.0
2000,WAS,16,0,0,0,16,0.0,1.0,0.0
2001,ARI,16,0,0,0,16,0.0,1.0,0.0
2001,ATL,16,0,0,0,16,0.0,1.0,0.0
2001,BAL,16,0,0,0,16,0.0,1.0,0.0
2001,BUF,16,0,0,0,16,0.0,1.0,0.0
2001,CAR,16,0,0,0,16,0.0,1.0,0.0
2001,CHI,16,0,0,0,16,0.0,1.0,0.0
2001,CIN,16,0,0,0,16,0.0,1.0,0.0
2001,CLE,16,0,0,0,16,0.0,1.0,0.0
2001,DAL,16,0,0,0,16,0.0,1.0,0.0
2001,DEN,16,0,0,0,16,0.0,1.0,0.0
2001,DET,16,0,0,0,16,0.0,1.0,0.0
2001,GB,16,0,0,0,16,0.0,1.0,0.0
2001,IND,16,0,0,0,16,0.0,1.0,0.0
2001,JAX,16,0,0,0,16,0.0,1.0,0.0
2001,KC,16,0,0,0,16,0.0,1.0,0.0
2001,LA,16,0,0,0,16,0.0,1.0,0.0
2001,LAC,16,0,0,0,16,0.0,1.0,0.0
2001,LV,16,0,0,0,16,0.0,1.0,0.0
2001,MIA,16,0,0,0,16,0.0,1.0,0.0
2001,MIN,16,0,0,0,16,0.0,1.0,0.0
2001,NE,16,0,0,0,16,0.0,1.0,0.0
2001,NO,16,0,0,0,16,0.0,1.0,0.0
2001,NYG,16,0,0,0,16,0.0,1.0,0.0
2001,NYJ,16,0,0,0,16,0.0,1.0,0.0
2001,PHI,16,0,0,0,16,0.0,1.0,0.0
2001,PIT,16,0,0,0,16,0.0,1.0,0.0
2001,SEA,16,0,0,0,16,0.0,1.0,0.0
2001,SF,16,0,0,0,16,0.0,1.0,0.0
2001,TB,16,0,0,0,16,0.0,1.0,0.0
2001,TEN,16,0,0,0,16,0.0,1.0,0.0
2001,WAS,16,0,0,0,16,0.0,1.0,0.0
2002,ARI,16,0,0,0,16,0.0,1.0,0.0
2002,ATL,16,0,0,0,16,0.0,1.0,0.0
2002,BAL,16,0,0,0,16,0.0,1.0,0.0
2002,BUF,16,0,0,0,16,0.0,1.0,0.0
2002,CAR,16,0,0,0,16,0.0,1.0,0.0
2002,CHI,16,0,0,0,16,0.0,1.0,0.0
2002,CIN,16,0,0,0,16,0.0,1.0,0.0
2002,CLE,16,0,0,0,16,0.0,1.0,0.0
2002,DAL,16,0,0,0,16,0.0,1.0,0.0
2002,DEN,16,0,0,0,16,0.0,1.0,0.0
2002,DET,16,0,0,0,16,0.0,1.0,0.0
2002,GB,16,0,0,0,16,0.0,1.0,0.0
2002,HOU,16,0,0,0,16,0.0,1.0,0.0
2002,IND,16,0,0,0,16,0.0,1.0,0.0
2002,JAX,16,0,0,0,16,0.0,1.0,0.0
2002,KC,16,0,0,0,16,0.0,1.0,0.0
2002,LA,16,0,0,0,16,0.0,1.0,0.0
2002,LAC,16,0,0,0,16,0.0,1.0,0.0
2002,LV,16,0,0,0,16,0.0,1.0,0.0
2002,MIA,16,0,0,0,16,0.0,1.0,0.0
2002,MIN,16,0,0,0,16,0.0,1.0,0.0
2002,NE,16,0,0,0,16,0.0,1.0,0.0
2002,NO,16,0,0,0,16,0.0,1.0,0.0
2002,NYG,16,0,0,0,16,0.0,1.0,0.0
2002,NYJ,16,0,0,0,16,0.0,1.0,0.0
2002,PHI,16,0,0,0,16,0.0,1.0,0.0
2002,PIT,16,0,0,0,16,0.0,1.0,0.0
2002,SEA,16,0,0,0,16,0.0,1.0,0.0
2002,SF,16,0,0,0,16,0.0,1.0,0.0
2002,TB,16,0,0,0,16,0.0,1.0,0.0
2002,TEN,16,0,0,0,16,0.0,1.0,0.0
2002,WAS,16,0,0,0,16,0.0,1.0,0.0
2003,ARI,16,0,0,0,16,0.0,1.0,0.0
2003,ATL,16,0,0,0,16,0.0,1.0,0.0
2003,BAL,16,0,0,0,16,0.0,1.0,0.0
2003,BUF,16,0,0,0,16,0.0,1.0,0.0
2003,CAR,16,0,0,0,16,0.0,1.0,0.0
2003,CHI,16,0,0,0,16,0.0,1.0,0.0
2003,CIN,16,0,0,0,16,0.0,1.0,0.0
2003,CLE,16,0,0,0,16,0.0,1.0,0.0
2003,DAL,16,0,0,0,16,0.0,1.0,0.0
2003,DEN,16,0,0,0,16,0.0,1.0,0.0
2003,DET,16,0,0,0,16,0.0,1.0,0.0
2003,GB,16,0,0,0,16,0.0,1.0,0.0
2003,HOU,16,0,0,0,16,0.0,1.0,0.0
2003,IND,16,0,0,0,16,0.0,1.0,0.0
2003,JAX,16,0,0,0,16,0.0,1.0,0.0
2003,KC,16,0,0,0,16,0.0,1.0,0.0
2003,LA,16,0,0,0,16,0.0,1.0,0.0
2003,LAC,16,0,0,0,16,0.0,1.0,0.0
2003,LV,16,0,0,0,16,0.0,1.0,0.0
2003,MIA,16,0,0,0,16,0.0,1.0,0.0
2003,MIN,16,0,0,0,16,0.0,1.0,0.0
2003,NE,16,0,0,0,16,0.0,1.0,0.0
2003,NO,16,0,0,0,16,0.0,1.0,0.0
2003,NYG,16,0,0,0,16,0.0,1.0,0.0
2003,NYJ,16,0,0,0,16,0.0,1.0,0.0
2003,PHI,16,0,0,0,16,0.0,1.0,0.0
2003,PIT,16,0,0,0,16,0.0,1.0,0.0
2003,SEA,16,0,0,0,16,0.0,1.0,0.0
2003,SF,16,0,0,0,16,0.0,1.0,0.0
2003,TB,16,0,0,0,16,0.0,1.0,0.0
2003,TEN,16,0,0,0,16,0.0,1.0,0.0
2003,WAS,16,0,0,0,16,0.0,1.0,0.0
2004,ARI,16,0,0,0,16,0.0,1.0,0.0
2004,ATL,16,0,0,0,16,0.0,1.0,0.0
2004,BAL,16,0,0,0,16,0.0,1.0,0.0
2004,BUF,16,0,0,0,16,0.0,1.0,0.0
2004,CAR,16,0,0,0,16,0.0,1.0,0.0
2004,CHI,16,0,0,0,16,0.0,1.0,0.0
2004,CIN,16,0,0,0,16,0.0,1.0,0.0
2004,CLE,16,0,0,0,16,0.0,1.0,0.0
2004,DAL,16,0,0,0,16,0.0,1.0,0.0
2004,DEN,16,0,0,0,16,0.0,1.0,0.0
2004,DET,16,0,0,0,16,0.0,1.0,0.0
2004,GB,16,0,0,0,16,0.0,1.0,0.0
2004,HOU,16,0,0,0,16,0.0,1.0,0.0
2004,IND,16,0,0,0,16,0.0,1.0,0.0
2004,JAX,16,0,0,0,16,0.0,1.0,0.0
2004,KC,16,0,0,0,16,0.0,1.0,0.0
2004,LA,16,0,0,0,16,0.0,1.0,0.0
2004,LAC,16,0,0,0,16,0.0,1.0,0.0
2004,LV,16,0,0,0,16,0.0,1.0,0.0
2004,MIA,16,0,0,0,16,0.0,1.0,0.0
2004,MIN,16,0,0,0,16,0.0,1.0,0.0
2004,NE,16,0,0,0,16,0.0,1.0,0.0
2004,NO,16,0,0,0,16,0.0,1.0,0.0
2004,NYG,16,0,0,0,16,0.0,1.0,0.0
2004,NYJ,16,0,0,0,16,0.0,1.0,0.0
2004,PHI,16,0,0,0,16,0.0,1.0,0.0
2004,PIT,16,0,0,0,16,0.0,1.0,0.0
2004,SEA,16,0,0,0,16,0.0,1.0,0.0
2004,SF,16,0,0,0,16,0.0,1.0,0.0
2004,TB,16,0,0,0,16,0.0,1.0,0.0
2004,TEN,16,0,0,0,16,0.0,1.0,0.0
2004,WAS,16,0,0,0,16,0.0,1.0,0.0
2005,ARI,16,0,0,0,16,0.0,1.0,0.0
2005,ATL,16,0,0,0,16,0.0,1.0,0.0
2005,BAL,16,0,0,0,16,0.0,1.0,0.0
2005,BUF,16,0,0,0,16,0.0,1.0,0.0
2005,CAR,16,0,0,0,16,0.0,1.0,0.0
2005,CHI,16,0,0,0,16,0.0,1.0,0.0
2005,CIN,16,0,0,0,16,0.0,1.0,0.0
2005,CLE,16,0,0,0,16,0.0,1.0,0.0
2005,DAL,16,0,0,0,16,0.0,1.0,0.0
2005,DEN,16,0,0,0,16,0.0,1.0,0.0
2005,DET,16,0,0,0,16,0.0,1.0,0.0
2005,GB,16,0,0,0,16,0.0,1.0,0.0
2005,HOU,16,0,0,0,16,0.0,1.0,0.0
2005,IND,16,0,0,0,16,0.0,1.0,0.0
2005,JAX,16,0,0,0,16,0.0,1.0,0.0
2005,KC,16,0,0,0,16,0.0,1.0,0.0
2005,LA,16,0,0,0,16,0.0,1.0,0.0
2005,LAC,16,0,0,0,16,0.0,1.0,0.0
2005,LV,16,0,0,0,16,0.0,1.0,0.0
2005,MIA,16,0,0,0,16,0.0,1.0,0.0
2005,MIN,16,0,0,0,16,0.0,1.0,0.0
2005,NE,16,0,0,0,16,0.0,1.0,0.0
2005,NO,16,0,0,0,16,0.0,1.0,0.0
2005,NYG,16,0,0,0,16,0.0,1.0,0.0
2005,NYJ,16,0,0,0,16,0.0,1.0,0.0
2005,PHI,16,0,0,0,16,0.0,1.0,0.0
2005,PIT,16,0,0,0,16,0.0,1.0,0.0
2005,SEA,16,0,0,0,16,0.0,1.0,0.0
2005,SF,16,0,0,0,16,0.0,1.0,0.0
2005,TB,16,0,0,0,16,0.0,1.0,0.0
2005,TEN,16,0,0,0,16,0.0,1.0,0.0
2005,WAS,16,0,0,0,16,0.0,1.0,0.0
2006,ARI,16,0,0,0,16,0.0,1.0,0.0
2006,ATL,16,0,0,0,16,0.0,1.0,0.0
2006,BAL,16,0,0,0,16,0.0,1.0,0.0
2006,BUF,16,0,0,0,16,0.0,1.0,0.0
2006,CAR,16,0,0,0,16,0.0,1.0,0.0
2006,CHI,16,0,0,0,16,0.0,1.0,0.0
2006,CIN,16,0,0,0,16,0.0,1.0,0.0
2006,CLE,16,0,0,0,16,0.0,1.0,0.0
2006,DAL,16,0,0,0,16,0.0,1.0,0.0
2006,DEN,16,0,0,0,16,0.0,1.0,0.0
2006,DET,16,0,0,0,16,0.0,1.0,0.0
2006,GB,16,0,0,0,16,0.0,1.0,0.0
2006,HOU,16,0,0,0,16,0.0,1.0,0.0
2006,IND,16,0,0,0,16,0.0,1.0,0.0
2006,JAX,16,0,0,0,16,0.0,1.0,0.0
2006,KC,16,0,0,0,16,0.0,1.0,0.0
2006,LA,16,0,0,0,16,0.0,1.0,0.0
2006,LAC,16,0,0,0,16,0.0,1.0,0.0
2006,LV,16,0,0,0,16,0.0,1.0,0.0
2006,MIA,16,0,0,0,16,0.0,1.0,0.0
2006,MIN,16,0,0,0,16,0.0,1.0,0.0
2006,NE,16,0,0,0,16,0.0,1.0,0.0
2006,NO,16,0,0,0,16,0.0,1.0,0.0
2006,NYG,16,0,0,0,16,0.0,1.0,0.0
2006,NYJ,16,0,0,0,16,0.0,1.0,0.0
2006,PHI,16,0,0,0,16,0.0,1.0,0.0
2006,PIT,16,0,0,0,16,0.0,1.0,0.0
2006,SEA,16,0,0,0,16,0.0,1.0,0.0
2006,SF,16,0,0,0,16,0.0,1.0,0.0
2006,TB,16,0,0,0,16,0.0,1.0,0.0
2006,TEN,16,0,0,0,16,0.0,1.0,0.0
2006,WAS,16,0,0,0,16,0.0,1.0,0.0
2007,ARI,16,0,0,0,16,0.0,1.0,0.0
2007,ATL,16,0,0,0,16,0.0,1.0,0.0
2007,BAL,16,0,0,0,16,0.0,1.0,0.0
2007,BUF,16,0,0,0,16,0.0,1.0,0.0
2007,CAR,16,0,0,0,16,0.0,1.0,0.0
2007,CHI,16,0,0,0,16,0.0,1.0,0.0
2007,CIN,16,0,0,0,16,0.0,1.0,0.0
2007,CLE,16,0,0,0,16,0.0,1.0,0.0
2007,DAL,16,0,0,0,16,0.0,1.0,0.0
2007,DEN,16,0,0,0,16,0.0,1.0,0.0
2007,DET,16,0,0,0,16,0.0,1.0,0.0
2007,GB,16,0,0,0,16,0.0,1.0,0.0
2007,HOU,16,0,0,0,16,0.0,1.0,0.0
2007,IND,16,0,0,0,16,0.0,1.0,0.0
2007,JAX,16,0,0,0,16,0.0,1.0,0.0
2007,KC,16,0,0,0,16,0.0,1.0,0.0
2007,LA,16,0,0,0,16,0.0,1.0,0.0
2007,LAC,16,0,0,0,16,0.0,1.0,0.0
2007,LV,16,0,0,0,16,0.0,1.0,0.0
2007,MIA,16,0,0,0,16,0.0,1.0,0.0
2007,MIN,16,0,0,0,16,0.0,1.0,0.0
2007,NE,16,0,0,0,16,0.0,1.0,0.0
2007,NO,16,0,0,0,16,0.0,1.0,0.0
2007,NYG,16,0,0,0,16,0.0,1.0,0.0
2007,NYJ,16,0,0,0,16,0.0,1.0,0.0
2007,PHI,16,0,0,0,16,0.0,1.0,0.0
2007,PIT,16,0,0,0,16,0.0,1.0,0.0
2007,SEA,16,0,0,0,16,0.0,1.0,0.0
2007,SF,16,0,0,0,16,0.0,1.0,0.0
2007,TB,16,0,0,0,16,0.0,1.0,0.0
2007,TEN,16,0,0,0,16,0.0,1.0,0.0
2007,WAS,16,0,0,0,16,0.0,1.0,0.0
2008,ARI,16,0,0,0,16,0.0,1.0,0.0
2008,ATL,16,0,0,0,16,0.0,1.0,0.0
2008,BAL,16,0,0,0,16,0.0,1.0,0.0
2008,BUF,16,0,0,0,16,0.0,1.0,0.0
2008,CAR,16,0,0,0,16,0.0,1.0,0.0
2008,CHI,16,0,0,0,16,0.0,1.0,0.0
2008,CIN,16,0,0,0,16,0.0,1.0,0.0
2008,CLE,16,0,0,0,16,0.0,1.0,0.0
2008,DAL,16,0,0,0,16,0.0,1.0,0.0
2008,DEN,16,0,0,0,16,0.0,1.0,0.0
2008,DET,16,0,0,0,16,0.0,1.0,0.0
2008,GB,16,0,0,0,16,0.0,1.0,0.0
2008,HOU,16,0,0,0,16,0.0,1.0,0.0
2008,IND,16,0,0,0,16,0.0,1.0,0.0
2008,JAX,16,0,0,0,16,0.0,1.0,0.0
2008,KC,16,0,0,0,16,0.0,1.0,0.0
2008,LA,16,0,0,0,16,0.0,1.0,0.0
2008,LAC,16,0,0,0,16,0.0,1.0,0.0
2008,LV,16,0,0,0,16,0.0,1.0,0.0
2008,MIA,16,0,0,0,16,0.0,1.0,0.0
2008,MIN,16,0,0,0,16,0.0,1.0,0.0
2008,NE,16,0,0,0,16,0.0,1.0,0.0
2008,NO,16,0,0,0,16,0.0,1.0,0.0
2008,NYG,16,0,0,0,16,0.0,1.0,0.0
2008,NYJ,16,0,0,0,16,0.0,1.0,0.0
2008,PHI,16,0,0,0,16,0.0,1.0,0.0
2008,PIT,16,0,0,0,16,0.0,1.0,0.0
2008,SEA,16,0,0,0,16,0.0,1.0,0.0
2008,SF,16,0,0,0,16,0.0,1.0,0.0
2008,TB,16,0,0,0,16,0.0,1.0,0.0
2008,TEN,16,0,0,0,16,0.0,1.0,0.0
2008,WAS,16,0,0,0,16,0.0,1.0,0.0
2009,ARI,16,0,0,0,16,0.0,1.0,0.0
2009,ATL,16,0,0,0,16,0.0,1.0,0.0
2009,BAL,16,0,0,0,16,0.0,1.0,0.0
2009,BUF,16,0,0,0,16,0.0,1.0,0.0
2009,CAR,16,0,0,0,16,0.0,1.0,0.0
2009,CHI,16,0,0,0,16,0.0,1.0,0.0
2009,CIN,16,0,0,0,16,0.0,1.0,0.0
2009,CLE,16,0,0,0,16,0.0,1.0,0.0
2009,DAL,16,0,0,0,16,0.0,1.0,0.0
2009,DEN,16,0,0,0,16,0.0,1.0,0.0
2009,DET,16,0,0,0,16,0.0,1.0,0.0
2009,GB,16,0,0,0,16,0.0,1.0,0.0
2009,HOU,16,0,0,0,16,0.0,1.0,0.0
2009,IND,16,0,0,0,16,0.0,1.0,0.0
2009,JAX,16,0,0,0,16,0.0,1.0,0.0
2009,KC,16,0,0,0,16,0.0,1.0,0.0
2009,LA,16,0,0,0,16,0.0,1.0,0.0
2009,LAC,16,0,0,0,16,0.0,1.0,0.0
2009,LV,16,0,0,0,16,0.0,1.0,0.0
2009,MIA,16,0,0,0,16,0.0,1.0,0.0
2009,MIN,16,0,0,0,16,0.0,1.0,0.0
2009,NE,16,0,0,0,16,0.0,1.0,0.0
2009,NO,16,0,0,0,16,0.0,1.0,0.0
2009,NYG,16,0,0,0,16,0.0,1.0,0.0
2009,NYJ,16,0,0,0,16,0.0,1.0,0.0
2009,PHI,16,0,0,0,16,0.0,1.0,0.0
2009,PIT,16,0,0,0,16,0.0,1.0,0.0
2009,SEA,16,0,0,0,16,0.0,1.0,0.0
2009,SF,16,0,0,0,16,0.0,1.0,0.0
2009,TB,16,0,0,0,16,0.0,1.0,0.0
2009,TEN,16,0,0,0,16,0.0,1.0,0.0
2009,WAS,16,0,0,0,16,0.0,1.0,0.0
2010,ARI,16,0,0,0,16,0.0,1.0,0.0
2010,ATL,16,0,0,0,16,0.0,1.0,0.0
2010,BAL,16,0,0,0,16,0.0,1.0,0.0
2010,BUF,16,0,0,0,16,0.0,1.0,0.0
2010,CAR,16,0,0,0,16,0.0,1.0,0.0
2010,CHI,16,0,0,0,16,0.0,1.0,0.0
2010,CIN,16,0,0,0,16,0.0,1.0,0.0
2010,CLE,16,0,0,0,16,0.0,1.0,0.0
2010,DAL,16,0,0,0,16,0.0,1.0,0.0
2010,DEN,16,0,0,0,16,0.0,1.0,0.0
2010,DET,16,0,0,0,16,0.0,1.0,0.0
2010,GB,16,0,0,0,16,0.0,1.0,0.0
2010,HOU,16,0,0,0,16,0.0,1.0,0.0
2010,IND,16,0,0,0,16,0.0,1.0,0.0
2010,JAX,16,0,0,0,16,0.0,1.0,0.0
2010,KC,16,0,0,0,16,0.0,1.0,0.0
2010,LA,16,0,0,0,16,0.0,1.0,0.0
2010,LAC,16,0,0,0,16,0.0,1.0,0.0
2010,LV,16,0,0,0,16,0.0,1.0,0.0
2010,MIA,16,0,0,0,16,0.0,1.0,0.0
2010,MIN,16,0,0,0,16,0.0,1.0,0.0
2010,NE,16,0,0,0,16,0.0,1.0,0.0
2010,NO,16,0,0,0,16,0.0,1.0,0.0
2010,NYG,16,0,0,0,16,0.0,1.0,0.0
2010,NYJ,16,0,0,0,16,0.0,1.0,0.0
2010,PHI,16,0,0,0,16,0.0,1.0,0.0
2010,PIT,16,0,0,0,16,0.0,1.0,0.0
2010,SEA,16,0,0,0,16,0.0,1.0,0.0
2010,SF,16,0,0,0,16,0.0,1.0,0.0
2010,TB,16,0,0,0,16,0.0,1.0,0.0
2010,TEN,16,0,0,0,16,0.0,1.0,0.0
2010,WAS,16,0,0,0,16,0.0,1.0,0.0
2011,ARI,16,0,0,0,16,0.0,1.0,0.0
2011,ATL,16,0,0,0,16,0.0,1.0,0.0
2011,BAL,16,0,0,0,16,0.0,1.0,0.0
2011,BUF,16,0,0,0,16,0.0,1.0,0.0
2011,CAR,16,0,0,0,16,0.0,1.0,0.0
2011,CHI,16,0,0,0,16,0.0,1.0,0.0
2011,CIN,16,0,0,0,16,0.0,1.0,0.0
2011,CLE,16,0,0,0,16,0.0,1.0,0.0
2011,DAL,16,0,0,0,16,0.0,1.0,0.0
2011,DEN,16,0,0,0,16,0.0,1.0,0.0
2011,DET,16,0,0,0,16,0.0,1.0,0.0
2011,GB,16,0,0,0,16,0.0,1.0,0.0
2011,HOU,16,0,0,0,16,0.0,1.0,0.0
2011,IND,16,0,0,0,16,0.0,1.0,0.0
2011,JAX,16,0,0,0,16,0.0,1.0,0.0
2011,KC,16,0,0,0,16,0.0,1.0,0.0
2011,LA,16,0,0,0,16,0.0,1.0,0.0
2011,LAC,16,0,0,0,16,0.0,1.0,0.0
2011,LV,16,0,0,0,16,0.0,1.0,0.0
2011,MIA,16,0,0,0,16,0.0,1.0,0.0
2011,MIN,16,0,0,0,16,0.0,1.0,0.0
2011,NE,16,0,0,0,16,0.0,1.0,0.0
2011,NO,16,0,0,0,16,0.0,1.0,0.0
2011,NYG,16,0,0,0,16,0.0,1.0,0.0
2011,NYJ,16,0,0,0,16,0.0,1.0,0.0
2011,PHI,16,0,0,0,16,0.0,1.0,0.0
2011,PIT,16,0,0,0,16,0.0,1.0,0.0
2011,SEA,16,0,0,0,16,0.0,1.0,0.0
2011,SF,16,0,0,0,16,0.0,1.0,0.0
2011,TB,16,0,0,0,16,0.0,1.0,0.0
2011,TEN,16,0,0,0,16,0.0,1.0,0.0
2011,WAS,16,0,0,0,16,0.0,1.0,0.0
2012,ARI,16,0,0,0,16,0.0,1.0,0.0
2012,ATL,16,0,0,0,16,0.0,1.0,0.0
2012,BAL,16,0,0,0,16,0.0,1.0,0.0
2012,BUF,16,0,0,0,16,0.0,1.0,0.0
2012,CAR,16,0,0,0,16,0.0,1.0,0.0
2012,CHI,16,0,0,0,16,0.0,1.0,0.0
2012,CIN,16,0,0,0,16,0.0,1.0,0.0
2012,CLE,16,0,0,0,16,0.0,1.0,0.0
2012,DAL,16,0,0,0,16,0.0,1.0,0.0
2012,DEN,16,0,0,0,16,0.0,1.0,0.0
2012,DET,16,0,0,0,16,0.0,1.0,0.0
2012,GB,16,0,0,0,16,0.0,1.0,0.0
2012,HOU,16,0,0,0,16,0.0,1.0,0.0
2012,IND,16,0,0,0,16,0.0,1.0,0.0
2012,JAX,16,0,0,0,16,0.0,1.0,0.0
2012,KC,16,0,0,0,16,0.0,1.0,0.0
2012,LA,16,0,0,0,16,0.0,1.0,0.0
2012,LAC,16,0,0,0,16,0.0,1.0,0.0
2012,LV,16,0,0,0,16,0.0,1.0,0.0
2012,MIA,16,0,0,0,16,0.0,1.0,0.0
2012,MIN,16,0,0,0,16,0.0,1.0,0.0
2012,NE,16,0,0,0,16,0.0,1.0,0.0
2012,NO,16,0,0,0,16,0.0,1.0,0.0
2012,NYG,16,0,0,0,16,0.0,1.0,0.0
2012,NYJ,16,0,0,0,16,0.0,1.0,0.0
2012,PHI,16,0,0,0,16,0.0,1.0,0.0
2012,PIT,16,0,0,0,16,0.0,1.0,0.0
2012,SEA,16,0,0,0,16,0.0,1.0,0.0
2012,SF,16,0,0,0,16,0.0,1.0,0.0
2012,TB,16,0,0,0,16,0.0,1.0,0.0
2012,TEN,16,0,0,0,16,0.0,1.0,0.0
2012,WAS,16,0,0,0,16,0.0,1.0,0.0
2013,ARI,16,0,0,0,16,0.0,1.0,0.0
2013,ATL,16,0,0,0,16,0.0,1.0,0.0
2013,BAL,16,0,0,0,16,0.0,1.0,0.0
2013,BUF,16,0,0,0,16,0.0,1.0,0.0
2013,CAR,16,0,0,0,16,0.0,1.0,0.0
2013,CHI,16,0,0,0,16,0.0,1.0,0.0
2013,CIN,16,0,0,0,16,0.0,1.0,0.0
2013,CLE,16,0,0,0,16,0.0,1.0,0.0
2013,DAL,16,0,0,0,16,0.0,1.0,0.0
2013,DEN,16,0,0,0,16,0.0,1.0,0.0
2013,DET,16,0,0,0,16,0.0,1.0,0.0
2013,GB,16,0,0,0,16,0.0,1.0,0.0
2013,HOU,16,0,0,0,16,0.0,1.0,0.0
2013,IND,16,0,0,0,16,0.0,1.0,0.0
2013,JAX,16,0,0,0,16,0.0,1.0,0.0
2013,KC,16,0,0,0,16,0.0,1.0,0.0
2013,LA,16,0,0,0,16,0.0,1.0,0.0
2013,LAC,16,0,0,0,16,0.0,1.0,0.0
2013,LV,16,0,0,0,16,0.0,1.0,0.0
2013,MIA,16,0,0,0,16,0.0,1.0,0.0
2013,MIN,16,0,0,0,16,0.0,1.0,0.0
2013,NE,16,0,0,0,16,0.0,1.0,0.0
2013,NO,16,0,0,0,16,0.0,1.0,0.0
2013,NYG,16,0,0,0,16,0.0,1.0,0.0
2013,NYJ,16,0,0,0,16,0.0,1.0,0.0
2013,PHI,16,0,0,0,16,0.0,1.0,0.0
2013,PIT,16,0,0,0,16,0.0,1.0,0.0
2013,SEA,16,0,0,0,16,0.0,1.0,0.0
2013,SF,16,0,0,0,16,0.0,1.0,0.0
2013,TB,16,0,0,0,16,0.0,1.0,0.0
2013,TEN,16,0,0,0,16,0.0,1.0,0.0
2013,WAS,16,0,0,0,16,0.0,1.0,0.0
2014,ARI,16,0,0,0,16,0.0,1.0,0.0
2014,ATL,16,16,0,16,0,1.0,0.0,1.0
2014,BAL,16,16,0,16,0,1.0,0.0,1.0
2014,BUF,16,16,0,16,0,1.0,0.0,1.0
2014,CAR,16,16,0,16,0,1.0,0.0,1.0
2014,CHI,16,0,0,0,16,0.0,1.0,0.0
2014,CIN,16,16,0,16,0,1.0,0.0,1.0
2014,CLE,16,16,0,16,0,1.0,0.0,1.0
2014,DAL,16,16,0,16,0,1.0,0.0,1.0
2014,DEN,16,16,0,16,0,1.0,0.0,1.0
2014,DET,16,16,0,16,0,1.0,0.0,1.0
2014,GB,16,16,16,0,0,1.0,0.0,0.0
2014,HOU,16,16,16,0,0,1.0,0.0,0.0
2014,IND,16,16,0,16,0,1.0,0.0,1.0
2014,JAX,16,0,0,0,16,0.0,1.0,0.0
2014,KC,16,16,16,0,0,1.0,0.0,0.0
2014,LA,16,16,0,16,0,1.0,0.0,1.0
2014,LAC,16,16,0,16,0,1.0,0.0,1.0
2014,LV,16,0,0,0,16,0.0,1.0,0.0
2014,MIA,16,16,0,16,0,1.0,0.0,1.0
2014,MIN,16,16,0,16,0,1.0,0.0,1.0
2014,NE,16,16,0,16,0,1.0,0.0,1.0
2014,NO,16,16,16,0,0,1.0,0.0,0.0
2014,NYG,16,16,0,16,0,1.0,0.0,1.0
2014,NYJ,16,16,0,16,0,1.0,0.0,1.0
2014,PHI,16,16,16,0,0,1.0,0.0,0.0
2014,PIT,16,16,0,16,0,1.0,0.0,1.0
2014,SEA,16,16,0,16,0,1.0,0.0,1.0
2014,SF,16,0,0,0,16,0.0,1.0,0.0
2014,TB,16,16,0,16,0,1.0,0.0,1.0
2014,TEN,16,16,16,0,0,1.0,0.0,0.0
2014,WAS,16,16,16,0,0,1.0,0.0,0.0
2015,ARI,16,16,16,0,0,1.0,0.0,0.0
2015,ATL,16,16,0,16,0,1.0,0.0,1.0
2015,BAL,16,16,0,16,0,1.0,0.0,1.0
2015,BUF,16,16,0,16,0,1.0,0.0,1.0
2015,CAR,16,16,0,16,0,1.0,0.0,1.0
2015,CHI,16,16,0,16,0,1.0,0.0,1.0
2015,CIN,16,0,0,0,16,0.0,1.0,0.0
2015,CLE,16,0,0,0,16,0.0,1.0,0.0
2015,DAL,16,16,0,16,0,1.0,0.0,1.0
2015,DEN,16,16,16,0,0,1.0,0.0,0.0
2015,DET,16,16,0,16,0,1.0,0.0,1.0
2015,GB,16,16,3,13,0,1.0,0.0,0.8125
2015,HOU,16,16,0,16,0,1.0,0.0,1.0
2015,IND,16,16,0,16,0,1.0,0.0,1.0
2015,JAX,16,16,0,16,0,1.0,0.0,1.0
2015,KC,16,16,16,0,0,1.0,0.0,0.0
2015,LA,16,16,0,16,0,1.0,0.0,1.0
2015,LAC,16,16,0,16,0,1.0,0.0,1.0
2015,LV,16,16,0,16,0,1.0,0.0,1.0
2015,MIA,16,16,0,16,0,1.0,0.0,1.0
2015,MIN,16,16,0,16,0,1.0,0.0,1.0
2015,NE,16,16,0,16,0,1.0,0.0,1.0
2015,NO,16,16,16,0,0,1.0,0.0,0.0
2015,NYG,16,16,0,16,0,1.0,0.0,1.0
2015,NYJ,16,16,0,16,0,1.0,0.0,1.0
2015,PHI,16,16,15,1,0,1.0,0.0,0.0625
2015,PIT,16,16,0,16,0,1.0,0.0,1.0
2015,SEA,16,16,0,16,0,1.0,0.0,1.0
2015,SF,16,16,0,16,0,1.0,0.0,1.0
2015,TB,16,16,0,16,0,1.0,0.0,1.0
2015,TEN,16,16,7,9,0,1.0,0.0,0.5625
2015,WAS,16,16,0,16,0,1.0,0.0,1.0
2016,ARI,16,16,16,0,0,1.0,0.0,0.0
2016,ATL,16,16,0,16,0,1.0,0.0,1.0
2016,BAL,16,16,0,16,0,1.0,0.0,1.0
2016,BUF,16,16,1,15,0,1.0,0.0,0.9375
2016,CAR,16,16,0,16,0,1.0,0.0,1.0
2016,CHI,16,0,0,0,16,0.0,1.0,0.0
2016,CIN,16,0,0,0,16,0.0,1.0,0.0
2016,CLE,16,16,16,0,0,1.0,0.0,0.0
2016,DAL,16,16,0,16,0,1.0,0.0,1.0
2016,DEN,16,0,0,0,16,0.0,1.0,0.0
2016,DET,16,16,0,16,0,1.0,0.0,1.0
2016,GB,16,16,16,0,0,1.0,0.0,0.0
2016,HOU,16,16,13,3,0,1.0,0.0,0.1875
2016,IND,16,16,0,16,0,1.0,0.0,1.0
2016,JAX,16,16,0,16,0,1.0,0.0,1.0
2016,KC,16,16,16,0,0,1.0,0.0,0.0
2016,LA,16,16,0,16,0,1.0,0.0,1.0
2016,LAC,16,0,0,0,16,0.0,1.0,0.0
2016,LV,16,16,0,16,0,1.0,0.0,1.0
2016,MIA,16,16,16,0,0,1.0,0.0,0.0
2016,MIN,16,16,0,16,0,1.0,0.0,1.0
2016,NE,16,16,0,16,0,1.0,0.0,1.0
2016,NO,16,0,0,0,16,0.0,1.0,0.0
2016,NYG,16,16,16,0,0,1.0,0.0,0.0
2016,NYJ,16,16,0,16,0,1.0,0.0,1.0
2016,PHI,16,16,16,0,0,1.0,0.0,0.0
2016,PIT,16,16,0,16,0,1.0,0.0,1.0
2016,SEA,16,16,0,16,0,1.0,0.0,1.0
2016,SF,16,16,16,0,0,1.0,0.0,0.0
2016,TB,16,16,16,0,0,1.0,0.0,0.0
2016,TEN,16,16,0,16,0,1.0,0.0,1.0
2016,WAS,16,16,0,16,0,1.0,0.0,1.0
2017,ARI,16,16,16,0,0,1.0,0.0,0.0
2017,ATL,16,16,0,16,0,1.0,0.0,1.0
2017,BAL,16,16,0,16,0,1.0,0.0,1.0
2017,BUF,16,16,0,16,0,1.0,0.0,1.0
2017,CAR,16,16,0,16,0,1.0,0.0,1.0
2017,CHI,16,16,0,16,0,1.0,0.0,1.0
2017,CIN,16,16,0,16,0,1.0,0.0,1.0
2017,CLE,16,16,16,0,0,1.0,0.0,0.0
2017,DAL,16,16,0,16,0,1.0,0.0,1.0
2017,DEN,16,16,0,16,0,1.0,0.0,1.0
2017,DET,16,16,0,16,0,1.0,0.0,1.0
2017,GB,16,16,16,0,0,1.0,0.0,0.0
2017,HOU,16,16,16,0,0,1.0,0.0,0.0
2017,IND,16,16,0,16,0,1.0,0.0,1.0
2017,JAX,16,16,0,16,0,1.0,0.0,1.0
2017,KC,16,16,11,5,0,1.0,0.0,0.3125
2017,LA,16,16,16,0,0,1.0,0.0,0.0
2017,LAC,16,16,0,16,0,1.0,0.0,1.0
2017,LV,16,16,0,16,0,1.0,0.0,1.0
2017,MIA,16,16,16,0,0,1.0,0.0,0.0
2017,MIN,16,16,0,16,0,1.0,0.0,1.0
2017,NE,16,16,0,16,0,1.0,0.0,1.0
2017,NO,16,16,16,0,0,1.0,0.0,0.0
2017,NYG,16,16,5,11,0,1.0,0.0,0.6875
2017,NYJ,16,16,0,16,0,1.0,0.0,1.0
2017,PHI,16,16,16,0,0,1.0,0.0,0.0
2017,PIT,16,16,0,16,0,1.0,0.0,1.0
2017,SEA,16,16,0,16,0,1.0,0.0,1.0
2017,SF,16,16,16,0,0,1.0,0.0,0.0
2017,TB,16,16,16,0,0,1.0,0.0,0.0
2017,TEN,16,16,0,16,0,1.0,0.0,1.0
2017,WAS,16,16,16,0,0,1.0,0.0,0.0
2018,ARI,16,16,0,16,0,1.0,0.0,1.0
2018,ATL,16,16,0,16,0,1.0,0.0,1.0
2018,BAL,16,16,0,16,0,1.0,0.0,1.0
2018,BUF,16,16,0,16,0,1.0,0.0,1.0
2018,CAR,16,16,0,16,0,1.0,0.0,1.0
2018,CHI,16,16,16,0,0,1.0,0.0,0.0
2018,CIN,16,16,0,16,0,1.0,0.0,1.0
2018,CLE,16,16,0,16,0,1.0,0.0,1.0
2018,DAL,16,16,0,16,0,1.0,0.0,1.0
2018,DEN,16,16,0,16,0,1.0,0.0,1.0
2018,DET,16,16,0,16,0,1.0,0.0,1.0
2018,GB,16,16,12,4,0,1.0,0.0,0.25
2018,HOU,16,16,16,0,0,1.0,0.0,0.0
2018,IND,16,16,16,0,0,1.0,0.0,0.0
2018,JAX,16,16,0,16,0,1.0,0.0,1.0
2018,KC,16,16,16,0,0,1.0,0.0,0.0
2018,LA,16,16,16,0,0,1.0,0.0,0.0
2018,LAC,16,16,0,16,0,1.0,0.0,1.0
2018,LV,16,16,16,0,0,1.0,0.0,0.0
2018,MIA,16,16,16,0,0,1.0,0.0,0.0
2018,MIN,16,16,0,16,0,1.0,0.0,1.0
2018,NE,16,16,0,16,0,1.0,0.0,1.0
2018,NO,16,16,16,0,0,1.0,0.0,0.0
2018,NYG,16,16,16,0,0,1.0,0.0,0.0
2018,NYJ,16,16,0,16,0,1.0,0.0,1.0
2018,PHI,16,16,16,0,0,1.0,0.0,0.0
2018,PIT,16,16,0,16,0,1.0,0.0,1.0
2018,SEA,16,16,0,16,0,1.0,0.0,1.0
2018,SF,16,16,16,0,0,1.0,0.0,0.0
2018,TB,16,16,16,0,0,1.0,0.0,0.0
2018,TEN,16,16,0,16,0,1.0,0.0,1.0
2018,WAS,16,16,16,0,0,1.0,0.0,0.0
2019,ARI,16,0,0,0,16,0.0,1.0,0.0
2019,ATL,16,0,0,0,16,0.0,1.0,0.0
2019,BAL,16,0,0,0,16,0.0,1.0,0.0
2019,BUF,16,0,0,0,16,0.0,1.0,0.0
2019,CAR,16,16,0,16,0,1.0,0.0,1.0
2019,CHI,16,16,16,0,0,1.0,0.0,0.0
2019,CIN,16,16,16,0,0,1.0,0.0,0.0
2019,CLE,16,16,16,0,0,1.0,0.0,0.0
2019,DAL,16,16,0,16,0,1.0,0.0,1.0
2019,DEN,16,16,0,16,0,1.0,0.0,1.0
2019,DET,16,0,0,0,16,0.0,1.0,0.0
2019,GB,16,16,16,0,0,1.0,0.0,0.0
2019,HOU,16,16,16,0,0,1.0,0.0,0.0
2019,IND,16,16,16,0,0,1.0,0.0,0.0
2019,JAX,16,16,0,16,0,1.0,0.0,1.0
2019,KC,16,16,16,0,0,1.0,0.0,0.0
2019,LA,16,16,16,0,0,1.0,0.0,0.0
2019,LAC,16,16,0,16,0,1.0,0.0,1.0
2019,LV,16,16,16,0,0,1.0,0.0,0.0
2019,MIA,16,16,0,16,0,1.0,0.0,1.0
2019,MIN,16,16,0,16,0,1.0,0.0,1.0
2019,NE,16,0,0,0,16,0.0,1.0,0.0
2019,NO,16,0,0,0,16,0.0,1.0,0.0
2019,NYG,16,0,0,0,16,0.0,1.0,0.0
2019,NYJ,16,16,16,0,0,1.0,0.0,0.0
2019,PHI,16,16,16,0,0,1.0,0.0,0.0
2019,PIT,16,16,0,16,0,1.0,0.0,1.0
2019,SEA,16,16,0,16,0,1.0,0.0,1.0
2019,SF,16,16,16,0,0,1.0,0.0,0.0
2019,TB,16,16,0,16,0,1.0,0.0,1.0
2019,TEN,16,16,0,16,0,1.0,0.0,1.0
2019,WAS,16,16,5,11,0,1.0,0.0,0.6875
2020,ARI,16,16,16,0,0,1.0,0.0,0.0
2020,ATL,16,16,0,16,0,1.0,0.0,1.0
2020,BAL,16,16,0,16,0,1.0,0.0,1.0
2020,BUF,16,16,0,16,0,1.0,0.0,1.0
2020,CAR,16,16,0,16,0,1.0,0.0,1.0
2020,CHI,16,16,10,6,0,1.0,0.0,0.375
2020,CIN,16,16,16,0,0,1.0,0.0,0.0
2020,CLE,16,16,16,0,0,1.0,0.0,0.0
2020,DAL,16,16,0,16,0,1.0,0.0,1.0
2020,DEN,16,16,0,16,0,1.0,0.0,1.0
2020,DET,16,16,5,11,0,1.0,0.0,0.6875
2020,GB,16,16,16,0,0,1.0,0.0,0.0
2020,HOU,16,16,0,16,0,1.0,0.0,1.0
2020,IND,16,16,16,0,0,1.0,0.0,0.0
2020,JAX,16,16,0,16,0,1.0,0.0,1.0
2020,KC,16,16,16,0,0,1.0,0.0,0.0
2020,LA,16,16,16,0,0,1.0,0.0,0.0
2020,LAC,16,16,0,16,0,1.0,0.0,1.0
2020,LV,16,16,16,0,0,1.0,0.0,0.0
2020,MIA,16,16,0,16,0,1.0,0.0,1.0
2020,MIN,16,16,0,16,0,1.0,0.0,1.0
2020,NE,16,16,0,16,0,1.0,0.0,1.0
2020,NO,16,16,16,0,0,1.0,0.0,0.0
2020,NYG,16,16,0,16,0,1.0,0.0,1.0
2020,NYJ,16,16,16,0,0,1.0,0.0,0.0
2020,PHI,16,16,16,0,0,1.0,0.0,0.0
2020,PIT,16,16,0,16,0,1.0,0.0,1.0
2020,SEA,16,16,0,16,0,1.0,0.0,1.0
2020,SF,16,16,16,0,0,1.0,0.0,0.0
2020,TB,16,16,0,16,0,1.0,0.0,1.0
2020,TEN,16,16,0,16,0,1.0,0.0,1.0
2020,WAS,16,16,0,16,0,1.0,0.0,1.0
2021,ARI,17,17,17,0,0,1.0,0.0,0.0
2021,ATL,17,17,17,0,0,1.0,0.0,0.0
2021,BAL,17,17,0,17,0,1.0,0.0,1.0
2021,BUF,17,17,0,17,0,1.0,0.0,1.0
2021,CAR,17,17,0,17,0,1.0,0.0,1.0
2021,CHI,17,17,17,0,0,1.0,0.0,0.0
2021,CIN,17,17,17,0,0,1.0,0.0,0.0
2021,CLE,17,17,17,0,0,1.0,0.0,0.0
2021,DAL,17,17,0,17,0,1.0,0.0,1.0
2021,DEN,17,17,0,17,0,1.0,0.0,1.0
2021,DET,17,0,0,0,17,0.0,1.0,0.0
2021,GB,17,17,17,0,0,1.0,0.0,0.0
2021,HOU,17,17,0,17,0,1.0,0.0,1.0
2021,IND,17,17,17,0,0,1.0,0.0,0.0
2021,JAX,17,17,4,13,0,1.0,0.0,0.7647058823529411
2021,KC,17,17,17,0,0,1.0,0.0,0.0
2021,LA,17,17,17,0,0,1.0,0.0,0.0
2021,LAC,17,17,0,17,0,1.0,0.0,1.0
2021,LV,17,17,5,12,0,1.0,0.0,0.7058823529411765
2021,MIA,17,0,0,0,17,0.0,1.0,0.0
2021,MIN,17,17,0,17,0,1.0,0.0,1.0
2021,NE,17,17,0,17,0,1.0,0.0,1.0
2021,NO,17,17,17,0,0,1.0,0.0,0.0
2021,NYG,17,17,0,17,0,1.0,0.0,1.0
2021,NYJ,17,17,0,17,0,1.0,0.0,1.0
2021,PHI,17,17,17,0,0,1.0,0.0,0.0
2021,PIT,17,17,0,17,0,1.0,0.0,1.0
2021,SEA,17,17,0,17,0,1.0,0.0,1.0
2021,SF,17,17,17,0,0,1.0,0.0,0.0
2021,TB,17,17,0,17,0,1.0,0.0,1.0
2021,TEN,17,17,0,17,0,1.0,0.0,1.0
2021,WAS,17,17,0,17,0,1.0,0.0,1.0
2022,ARI,17,17,17,0,0,1.0,0.0,0.0
2022,ATL,17,17,17,0,0,1.0,0.0,0.0
2022,BAL,17,17,0,17,0,1.0,0.0,1.0
2022,BUF,16,16,0,16,0,1.0,0.0,1.0
2022,CAR,17,17,0,17,0,1.0,0.0,1.0
2022,CHI,17,17,0,17,0,1.0,0.0,1.0
2022,CIN,16,16,16,0,0,1.0,0.0,0.0
2022,CLE,17,17,17,0,0,1.0,0.0,0.0
2022,DAL,17,17,0,17,0,1.0,0.0,1.0
2022,DEN,17,17,15,2,0,1.0,0.0,0.11764705882352941
2022,DET,17,17,0,17,0,1.0,0.0,1.0
2022,GB,17,17,17,0,0,1.0,0.0,0.0
2022,HOU,17,17,0,17,0,1.0,0.0,1.0
2022,IND,17,17,9,8,0,1.0,0.0,0.47058823529411764
2022,JAX,17,17,17,0,0,1.0,0.0,0.0
2022,KC,17,17,17,0,0,1.0,0.0,0.0
2022,LA,17,17,17,0,0,1.0,0.0,0.0
2022,LAC,17,17,0,17,0,1.0,0.0,1.0
2022,LV,17,17,17,0,0,1.0,0.0,0.0
2022,MIA,17,17,17,0,0,1.0,0.0,0.0
2022,MIN,17,17,17,0,0,1.0,0.0,0.0
2022,NE,17,0,0,0,17,0.0,1.0,0.0
2022,NO,17,17,0,17,0,1.0,0.0,1.0
2022,NYG,17,17,0,17,0,1.0,0.0,1.0
2022,NYJ,17,17,0,17,0,1.0,0.0,1.0
2022,PHI,17,0,0,0,17,0.0,1.0,0.0
2022,PIT,17,17,0,17,0,1.0,0.0,1.0
2022,SEA,17,17,0,17,0,1.0,0.0,1.0
2022,SF,17,17,17,0,0,1.0,0.0,0.0
2022,TB,17,17,0,17,0,1.0,0.0,1.0
2022,TEN,17,17,0,17,0,1.0,0.0,1.0
2022,WAS,17,17,0,17,0,1.0,0.0,1.0
2023,ARI,17,17,0,17,0,1.0,0.0,1.0
2023,ATL,17,17,17,0,0,1.0,0.0,0.0
2023,BAL,17,17,0,17,0,1.0,0.0,1.0
2023,BUF,17,17,0,17,0,1.0,0.0,1.0
2023,CAR,17,17,11,6,0,1.0,0.0,0.35294117647058826
2023,CHI,17,17,0,17,0,1.0,0.0,1.0
2023,CIN,17,17,17,0,0,1.0,0.0,0.0
2023,CLE,17,17,17,0,0,1.0,0.0,0.0
2023,DAL,17,17,17,0,0,1.0,0.0,0.0
2023,DEN,17,17,17,0,0,1.0,0.0,0.0
2023,DET,17,17,0,17,0,1.0,0.0,1.0
2023,GB,17,17,17,0,0,1.0,0.0,0.0
2023,HOU,17,17,0,17,0,1.0,0.0,1.0
2023,IND,17,17,17,0,0,1.0,0.0,0.0
2023,JAX,17,17,17,0,0,1.0,0.0,0.0
2023,KC,17,17,17,0,0,1.0,0.0,0.0
2023,LA,17,17,17,0,0,1.0,0.0,0.0
2023,LAC,17,17,0,17,0,1.0,0.0,1.0
2023,LV,17,17,8,9,0,1.0,0.0,0.5294117647058824
2023,MIA,17,17,17,0,0,1.0,0.0,0.0
2023,MIN,17,17,17,0,0,1.0,0.0,0.0
2023,NE,17,17,0,17,0,1.0,0.0,1.0
2023,NO,17,17,0,17,0,1.0,0.0,1.0
2023,NYG,17,17,0,17,0,1.0,0.0,1.0
2023,NYJ,17,17,0,17,0,1.0,0.0,1.0
2023,PHI,17,17,0,17,0,1.0,0.0,1.0
2023,PIT,17,17,0,17,0,1.0,0.0,1.0
2023,SEA,17,17,0,17,0,1.0,0.0,1.0
2023,SF,17,17,17,0,0,1.0,0.0,0.0
2023,TB,17,17,0,17,0,1.0,0.0,1.0
2023,TEN,17,17,0,17,0,1.0,0.0,1.0
2023,WAS,17,17,0,17,0,1.0,0.0,1.0
2024,ARI,17,17,0,17,0,1.0,0.0,1.0
2024,ATL,17,17,0,17,0,1.0,0.0,1.0
2024,BAL,17,17,0,17,0,1.0,0.0,1.0
2024,BUF,17,17,0,17,0,1.0,0.0,1.0
2024,CAR,17,17,17,0,0,1.0,0.0,0.0
2024,CHI,17,17,0,17,0,1.0,0.0,1.0
2024,CIN,17,17,17,0,0,1.0,0.0,0.0
2024,CLE,17,17,17,0,0,1.0,0.0,0.0
2024,DAL,17,17,17,0,0,1.0,0.0,0.0
2024,DEN,17,17,17,0,0,1.0,0.0,0.0
2024,DET,17,17,0,17,0,1.0,0.0,1.0
2024,GB,17,17,17,0,0,1.0,0.0,0.0
2024,HOU,17,17,0,17,0,1.0,0.0,1.0
2024,IND,17,17,17,0,0,1.0,0.0,0.0
2024,JAX,17,17,0,17,0,1.0,0.0,1.0
2024,KC,17,17,17,0,0,1.0,0.0,0.0
2024,LA,17,17,17,0,0,1.0,0.0,0.0
2024,LAC,17,17,0,17,0,1.0,0.0,1.0
2024,LV,17,17,0,17,0,1.0,0.0,1.0
2024,MIA,17,17,17,0,0,1.0,0.0,0.0
2024,MIN,17,17,17,0,0,1.0,0.0,0.0
2024,NE,17,17,0,17,0,1.0,0.0,1.0
2024,NO,17,17,0,17,0,1.0,0.0,1.0
2024,NYG,17,17,17,0,0,1.0,0.0,0.0
2024,NYJ,17,17,0,17,0,1.0,0.0,1.0
2024,PHI,17,17,0,17,0,1.0,0.0,1.0
2024,PIT,17,17,0,17,0,1.0,0.0,1.0
2024,SEA,17,17,0,17,0,1.0,0.0,1.0
2024,SF,17,17,17,0,0,1.0,0.0,0.0
2024,TB,17,17,0,17,0,1.0,0.0,1.0
2024,TEN,17,17,17,0,0,1.0,0.0,0.0
2024,WAS,17,17,0,17,0,1.0,0.0,1.0
2025,ARI,17,17,0,17,0,1.0,0.0,1.0
2025,ATL,17,17,0,17,0,1.0,0.0,1.0
2025,BAL,17,17,0,17,0,1.0,0.0,1.0
2025,BUF,17,17,0,17,0,1.0,0.0,1.0
2025,CAR,17,17,17,0,0,1.0,0.0,0.0
2025,CHI,17,17,17,0,0,1.0,0.0,0.0
2025,CIN,17,17,17,0,0,1.0,0.0,0.0
2025,CLE,17,17,17,0,0,1.0,0.0,0.0
2025,DAL,17,17,17,0,0,1.0,0.0,0.0
2025,DEN,17,17,17,0,0,1.0,0.0,0.0
2025,DET,17,17,0,17,0,1.0,0.0,1.0
2025,GB,17,17,17,0,0,1.0,0.0,0.0
2025,HOU,17,17,0,17,0,1.0,0.0,1.0
2025,IND,17,17,17,0,0,1.0,0.0,0.0
2025,JAX,17,17,17,0,0,1.0,0.0,0.0
2025,KC,17,17,17,0,0,1.0,0.0,0.0
2025,LA,17,17,17,0,0,1.0,0.0,0.0
2025,LAC,17,17,0,17,0,1.0,0.0,1.0
2025,LV,17,17,0,17,0,1.0,0.0,1.0
2025,MIA,17,17,17,0,0,1.0,0.0,0.0
2025,MIN,17,17,17,0,0,1.0,0.0,0.0
2025,NE,17,17,0,17,0,1.0,0.0,1.0
2025,NO,17,17,17,0,0,1.0,0.0,0.0
2025,NYG,17,17,0,17,0,1.0,0.0,1.0
2025,NYJ,17,17,0,17,0,1.0,0.0,1.0
2025,PHI,17,17,0,17,0,1.0,0.0,1.0
2025,PIT,17,17,0,17,0,1.0,0.0,1.0
2025,SEA,17,17,0,17,0,1.0,0.0,1.0
2025,SF,17,17,17,0,0,1.0,0.0,0.0
2025,TB,17,17,0,17,0,1.0,0.0,1.0
2025,TEN,17,17,17,0,0,1.0,0.0,0.0
2025,WAS,17,17,0,17,0,1.0,0.0,1.0
2026,ARI,17,17,0,17,0,1.0,0.0,1.0
2026,ATL,17,17,0,17,0,1.0,0.0,1.0
2026,BAL,17,17,0,17,0,1.0,0.0,1.0
2026,BUF,17,17,0,17,0,1.0,0.0,1.0
2026,CAR,17,17,17,0,0,1.0,0.0,0.0
2026,CHI,17,17,17,0,0,1.0,0.0,0.0
2026,CIN,17,17,17,0,0,1.0,0.0,0.0
2026,CLE,17,17,17,0,0,1.0,0.0,0.0
2026,DAL,17,17,17,0,0,1.0,0.0,0.0
2026,DEN,17,17,17,0,0,1.0,0.0,0.0
2026,DET,17,17,0,17,0,1.0,0.0,1.0
2026,GB,17,17,17,0,0,1.0,0.0,0.0
2026,HOU,17,17,0,17,0,1.0,0.0,1.0
2026,IND,17,17,17,0,0,1.0,0.0,0.0
2026,JAX,17,17,17,0,0,1.0,0.0,0.0
2026,KC,17,17,17,0,0,1.0,0.0,0.0
2026,LA,17,17,17,0,0,1.0,0.0,0.0
2026,LAC,17,17,0,17,0,1.0,0.0,1.0
2026,LV,17,17,0,17,0,1.0,0.0,1.0
2026,MIA,17,17,0,17,0,1.0,0.0,1.0
2026,MIN,17,17,17,0,0,1.0,0.0,0.0
2026,NE,17,17,0,17,0,1.0,0.0,1.0
2026,NO,17,17,17,0,0,1.0,0.0,0.0
2026,NYG,17,17,0,17,0,1.0,0.0,1.0
2026,NYJ,17,17,0,17,0,1.0,0.0,1.0
2026,PHI,17,17,0,17,0,1.0,0.0,1.0
2026,PIT,17,17,17,0,0,1.0,0.0,0.0
2026,SEA,17,17,0,17,0,1.0,0.0,1.0
2026,SF,17,17,17,0,0,1.0,0.0,0.0
2026,TB,17,17,0,17,0,1.0,0.0,1.0
2026,TEN,17,17,0,17,0,1.0,0.0,1.0
2026,WAS,17,17,0,17,0,1.0,0.0,1.0
