season,team,wiki_article,nominal_oc,oc_candidates,n_oc_named,oc_status,oc_raw,actual_play_caller,play_caller_status,hc_is_playcaller
2013,ARI,2013 Arizona Cardinals season,Harold Goodwin,Harold Goodwin,1,named,* Offensive coordinator/offensive line – [[Harold Goodwin (American football),,unknown_no_source,
2013,ATL,2013 Atlanta Falcons season,Dirk Koetter,Dirk Koetter,1,named,* Offensive coordinator – [[Dirk Koetter,,unknown_no_source,
2013,BAL,2013 Baltimore Ravens season,Jim Caldwell,Jim Caldwell,1,named,* Offensive coordinator – [[Jim Caldwell (American football),,unknown_no_source,
2013,BUF,2013 Buffalo Bills season,Nathaniel Hackett,Nathaniel Hackett,1,named,*Offensive coordinator – [[Nathaniel Hackett,,unknown_no_source,
2013,CAR,2013 Carolina Panthers season,Mike Shula,Mike Shula,1,named,* Offensive coordinator – [[Mike Shula,,unknown_no_source,
2013,CHI,2013 Chicago Bears season,Aaron Kromer,Aaron Kromer,1,named,* Offensive coordinator/offensive line – [[Aaron Kromer,,unknown_no_source,
2013,CIN,2013 Cincinnati Bengals season,Jay Gruden,Jay Gruden,1,named,* Offensive coordinator – [[Jay Gruden,,unknown_no_source,
2013,CLE,2013 Cleveland Browns season,Norv Turner,Norv Turner,1,named,* Offensive coordinator – [[Norv Turner,,unknown_no_source,
2013,DAL,2013 Dallas Cowboys season,Bill Callahan,Bill Callahan,1,named,*Offensive coordinator/offensive line – [[Bill Callahan (American football coach),,unknown_no_source,
2013,DEN,2013 Denver Broncos season,Adam Gase,Adam Gase,1,named,* Offensive coordinator – [[Adam Gase,,unknown_no_source,
2013,DET,2013 Detroit Lions season,Scott Linehan,Scott Linehan,1,named,*Offensive coordinator – [[Scott Linehan,,unknown_no_source,
2013,GB,2013 Green Bay Packers season,Tom Clements,Tom Clements,1,named,* Offensive coordinator – [[Tom Clements,,unknown_no_source,
2013,HOU,2013 Houston Texans season,Rick Dennison,Rick Dennison,1,named,* Offensive coordinator – [[Rick Dennison,,unknown_no_source,
2013,IND,2013 Indianapolis Colts season,Pep Hamilton,Pep Hamilton,1,named,*Offensive coordinator – [[Pep Hamilton,,unknown_no_source,
2013,JAX,2013 Jacksonville Jaguars season,Jedd Fisch,Jedd Fisch,1,named,* Offensive coordinator – [[Jedd Fisch,,unknown_no_source,
2013,KC,2013 Kansas City Chiefs season,Doug Pederson,Doug Pederson,1,named,* Offensive coordinator – [[Doug Pederson,,unknown_no_source,
2013,LA,2013 St. Louis Rams season,Brian Schottenheimer,Brian Schottenheimer,1,named,* Offensive coordinator – [[Brian Schottenheimer,,unknown_no_source,
2013,LAC,2013 San Diego Chargers season,Ken Whisenhunt,Ken Whisenhunt,1,named,* Offensive coordinator – [[Ken Whisenhunt,,unknown_no_source,
2013,LV,2013 Oakland Raiders season,Greg Olson,Greg Olson,1,named,* Offensive coordinator – [[Greg Olson (American football),,unknown_no_source,
2013,MIA,2013 Miami Dolphins season,Mike Sherman,Mike Sherman,1,named,* Offensive coordinator – [[Mike Sherman,,unknown_no_source,
2013,MIN,2013 Minnesota Vikings season,Bill Musgrave,Bill Musgrave,1,named,* Offensive coordinator – [[Bill Musgrave,,unknown_no_source,
2013,NE,2013 New England Patriots season,Josh McDaniels,Josh McDaniels,1,named,* Offensive coordinator/quarterbacks – [[Josh McDaniels,,unknown_no_source,
2013,NO,2013 New Orleans Saints season,"Pete Carmichael, Jr.","Pete Carmichael, Jr.",1,named,"* Offensive coordinator – [[Pete Carmichael, Jr.",,unknown_no_source,
2013,NYG,2013 New York Giants season,Kevin Gilbride,Kevin Gilbride,1,named,* Offensive coordinator – [[Kevin Gilbride,,unknown_no_source,
2013,NYJ,2013 New York Jets season,,Ledger|Marty Mornhinweg,2,ambiguous_multi,"*Offensive coordinator [[Tony Sparano]] was fired on January 7, 2013.<ref>{{cite news|title=Tony Sparano fired as Jets offensive coordinator, report says |url=h",,unknown_no_source,
2013,PHI,2013 Philadelphia Eagles season,Pat Shurmur,Pat Shurmur,1,named,* Offensive coordinator – [[Pat Shurmur,,unknown_no_source,
2013,PIT,2013 Pittsburgh Steelers season,Todd Haley,Todd Haley,1,named,* Offensive coordinator – [[Todd Haley,,unknown_no_source,
2013,SEA,2013 Seattle Seahawks season,Darrell Bevell,Darrell Bevell,1,named,*Offensive coordinator – [[Darrell Bevell,,unknown_no_source,
2013,SF,2013 San Francisco 49ers season,Greg Roman,Greg Roman,1,named,* Offensive coordinator – [[Greg Roman,,unknown_no_source,
2013,TB,2013 Tampa Bay Buccaneers season,Mike Sullivan,Mike Sullivan,1,named,* Offensive coordinator – [[Mike Sullivan (American football coach),,unknown_no_source,
2013,TEN,2013 Tennessee Titans season,Dowell Loggains,Dowell Loggains,1,named,* Offensive coordinator – [[Dowell Loggains,,unknown_no_source,
2013,WAS,2013 Washington Redskins season,Kyle Shanahan,Kyle Shanahan,1,named,* Offensive coordinator – [[Kyle Shanahan,,unknown_no_source,
2014,ARI,2014 Arizona Cardinals season,Harold Goodwin,Harold Goodwin,1,named,* Offensive coordinator/offensive line – [[Harold Goodwin (American football),,unknown_no_source,
2014,ATL,2014 Atlanta Falcons season,Dirk Koetter,Dirk Koetter,1,named,* Offensive coordinator – [[Dirk Koetter,,unknown_no_source,
2014,BAL,2014 Baltimore Ravens season,Gary Kubiak,Gary Kubiak,1,named,* Offensive coordinator – [[Gary Kubiak,,unknown_no_source,
2014,BUF,2014 Buffalo Bills season,Nathaniel Hackett,Nathaniel Hackett,1,named,*Offensive coordinator – [[Nathaniel Hackett,,unknown_no_source,
2014,CAR,2014 Carolina Panthers season,Mike Shula,Mike Shula,1,named,* Offensive coordinator – [[Mike Shula,,unknown_no_source,
2014,CHI,2014 Chicago Bears season,Aaron Kromer,Aaron Kromer,1,named,* Offensive coordinator – [[Aaron Kromer,,unknown_no_source,
2014,CIN,2014 Cincinnati Bengals season,Hue Jackson,Hue Jackson,1,named,* Offensive coordinator – [[Hue Jackson,,unknown_no_source,
2014,CLE,2014 Cleveland Browns season,Kyle Shanahan,Kyle Shanahan,1,named,* Offensive coordinator – [[Kyle Shanahan,,unknown_no_source,
2014,DAL,2014 Dallas Cowboys season,,,0,none_listed,,,unknown_no_source,
2014,DEN,2014 Denver Broncos season,Adam Gase,Adam Gase,1,named,* Offensive coordinator – [[Adam Gase,,unknown_no_source,
2014,DET,2014 Detroit Lions season,Joe Lombardi,Joe Lombardi,1,named,*Offensive coordinator – [[Joe Lombardi (American football),,unknown_no_source,
2014,GB,2014 Green Bay Packers season,Tom Clements,Tom Clements,1,named,* Offensive coordinator – [[Tom Clements,,unknown_no_source,
2014,HOU,2014 Houston Texans season,,,0,none_listed,,,unknown_no_source,
2014,IND,2014 Indianapolis Colts season,Pep Hamilton,Pep Hamilton,1,named,* Offensive coordinator – [[Pep Hamilton,,unknown_no_source,
2014,JAX,2014 Jacksonville Jaguars season,Jedd Fisch,Jedd Fisch,1,named,*Offensive coordinator – [[Jedd Fisch,,unknown_no_source,
2014,KC,2014 Kansas City Chiefs season,Doug Pederson,Doug Pederson,1,named,* Offensive coordinator – [[Doug Pederson,,unknown_no_source,
2014,LA,2014 St. Louis Rams season,Brian Schottenheimer,Brian Schottenheimer,1,named,* Offensive coordinator – [[Brian Schottenheimer,,unknown_no_source,
2014,LAC,2014 San Diego Chargers season,Frank Reich,Frank Reich,1,named,* Offensive coordinator – [[Frank Reich,,unknown_no_source,
2014,LV,2014 Oakland Raiders season,Greg Olson,Greg Olson,1,named,* Offensive coordinator – [[Greg Olson (American football),,unknown_no_source,
2014,MIA,2014 Miami Dolphins season,Bill Lazor,Bill Lazor,1,named,* Offensive coordinator – [[Bill Lazor,,unknown_no_source,
2014,MIN,2014 Minnesota Vikings season,Norv Turner,Norv Turner,1,named,* Offensive coordinator – [[Norv Turner,,unknown_no_source,
2014,NE,2014 New England Patriots season,Josh McDaniels,Josh McDaniels,1,named,* Offensive coordinator/quarterbacks – [[Josh McDaniels,,unknown_no_source,
2014,NO,2014 New Orleans Saints season,"Pete Carmichael, Jr.","Pete Carmichael, Jr.",1,named,"* Offensive coordinator – [[Pete Carmichael, Jr.",,unknown_no_source,
2014,NYG,2014 New York Giants season,Ben McAdoo,Ben McAdoo,1,named,* Offensive coordinator – [[Ben McAdoo,,unknown_no_source,
2014,NYJ,2014 New York Jets season,Marty Mornhinweg,Marty Mornhinweg,1,named,* Offensive coordinator – [[Marty Mornhinweg,,unknown_no_source,
2014,PHI,2014 Philadelphia Eagles season,Pat Shurmur,Pat Shurmur,1,named,* Offensive coordinator – [[Pat Shurmur,,unknown_no_source,
2014,PIT,2014 Pittsburgh Steelers season,Todd Haley,Todd Haley,1,named,* Offensive coordinator – [[Todd Haley,,unknown_no_source,
2014,SEA,2014 Seattle Seahawks season,Darrell Bevell,Darrell Bevell,1,named,* Offensive coordinator – [[Darrell Bevell,,unknown_no_source,
2014,SF,2014 San Francisco 49ers season,Greg Roman,Greg Roman,1,named,* Offensive coordinator – [[Greg Roman,,unknown_no_source,
2014,TB,2014 Tampa Bay Buccaneers season,Jeff Tedford,Jeff Tedford,1,named,* Offensive coordinator – [[Jeff Tedford,,unknown_no_source,
2014,TEN,2014 Tennessee Titans season,Jason Michael,Jason Michael,1,named,* Offensive coordinator – [[Jason Michael,,unknown_no_source,
2014,WAS,2014 Washington Redskins season,Sean McVay,Sean McVay,1,named,* Offensive coordinator — [[Sean McVay,,unknown_no_source,
2015,ARI,2015 Arizona Cardinals season,Harold Goodwin,Harold Goodwin,1,named,* Offensive coordinator/offensive line – [[Harold Goodwin (American football),,unknown_no_source,
2015,ATL,2015 Atlanta Falcons season,Kyle Shanahan,Kyle Shanahan,1,named,* Offensive coordinator – [[Kyle Shanahan,,unknown_no_source,
2015,BAL,2015 Baltimore Ravens season,Marc Trestman,Marc Trestman,1,named,* Offensive coordinator – [[Marc Trestman,,unknown_no_source,
2015,BUF,2015 Buffalo Bills season,Greg Roman,Greg Roman,1,named,* Offensive coordinator – [[Greg Roman,,unknown_no_source,
2015,CAR,2015 Carolina Panthers season,Mike Shula,Mike Shula,1,named,* Offensive coordinator – [[Mike Shula,,unknown_no_source,
2015,CHI,2015 Chicago Bears season,Adam Gase,Adam Gase,1,named,* Offensive coordinator – [[Adam Gase,,unknown_no_source,
2015,CIN,2015 Cincinnati Bengals season,Hue Jackson,Hue Jackson,1,named,* Offensive coordinator – [[Hue Jackson,,unknown_no_source,
2015,CLE,2015 Cleveland Browns season,John DeFilippo,John DeFilippo,1,named,* Offensive coordinator – [[John DeFilippo,,unknown_no_source,
2015,DAL,2015 Dallas Cowboys season,Scott Linehan,Scott Linehan,1,named,*Offensive coordinator – [[Scott Linehan,,unknown_no_source,
2015,DEN,2015 Denver Broncos season,Rick Dennison,Rick Dennison,1,named,* Offensive coordinator – [[Rick Dennison,,unknown_no_source,
2015,DET,2015 Detroit Lions season,Joe Lombardi,Joe Lombardi,1,named,* Offensive coordinator – [[Joe Lombardi,,unknown_no_source,
2015,GB,2015 Green Bay Packers season,Edgar Bennett,Edgar Bennett,1,named,* Offensive coordinator – [[Edgar Bennett,,unknown_no_source,
2015,HOU,2015 Houston Texans season,George Godsey,George Godsey,1,named,* Offensive coordinator – [[George Godsey,,unknown_no_source,
2015,IND,2015 Indianapolis Colts season,,,0,none_listed,,,unknown_no_source,
2015,JAX,2015 Jacksonville Jaguars season,Greg Olson,Greg Olson,1,named,*Offensive coordinator – [[Greg Olson (American football),,unknown_no_source,
2015,KC,2015 Kansas City Chiefs season,Doug Pederson,Doug Pederson,1,named,* Offensive coordinator – [[Doug Pederson,,unknown_no_source,
2015,LA,2015 St. Louis Rams season,Rob Boras,Rob Boras,1,named,* Offensive coordinator – [[Rob Boras,,unknown_no_source,
2015,LAC,2015 San Diego Chargers season,Frank Reich,Frank Reich,1,named,* Offensive coordinator – [[Frank Reich,,unknown_no_source,
2015,LV,2015 Oakland Raiders season,Bill Musgrave,Bill Musgrave,1,named,* Offensive coordinator – [[Bill Musgrave,,unknown_no_source,
2015,MIA,2015 Miami Dolphins season,Zac Taylor,Zac Taylor,1,named,* Offensive coordinator/quarterbacks – [[Zac Taylor,,unknown_no_source,
2015,MIN,2015 Minnesota Vikings season,Norv Turner,Norv Turner,1,named,* Offensive coordinator – [[Norv Turner,,unknown_no_source,
2015,NE,2015 New England Patriots season,Josh McDaniels,Josh McDaniels,1,named,*Offensive coordinator/quarterbacks – [[Josh McDaniels,,unknown_no_source,
2015,NO,2015 New Orleans Saints season,"Pete Carmichael, Jr.","Pete Carmichael, Jr.",1,named,"* Offensive coordinator – [[Pete Carmichael, Jr.",,unknown_no_source,
2015,NYG,2015 New York Giants season,Ben McAdoo,Ben McAdoo,1,named,* Offensive coordinator – [[Ben McAdoo,,unknown_no_source,
2015,NYJ,2015 New York Jets season,Chan Gailey,Chan Gailey,1,named,* Offensive coordinator – [[Chan Gailey,,unknown_no_source,
2015,PHI,2015 Philadelphia Eagles season,,,0,none_listed,,,unknown_no_source,
2015,PIT,2015 Pittsburgh Steelers season,Todd Haley,Todd Haley,1,named,* Offensive coordinator – [[Todd Haley,,unknown_no_source,
2015,SEA,2015 Seattle Seahawks season,Darrell Bevell,Darrell Bevell,1,named,* Offensive coordinator – [[Darrell Bevell,,unknown_no_source,
2015,SF,2015 San Francisco 49ers season,Geep Chryst,Geep Chryst,1,named,* Offensive coordinator – [[Geep Chryst,,unknown_no_source,
2015,TB,2015 Tampa Bay Buccaneers season,Dirk Koetter,Dirk Koetter,1,named,* Offensive coordinator – [[Dirk Koetter,,unknown_no_source,
2015,TEN,2015 Tennessee Titans season,Jason Michael,Jason Michael,1,named,* Offensive coordinator – [[Jason Michael,,unknown_no_source,
2015,WAS,2015 Washington Redskins season,Sean McVay,Sean McVay,1,named,* Offensive coordinator – [[Sean McVay,,unknown_no_source,
2016,ARI,2016 Arizona Cardinals season,Harold Goodwin,Harold Goodwin,1,named,* Offensive coordinator/offensive line – [[Harold Goodwin (American football),,unknown_no_source,
2016,ATL,2016 Atlanta Falcons season,Kyle Shanahan,Kyle Shanahan,1,named,* Offensive coordinator – [[Kyle Shanahan,,unknown_no_source,
2016,BAL,2016 Baltimore Ravens season,Marc Trestman,Marc Trestman,1,named,* Offensive coordinator – [[Marc Trestman,,unknown_no_source,
2016,BUF,2016 Buffalo Bills season,,,0,none_listed,,,unknown_no_source,
2016,CAR,2016 Carolina Panthers season,Mike Shula,Mike Shula,1,named,* Offensive coordinator – [[Mike Shula,,unknown_no_source,
2016,CHI,2016 Chicago Bears season,Dowell Loggains,Dowell Loggains,1,named,* Offensive coordinator – [[Dowell Loggains,,unknown_no_source,
2016,CIN,2016 Cincinnati Bengals season,Ken Zampese,Ken Zampese,1,named,* Offensive coordinator – [[Ken Zampese,,unknown_no_source,
2016,CLE,2016 Cleveland Browns season,,,0,none_listed,,,unknown_no_source,
2016,DAL,2016 Dallas Cowboys season,Scott Linehan,Scott Linehan,1,named,*Offensive coordinator – [[Scott Linehan,,unknown_no_source,
2016,DEN,2016 Denver Broncos season,Rick Dennison,Rick Dennison,1,named,* Offensive coordinator – [[Rick Dennison,,unknown_no_source,
2016,DET,2016 Detroit Lions season,Jim Bob Cooter,Jim Bob Cooter,1,named,* Offensive coordinator – [[Jim Bob Cooter,,unknown_no_source,
2016,GB,2016 Green Bay Packers season,Edgar Bennett,Edgar Bennett,1,named,* Offensive coordinator – [[Edgar Bennett,,unknown_no_source,
2016,HOU,2016 Houston Texans season,George Godsey,George Godsey,1,named,* Offensive coordinator – [[George Godsey,,unknown_no_source,
2016,IND,2016 Indianapolis Colts season,Rob Chudzinski,Rob Chudzinski,1,named,* Offensive coordinator – [[Rob Chudzinski,,unknown_no_source,
2016,JAX,2016 Jacksonville Jaguars season,Greg Olson,Greg Olson,1,named,*Offensive coordinator – [[Greg Olson (American football),,unknown_no_source,
2016,KC,2016 Kansas City Chiefs season,,Brad Childress|Matt Nagy,2,ambiguous_multi,* Co-offensive coordinator – [[Brad Childress,,unknown_no_source,
2016,LA,2016 Los Angeles Rams season,,,0,none_listed,,,unknown_no_source,
2016,LAC,2016 San Diego Chargers season,Ken Whisenhunt,Ken Whisenhunt,1,named,* Offensive coordinator – [[Ken Whisenhunt,,unknown_no_source,
2016,LV,2016 Oakland Raiders season,Bill Musgrave,Bill Musgrave,1,named,* Offensive coordinator – [[Bill Musgrave,,unknown_no_source,
2016,MIA,2016 Miami Dolphins season,Clyde Christensen,Clyde Christensen,1,named,* Offensive coordinator – [[Clyde Christensen,,unknown_no_source,
2016,MIN,2016 Minnesota Vikings season,,Norv Turner|17)/tight ends – [[Pat Shurmur,2,ambiguous_multi,* Offensive Coordinator (through week 8) – [[Norv Turner,,unknown_no_source,
2016,NE,2016 New England Patriots season,Josh McDaniels,Josh McDaniels,1,named,* Offensive coordinator/quarterbacks – [[Josh McDaniels,,unknown_no_source,
2016,NO,2016 New Orleans Saints season,Pete Carmichael Jr.,Pete Carmichael Jr.,1,named,* Offensive coordinator – [[Pete Carmichael Jr.,,unknown_no_source,
2016,NYG,2016 New York Giants season,Mike Sullivan,Mike Sullivan,1,named,* Offensive coordinator – [[Mike Sullivan (American football coach),,unknown_no_source,
2016,NYJ,2016 New York Jets season,Chan Gailey,Chan Gailey,1,named,* Offensive coordinator – [[Chan Gailey,,unknown_no_source,
2016,PHI,2016 Philadelphia Eagles season,Frank Reich,Frank Reich,1,named,* Offensive coordinator – [[Frank Reich,,unknown_no_source,
2016,PIT,2016 Pittsburgh Steelers season,Todd Haley,Todd Haley,1,named,* Offensive coordinator – [[Todd Haley,,unknown_no_source,
2016,SEA,2016 Seattle Seahawks season,Darrell Bevell,Darrell Bevell,1,named,* Offensive coordinator – [[Darrell Bevell,,unknown_no_source,
2016,SF,2016 San Francisco 49ers season,Curtis Modkins,Curtis Modkins,1,named,* Offensive coordinator – [[Curtis Modkins,,unknown_no_source,
2016,TB,2016 Tampa Bay Buccaneers season,Todd Monken,Todd Monken,1,named,* Offensive coordinator/wide receivers – [[Todd Monken,,unknown_no_source,
2016,TEN,2016 Tennessee Titans season,Terry Robiskie,Terry Robiskie,1,named,* Offensive coordinator – [[Terry Robiskie,,unknown_no_source,
2016,WAS,2016 Washington Redskins season,Sean McVay,Sean McVay,1,named,* Offensive coordinator – [[Sean McVay,,unknown_no_source,
2017,ARI,2017 Arizona Cardinals season,Harold Goodwin,Harold Goodwin,1,named,* Offensive coordinator/offensive line – [[Harold Goodwin (American football),,unknown_no_source,
2017,ATL,2017 Atlanta Falcons season,Steve Sarkisian,Steve Sarkisian,1,named,* Offensive coordinator – [[Steve Sarkisian,,unknown_no_source,
2017,BAL,2017 Baltimore Ravens season,Marty Mornhinweg,Marty Mornhinweg,1,named,* Offensive coordinator/quarterbacks – [[Marty Mornhinweg,,unknown_no_source,
2017,BUF,2017 Buffalo Bills season,Rick Dennison,Rick Dennison,1,named,* Offensive coordinator – [[Rick Dennison,,unknown_no_source,
2017,CAR,2017 Carolina Panthers season,Mike Shula,Mike Shula,1,named,* Offensive coordinator – [[Mike Shula,,unknown_no_source,
2017,CHI,2017 Chicago Bears season,Dowell Loggains,Dowell Loggains,1,named,* Offensive coordinator – [[Dowell Loggains,,unknown_no_source,
2017,CIN,2017 Cincinnati Bengals season,Ken Zampese,Ken Zampese,1,named,* Offensive coordinator – [[Ken Zampese,,unknown_no_source,
2017,CLE,2017 Cleveland Browns season,,,0,none_listed,,,unknown_no_source,
2017,DAL,2017 Dallas Cowboys season,Scott Linehan,Scott Linehan,1,named,*Offensive coordinator – [[Scott Linehan,,unknown_no_source,
2017,DEN,2017 Denver Broncos season,Mike McCoy,Mike McCoy,1,named,* Offensive coordinator – [[Mike McCoy (American football coach),,unknown_no_source,
2017,DET,2017 Detroit Lions season,Jim Bob Cooter,Jim Bob Cooter,1,named,* Offensive coordinator – [[Jim Bob Cooter,,unknown_no_source,
2017,GB,2017 Green Bay Packers season,Edgar Bennett,Edgar Bennett,1,named,* Offensive coordinator – [[Edgar Bennett,,unknown_no_source,
2017,HOU,2017 Houston Texans season,,,0,none_listed,,,unknown_no_source,
2017,IND,2017 Indianapolis Colts season,Rob Chudzinski,Rob Chudzinski,1,named,* Offensive coordinator – [[Rob Chudzinski,,unknown_no_source,
2017,JAX,2017 Jacksonville Jaguars season,Nathaniel Hackett,Nathaniel Hackett,1,named,* Offensive coordinator – [[Nathaniel Hackett,,unknown_no_source,
2017,KC,2017 Kansas City Chiefs season,Matt Nagy,Matt Nagy,1,named,* Offensive coordinator – [[Matt Nagy,,unknown_no_source,
2017,LA,2017 Los Angeles Rams season,Matt LaFleur,Matt LaFleur,1,named,* Offensive coordinator – [[Matt LaFleur,,unknown_no_source,
2017,LAC,2017 Los Angeles Chargers season,Ken Whisenhunt,Ken Whisenhunt,1,named,* Offensive coordinator – [[Ken Whisenhunt,,unknown_no_source,
2017,LV,2017 Oakland Raiders season,Todd Downing,Todd Downing,1,named,* Offensive coordinator – [[Todd Downing,,unknown_no_source,
2017,MIA,2017 Miami Dolphins season,Clyde Christensen,Clyde Christensen,1,named,* Offensive coordinator – [[Clyde Christensen,,unknown_no_source,
2017,MIN,2017 Minnesota Vikings season,Pat Shurmur,Pat Shurmur,1,named,*Offensive coordinator – [[Pat Shurmur,,unknown_no_source,
2017,NE,2017 New England Patriots season,Josh McDaniels,Josh McDaniels,1,named,* Offensive coordinator/quarterbacks – [[Josh McDaniels,,unknown_no_source,
2017,NO,2017 New Orleans Saints season,Pete Carmichael Jr.,Pete Carmichael Jr.,1,named,* Offensive coordinator – [[Pete Carmichael Jr.,,unknown_no_source,
2017,NYG,2017 New York Giants season,Mike Sullivan,Mike Sullivan,1,named,* Offensive coordinator – [[Mike Sullivan (American football coach),,unknown_no_source,
2017,NYJ,2017 New York Jets season,John Morton,John Morton,1,named,* Offensive coordinator – [[John Morton (American football),,unknown_no_source,
2017,PHI,2017 Philadelphia Eagles season,Frank Reich,Frank Reich,1,named,* Offensive coordinator – [[Frank Reich,,unknown_no_source,
2017,PIT,2017 Pittsburgh Steelers season,Todd Haley,Todd Haley,1,named,* Offensive coordinator – [[Todd Haley,,unknown_no_source,
2017,SEA,2017 Seattle Seahawks season,Darrell Bevell,Darrell Bevell,1,named,* Offensive coordinator – [[Darrell Bevell,,unknown_no_source,
2017,SF,2017 San Francisco 49ers season,,,0,none_listed,,,unknown_no_source,
2017,TB,2017 Tampa Bay Buccaneers season,Todd Monken,Todd Monken,1,named,* Offensive coordinator/wide receivers – [[Todd Monken,,unknown_no_source,
2017,TEN,2017 Tennessee Titans season,Terry Robiskie,Terry Robiskie,1,named,* Offensive coordinator – [[Terry Robiskie,,unknown_no_source,
2017,WAS,2017 Washington Redskins season,Matt Cavanaugh,Matt Cavanaugh,1,named,* Offensive coordinator – [[Matt Cavanaugh,,unknown_no_source,
2018,ARI,2018 Arizona Cardinals season,Mike McCoy,Mike McCoy,1,named,* Offensive coordinator – [[Mike McCoy (American football coach),,unknown_no_source,
2018,ATL,2018 Atlanta Falcons season,Steve Sarkisian,Steve Sarkisian,1,named,*Offensive coordinator – [[Steve Sarkisian,,unknown_no_source,
2018,BAL,2018 Baltimore Ravens season,Marty Mornhinweg,Marty Mornhinweg,1,named,* Offensive coordinator – [[Marty Mornhinweg,,unknown_no_source,
2018,BUF,2018 Buffalo Bills season,Brian Daboll,Brian Daboll,1,named,*Offensive coordinator – [[Brian Daboll,,unknown_no_source,
2018,CAR,2018 Carolina Panthers season,Norv Turner,Norv Turner,1,named,* Offensive coordinator – [[Norv Turner,,unknown_no_source,
2018,CHI,2018 Chicago Bears season,Mark Helfrich,Mark Helfrich,1,named,* Offensive coordinator – [[Mark Helfrich (American football),,unknown_no_source,
2018,CIN,2018 Cincinnati Bengals season,Bill Lazor,Bill Lazor,1,named,* Offensive coordinator – [[Bill Lazor,,unknown_no_source,
2018,CLE,2018 Cleveland Browns season,Todd Haley,Todd Haley,1,named,* Offensive coordinator – [[Todd Haley,,unknown_no_source,
2018,DAL,2018 Dallas Cowboys season,Scott Linehan,Scott Linehan,1,named,*Offensive coordinator – [[Scott Linehan,,unknown_no_source,
2018,DEN,2018 Denver Broncos season,Bill Musgrave,Bill Musgrave,1,named,* Offensive coordinator – [[Bill Musgrave,,unknown_no_source,
2018,DET,2018 Detroit Lions season,Jim Bob Cooter,Jim Bob Cooter,1,named,* Offensive coordinator – [[Jim Bob Cooter,,unknown_no_source,
2018,GB,2018 Green Bay Packers season,,,0,none_listed,,,unknown_no_source,
2018,HOU,2018 Houston Texans season,,,0,none_listed,,,unknown_no_source,
2018,IND,2018 Indianapolis Colts season,Nick Sirianni,Nick Sirianni,1,named,*Offensive coordinator – [[Nick Sirianni,,unknown_no_source,
2018,JAX,2018 Jacksonville Jaguars season,Nathaniel Hackett,Nathaniel Hackett,1,named,*Offensive coordinator – [[Nathaniel Hackett,,unknown_no_source,
2018,KC,2018 Kansas City Chiefs season,Eric Bieniemy,Eric Bieniemy,1,named,*Offensive coordinator – [[Eric Bieniemy,,unknown_no_source,
2018,LA,2018 Los Angeles Rams season,,,0,none_listed,,,unknown_no_source,
2018,LAC,2018 Los Angeles Chargers season,Ken Whisenhunt,Ken Whisenhunt,1,named,*Offensive coordinator – [[Ken Whisenhunt,,unknown_no_source,
2018,LV,2018 Oakland Raiders season,Greg Olson,Greg Olson,1,named,* Offensive coordinator – [[Greg Olson (American football),,unknown_no_source,
2018,MIA,2018 Miami Dolphins season,Dowell Loggains,Dowell Loggains,1,named,* Offensive coordinator – [[Dowell Loggains,,unknown_no_source,
2018,MIN,2018 Minnesota Vikings season,,,0,none_listed,,,unknown_no_source,
2018,NE,2018 New England Patriots season,Josh McDaniels,Josh McDaniels,1,named,* Offensive coordinator/quarterbacks – [[Josh McDaniels,,unknown_no_source,
2018,NO,2018 New Orleans Saints season,Pete Carmichael Jr.,Pete Carmichael Jr.,1,named,* Offensive coordinator – [[Pete Carmichael Jr.,,unknown_no_source,
2018,NYG,2018 New York Giants season,Mike Shula,Mike Shula,1,named,*Offensive coordinator/quarterbacks – [[Mike Shula,,unknown_no_source,
2018,NYJ,2018 New York Jets season,Jeremy Bates,Jeremy Bates,1,named,*Offensive coordinator/quarterbacks – [[Jeremy Bates (American football),,unknown_no_source,
2018,PHI,2018 Philadelphia Eagles season,Mike Groh,Mike Groh,1,named,* Offensive coordinator – [[Mike Groh,,unknown_no_source,
2018,PIT,2018 Pittsburgh Steelers season,Randy Fichtner,Randy Fichtner,1,named,* Offensive coordinator/quarterbacks – [[Randy Fichtner,,unknown_no_source,
2018,SEA,2018 Seattle Seahawks season,Brian Schottenheimer,Brian Schottenheimer,1,named,*Offensive coordinator – [[Brian Schottenheimer,,unknown_no_source,
2018,SF,2018 San Francisco 49ers season,,,0,none_listed,,,unknown_no_source,
2018,TB,2018 Tampa Bay Buccaneers season,Todd Monken,Todd Monken,1,named,* Offensive coordinator – [[Todd Monken,,unknown_no_source,
2018,TEN,2018 Tennessee Titans season,Matt LaFleur,Matt LaFleur,1,named,*Offensive coordinator – [[Matt LaFleur,,unknown_no_source,
2018,WAS,2018 Washington Redskins season,Matt Cavanaugh,Matt Cavanaugh,1,named,*Offensive coordinator – [[Matt Cavanaugh,,unknown_no_source,
2019,ARI,2019 Arizona Cardinals season,,,0,none_listed,,,unknown_no_source,
2019,ATL,2019 Atlanta Falcons season,Dirk Koetter,Dirk Koetter,1,named,*Offensive coordinator – [[Dirk Koetter,,unknown_no_source,
2019,BAL,2019 Baltimore Ravens season,Greg Roman,Greg Roman,1,named,* Offensive coordinator – [[Greg Roman,,unknown_no_source,
2019,BUF,2019 Buffalo Bills season,Brian Daboll,Brian Daboll,1,named,* Offensive coordinator – [[Brian Daboll,,unknown_no_source,
2019,CAR,2019 Carolina Panthers season,,,0,none_listed,,,unknown_no_source,
2019,CHI,2019 Chicago Bears season,Mark Helfrich,Mark Helfrich,1,named,* Offensive coordinator – [[Mark Helfrich (American football),,unknown_no_source,
2019,CIN,2019 Cincinnati Bengals season,Brian Callahan,Brian Callahan,1,named,* Offensive coordinator – [[Brian Callahan,,unknown_no_source,
2019,CLE,2019 Cleveland Browns season,Todd Monken,Todd Monken,1,named,* Offensive coordinator – [[Todd Monken,,unknown_no_source,
2019,DAL,2019 Dallas Cowboys season,Kellen Moore,Kellen Moore,1,named,* Offensive coordinator – [[Kellen Moore,,unknown_no_source,
2019,DEN,2019 Denver Broncos season,Rich Scangarello,Rich Scangarello,1,named,*Offensive coordinator – [[Rich Scangarello,,unknown_no_source,
2019,DET,2019 Detroit Lions season,Darrell Bevell,Darrell Bevell,1,named,*Offensive coordinator – [[Darrell Bevell,,unknown_no_source,
2019,GB,2019 Green Bay Packers season,Nathaniel Hackett,Nathaniel Hackett,1,named,*Offensive coordinator – [[Nathaniel Hackett,,unknown_no_source,
2019,HOU,2019 Houston Texans season,Tim Kelly,Tim Kelly,1,named,* Offensive coordinator – [[Tim Kelly (American football),,unknown_no_source,
2019,IND,2019 Indianapolis Colts season,Nick Sirianni,Nick Sirianni,1,named,*Offensive coordinator – [[Nick Sirianni,,unknown_no_source,
2019,JAX,2019 Jacksonville Jaguars season,John DeFilippo,John DeFilippo,1,named,* Offensive coordinator – [[John DeFilippo,,unknown_no_source,
2019,KC,2019 Kansas City Chiefs season,Eric Bieniemy,Eric Bieniemy,1,named,*Offensive coordinator – [[Eric Bieniemy,,unknown_no_source,
2019,LA,2019 Los Angeles Rams season,,,0,none_listed,,,unknown_no_source,
2019,LAC,2019 Los Angeles Chargers season,,,0,none_listed,,,unknown_no_source,
2019,LV,2019 Oakland Raiders season,Greg Olson,Greg Olson,1,named,*Offensive coordinator – [[Greg Olson (American football),,unknown_no_source,
2019,MIA,2019 Miami Dolphins season,Chad O'Shea,Chad O'Shea,1,named,* Offensive coordinator – [[Chad O'Shea,,unknown_no_source,
2019,MIN,2019 Minnesota Vikings season,Kevin Stefanski,Kevin Stefanski,1,named,*Offensive coordinator – [[Kevin Stefanski,,unknown_no_source,
2019,NE,2019 New England Patriots season,Josh McDaniels,Josh McDaniels,1,named,* Offensive coordinator/quarterbacks – [[Josh McDaniels,,unknown_no_source,
2019,NO,2019 New Orleans Saints season,Pete Carmichael Jr.,Pete Carmichael Jr.,1,named,* Offensive coordinator – [[Pete Carmichael Jr.,,unknown_no_source,
2019,NYG,2019 New York Giants season,Mike Shula,Mike Shula,1,named,*Offensive coordinator/Quarterbacks – [[Mike Shula,,unknown_no_source,
2019,NYJ,2019 New York Jets season,Dowell Loggains,Dowell Loggains,1,named,* Offensive coordinator/quarterbacks – [[Dowell Loggains,,unknown_no_source,
2019,PHI,2019 Philadelphia Eagles season,Mike Groh,Mike Groh,1,named,* Offensive coordinator – [[Mike Groh,,unknown_no_source,
2019,PIT,2019 Pittsburgh Steelers season,Randy Fichtner,Randy Fichtner,1,named,*Offensive coordinator/quarterbacks – [[Randy Fichtner,,unknown_no_source,
2019,SEA,2019 Seattle Seahawks season,Brian Schottenheimer,Brian Schottenheimer,1,named,*Offensive coordinator – [[Brian Schottenheimer,,unknown_no_source,
2019,SF,2019 San Francisco 49ers season,,,0,none_listed,,,unknown_no_source,
2019,TB,2019 Tampa Bay Buccaneers season,Byron Leftwich,Byron Leftwich,1,named,* Offensive coordinator – [[Byron Leftwich,,unknown_no_source,
2019,TEN,2019 Tennessee Titans season,Arthur Smith,Arthur Smith,1,named,* Offensive coordinator – [[Arthur Smith (American football coach),,unknown_no_source,
2019,WAS,2019 Washington Redskins season,Kevin O'Connell,Kevin O'Connell,1,named,* Offensive coordinator – [[Kevin O'Connell (American football),,unknown_no_source,
2020,ARI,2020 Arizona Cardinals season,,,0,none_listed,,,unknown_no_source,
2020,ATL,2020 Atlanta Falcons season,Dirk Koetter,Dirk Koetter,1,named,*Offensive coordinator – [[Dirk Koetter,,unknown_no_source,
2020,BAL,2020 Baltimore Ravens season,Greg Roman,Greg Roman,1,named,* Offensive coordinator – [[Greg Roman,,unknown_no_source,
2020,BUF,2020 Buffalo Bills season,Brian Daboll,Brian Daboll,1,named,* Offensive coordinator – [[Brian Daboll,,unknown_no_source,
2020,CAR,2020 Carolina Panthers season,Joe Brady,Joe Brady,1,named,* Offensive coordinator – [[Joe Brady (American football coach),,unknown_no_source,
2020,CHI,2020 Chicago Bears season,Bill Lazor,Bill Lazor,1,named,*Offensive coordinator – [[Bill Lazor,,unknown_no_source,
2020,CIN,2020 Cincinnati Bengals season,Brian Callahan,Brian Callahan,1,named,* Offensive coordinator – [[Brian Callahan,,unknown_no_source,
2020,CLE,2020 Cleveland Browns season,Alex Van Pelt,Alex Van Pelt,1,named,* Offensive coordinator – [[Alex Van Pelt,,unknown_no_source,
2020,DAL,2020 Dallas Cowboys season,Kellen Moore,Kellen Moore,1,named,*Offensive coordinator – [[Kellen Moore,,unknown_no_source,
2020,DEN,2020 Denver Broncos season,Pat Shurmur,Pat Shurmur,1,named,* Offensive coordinator – [[Pat Shurmur,,unknown_no_source,
2020,DET,2020 Detroit Lions season,,,0,none_listed,,,unknown_no_source,
2020,GB,2020 Green Bay Packers season,Nathaniel Hackett,Nathaniel Hackett,1,named,* Offensive coordinator – [[Nathaniel Hackett,,unknown_no_source,
2020,HOU,2020 Houston Texans season,Tim Kelly,Tim Kelly,1,named,* Offensive coordinator/quarterbacks – [[Tim Kelly (American football),,unknown_no_source,
2020,IND,2020 Indianapolis Colts season,Nick Sirianni,Nick Sirianni,1,named,*Offensive coordinator – [[Nick Sirianni,,unknown_no_source,
2020,JAX,2020 Jacksonville Jaguars season,Jay Gruden,Jay Gruden,1,named,* Offensive coordinator – [[Jay Gruden,,unknown_no_source,
2020,KC,2020 Kansas City Chiefs season,Eric Bieniemy,Eric Bieniemy,1,named,* Offensive coordinator – [[Eric Bieniemy,,unknown_no_source,
2020,LA,2020 Los Angeles Rams season,Kevin O'Connell,Kevin O'Connell,1,named,* Offensive coordinator – [[Kevin O'Connell (American football),,unknown_no_source,
2020,LAC,2020 Los Angeles Chargers season,Shane Steichen,Shane Steichen,1,named,* Offensive coordinator – [[Shane Steichen,,unknown_no_source,
2020,LV,2020 Las Vegas Raiders season,Greg Olson,Greg Olson,1,named,* Offensive coordinator – [[Greg Olson (American football),,unknown_no_source,
2020,MIA,2020 Miami Dolphins season,Chan Gailey,Chan Gailey,1,named,* Offensive coordinator – [[Chan Gailey,,unknown_no_source,
2020,MIN,2020 Minnesota Vikings season,,,0,none_listed,,,unknown_no_source,
2020,NE,2020 New England Patriots season,Josh McDaniels,Josh McDaniels,1,named,* Offensive coordinator – [[Josh McDaniels,,unknown_no_source,
2020,NO,2020 New Orleans Saints season,Pete Carmichael Jr.,Pete Carmichael Jr.,1,named,* Offensive coordinator – [[Pete Carmichael Jr.,,unknown_no_source,
2020,NYG,2020 New York Giants season,Jason Garrett,Jason Garrett,1,named,* Offensive coordinator – [[Jason Garrett,,unknown_no_source,
2020,NYJ,2020 New York Jets season,Dowell Loggains,Dowell Loggains,1,named,* Offensive coordinator/quarterbacks – [[Dowell Loggains,,unknown_no_source,
2020,PHI,2020 Philadelphia Eagles season,,,0,none_listed,,,unknown_no_source,
2020,PIT,2020 Pittsburgh Steelers season,Randy Fichtner,Randy Fichtner,1,named,*Offensive coordinator – [[Randy Fichtner,,unknown_no_source,
2020,SEA,2020 Seattle Seahawks season,Brian Schottenheimer,Brian Schottenheimer,1,named,*Offensive coordinator – [[Brian Schottenheimer,,unknown_no_source,
2020,SF,2020 San Francisco 49ers season,,,0,none_listed,,,unknown_no_source,
2020,TB,2020 Tampa Bay Buccaneers season,Byron Leftwich,Byron Leftwich,1,named,* Offensive coordinator – [[Byron Leftwich,,unknown_no_source,
2020,TEN,2020 Tennessee Titans season,Arthur Smith,Arthur Smith,1,named,* Offensive coordinator – [[Arthur Smith (American football coach),,unknown_no_source,
2020,WAS,2020 Washington Football Team season,Scott Turner,Scott Turner,1,named,* Offensive coordinator – [[Scott Turner (American football coach),,unknown_no_source,
2021,ARI,2021 Arizona Cardinals season,,,0,none_listed,,,unknown_no_source,
2021,ATL,2021 Atlanta Falcons season,Dave Ragone,Dave Ragone,1,named,*Offensive coordinator – [[Dave Ragone,,unknown_no_source,
2021,BAL,2021 Baltimore Ravens season,Greg Roman,Greg Roman,1,named,* Offensive coordinator – [[Greg Roman,,unknown_no_source,
2021,BUF,2021 Buffalo Bills season,Brian Daboll,Brian Daboll,1,named,* Offensive coordinator – [[Brian Daboll,,unknown_no_source,
2021,CAR,2021 Carolina Panthers season,Joe Brady,Joe Brady,1,named,* Offensive coordinator – [[Joe Brady (American football coach),,unknown_no_source,
2021,CHI,2021 Chicago Bears season,Bill Lazor,Bill Lazor,1,named,*Offensive coordinator – [[Bill Lazor,,unknown_no_source,
2021,CIN,2021 Cincinnati Bengals season,Brian Callahan,Brian Callahan,1,named,* Offensive coordinator – [[Brian Callahan,,unknown_no_source,
2021,CLE,2021 Cleveland Browns season,Alex Van Pelt,Alex Van Pelt,1,named,* Offensive coordinator – [[Alex Van Pelt,,unknown_no_source,
2021,DAL,2021 Dallas Cowboys season,Kellen Moore,Kellen Moore,1,named,*Offensive coordinator – [[Kellen Moore,,unknown_no_source,
2021,DEN,2021 Denver Broncos season,,19 test.|Pat Shurmur,2,ambiguous_multi,* Offensive coordinator [[Pat Shurmur]] missed the Broncos' Week 10 loss to the [[2021 Philadelphia Eagles season|Philadelphia Eagles]] due to a positive COVID-,,unknown_no_source,
2021,DET,2021 Detroit Lions season,Anthony Lynn,Anthony Lynn,1,named,*Offensive coordinator – [[Anthony Lynn,,unknown_no_source,
2021,GB,2021 Green Bay Packers season,Nathaniel Hackett,Nathaniel Hackett,1,named,* Offensive coordinator – [[Nathaniel Hackett,,unknown_no_source,
2021,HOU,2021 Houston Texans season,Tim Kelly,Tim Kelly,1,named,*Offensive coordinator – [[Tim Kelly (American football),,unknown_no_source,
2021,IND,2021 Indianapolis Colts season,Marcus Brady,Marcus Brady,1,named,*Offensive coordinator – [[Marcus Brady,,unknown_no_source,
2021,JAX,2021 Jacksonville Jaguars season,,,0,none_listed,,,unknown_no_source,
2021,KC,2021 Kansas City Chiefs season,Eric Bieniemy,Eric Bieniemy,1,named,*Offensive coordinator – [[Eric Bieniemy,,unknown_no_source,
2021,LA,2021 Los Angeles Rams season,Kevin O'Connell,Kevin O'Connell,1,named,*Offensive coordinator – [[Kevin O'Connell (American football),,unknown_no_source,
2021,LAC,2021 Los Angeles Chargers season,Joe Lombardi,Joe Lombardi,1,named,* Offensive coordinator – [[Joe Lombardi,,unknown_no_source,
2021,LV,2021 Las Vegas Raiders season,Greg Olson,Greg Olson,1,named,*Offensive coordinator – [[Greg Olson (American football),,unknown_no_source,
2021,MIA,2021 Miami Dolphins season,,Eric Studesville|George Godsey,2,ambiguous_multi,* Co-offensive coordinator/running backs – [[Eric Studesville,,unknown_no_source,
2021,MIN,2021 Minnesota Vikings season,Klint Kubiak,Klint Kubiak,1,named,*Offensive coordinator – [[Klint Kubiak,,unknown_no_source,
2021,NE,2021 New England Patriots season,Josh McDaniels,Josh McDaniels,1,named,* Offensive coordinator/quarterbacks – [[Josh McDaniels,,unknown_no_source,
2021,NO,2021 New Orleans Saints season,Pete Carmichael Jr.,Pete Carmichael Jr.,1,named,*Offensive coordinator – [[Pete Carmichael Jr.,,unknown_no_source,
2021,NYG,2021 New York Giants season,Jason Garrett,Jason Garrett,1,named,* Offensive coordinator – [[Jason Garrett,,unknown_no_source,
2021,NYJ,2021 New York Jets season,Mike LaFleur,Mike LaFleur,1,named,*Offensive coordinator – [[Mike LaFleur,,unknown_no_source,
2021,PHI,2021 Philadelphia Eagles season,Shane Steichen,Shane Steichen,1,named,*Offensive coordinator – [[Shane Steichen,,unknown_no_source,
2021,PIT,2021 Pittsburgh Steelers season,Matt Canada,Matt Canada,1,named,*Offensive coordinator – [[Matt Canada,,unknown_no_source,
2021,SEA,2021 Seattle Seahawks season,Shane Waldron,Shane Waldron,1,named,*Offensive coordinator – [[Shane Waldron,,unknown_no_source,
2021,SF,2021 San Francisco 49ers season,Mike McDaniel,Mike McDaniel,1,named,* Offensive coordinator – [[Mike McDaniel,,unknown_no_source,
2021,TB,2021 Tampa Bay Buccaneers season,Byron Leftwich,Byron Leftwich,1,named,*Offensive coordinator – [[Byron Leftwich,,unknown_no_source,
2021,TEN,2021 Tennessee Titans season,Todd Downing,Todd Downing,1,named,* Offensive coordinator – [[Todd Downing,,unknown_no_source,
2021,WAS,2021 Washington Football Team season,Scott Turner,Scott Turner,1,named,* Offensive coordinator – [[Scott Turner (American football coach),,unknown_no_source,
2022,ARI,2022 Arizona Cardinals season,,,0,none_listed,,,unknown_no_source,
2022,ATL,2022 Atlanta Falcons season,Dave Ragone,Dave Ragone,1,named,*Offensive coordinator – [[Dave Ragone,,unknown_no_source,
2022,BAL,2022 Baltimore Ravens season,Greg Roman,Greg Roman,1,named,* Offensive coordinator – [[Greg Roman,,unknown_no_source,
2022,BUF,2022 Buffalo Bills season,Ken Dorsey,Ken Dorsey,1,named,*Offensive coordinator – [[Ken Dorsey,,unknown_no_source,
2022,CAR,2022 Carolina Panthers season,Ben McAdoo,Ben McAdoo,1,named,*Offensive coordinator – [[Ben McAdoo,,unknown_no_source,
2022,CHI,2022 Chicago Bears season,Luke Getsy,Luke Getsy,1,named,*Offensive coordinator – [[Luke Getsy,,unknown_no_source,
2022,CIN,2022 Cincinnati Bengals season,Brian Callahan,Brian Callahan,1,named,*Offensive coordinator – [[Brian Callahan,,unknown_no_source,
2022,CLE,2022 Cleveland Browns season,Alex Van Pelt,Alex Van Pelt,1,named,* Offensive coordinator – [[Alex Van Pelt,,unknown_no_source,
2022,DAL,2022 Dallas Cowboys season,Kellen Moore,Kellen Moore,1,named,*Offensive coordinator – [[Kellen Moore,,unknown_no_source,
2022,DEN,2022 Denver Broncos season,Justin Outten,Justin Outten,1,named,*Offensive coordinator – [[Justin Outten,,unknown_no_source,
2022,DET,2022 Detroit Lions season,Ben Johnson,Ben Johnson,1,named,*Offensive coordinator – [[Ben Johnson (American football coach),,unknown_no_source,
2022,GB,2022 Green Bay Packers season,Adam Stenavich,Adam Stenavich,1,named,* Offensive coordinator – [[Adam Stenavich,,unknown_no_source,
2022,HOU,2022 Houston Texans season,Pep Hamilton,Pep Hamilton,1,named,*Offensive coordinator – [[Pep Hamilton,,unknown_no_source,
2022,IND,2022 Indianapolis Colts season,,,0,none_listed,,,unknown_no_source,
2022,JAX,2022 Jacksonville Jaguars season,Press Taylor,Press Taylor,1,named,*Offensive coordinator – [[Press Taylor,,unknown_no_source,
2022,KC,2022 Kansas City Chiefs season,Eric Bieniemy,Eric Bieniemy,1,named,*Offensive coordinator – [[Eric Bieniemy,,unknown_no_source,
2022,LA,2022 Los Angeles Rams season,Liam Coen,Liam Coen,1,named,*Offensive coordinator – [[Liam Coen,,unknown_no_source,
2022,LAC,2022 Los Angeles Chargers season,Joe Lombardi,Joe Lombardi,1,named,* Offensive coordinator – [[Joe Lombardi,,unknown_no_source,
2022,LV,2022 Las Vegas Raiders season,Mick Lombardi,Mick Lombardi,1,named,*Offensive coordinator – [[Mick Lombardi,,unknown_no_source,
2022,MIA,2022 Miami Dolphins season,Frank Smith,Frank Smith,1,named,*Offensive coordinator – [[Frank Smith (American football),,unknown_no_source,
2022,MIN,2022 Minnesota Vikings season,Wes Phillips,Wes Phillips,1,named,*Offensive coordinator – [[Wes Phillips,,unknown_no_source,
2022,NE,2022 New England Patriots season,,,0,none_listed,,,unknown_no_source,
2022,NO,2022 New Orleans Saints season,Pete Carmichael Jr.,Pete Carmichael Jr.,1,named,*Offensive coordinator – [[Pete Carmichael Jr.,,unknown_no_source,
2022,NYG,2022 New York Giants season,Mike Kafka,Mike Kafka,1,named,* Offensive coordinator – [[Mike Kafka,,unknown_no_source,
2022,NYJ,2022 New York Jets season,Mike LaFleur,Mike LaFleur,1,named,*Offensive coordinator – [[Mike LaFleur,,unknown_no_source,
2022,PHI,2022 Philadelphia Eagles season,Shane Steichen,Shane Steichen,1,named,*Offensive coordinator – [[Shane Steichen,,unknown_no_source,
2022,PIT,2022 Pittsburgh Steelers season,Matt Canada,Matt Canada,1,named,*Offensive coordinator – [[Matt Canada,,unknown_no_source,
2022,SEA,2022 Seattle Seahawks season,Shane Waldron,Shane Waldron,1,named,*Offensive coordinator – [[Shane Waldron,,unknown_no_source,
2022,SF,2022 San Francisco 49ers season,,,0,none_listed,,,unknown_no_source,
2022,TB,2022 Tampa Bay Buccaneers season,Byron Leftwich,Byron Leftwich,1,named,* Offensive coordinator – [[Byron Leftwich,,unknown_no_source,
2022,TEN,2022 Tennessee Titans season,Todd Downing,Todd Downing,1,named,*Offensive coordinator – [[Todd Downing,,unknown_no_source,
2022,WAS,2022 Washington Commanders season,Scott Turner,Scott Turner,1,named,* Offensive coordinator – [[Scott Turner (American football coach),,unknown_no_source,
2023,ARI,2023 Arizona Cardinals season,Drew Petzing,Drew Petzing,1,named,*Offensive coordinator – [[Drew Petzing,,unknown_no_source,
2023,ATL,2023 Atlanta Falcons season,Dave Ragone,Dave Ragone,1,named,*Offensive coordinator – [[Dave Ragone,,unknown_no_source,
2023,BAL,2023 Baltimore Ravens season,Todd Monken,Todd Monken,1,named,* Offensive coordinator – [[Todd Monken,,unknown_no_source,
2023,BUF,2023 Buffalo Bills season,Ken Dorsey,Ken Dorsey,1,named,*Offensive coordinator – [[Ken Dorsey,,unknown_no_source,
2023,CAR,2023 Carolina Panthers season,Thomas Brown,Thomas Brown,1,named,*Offensive coordinator – [[Thomas Brown (American football coach),,unknown_no_source,
2023,CHI,2023 Chicago Bears season,Luke Getsy,Luke Getsy,1,named,*Offensive coordinator – [[Luke Getsy,,unknown_no_source,
2023,CIN,2023 Cincinnati Bengals season,Brian Callahan,Brian Callahan,1,named,*Offensive coordinator – [[Brian Callahan,,unknown_no_source,
2023,CLE,2023 Cleveland Browns season,Alex Van Pelt,Alex Van Pelt,1,named,* Offensive coordinator – [[Alex Van Pelt,,unknown_no_source,
2023,DAL,2023 Dallas Cowboys season,Brian Schottenheimer,Brian Schottenheimer,1,named,*Offensive coordinator – [[Brian Schottenheimer,,unknown_no_source,
2023,DEN,2023 Denver Broncos season,Joe Lombardi,Joe Lombardi,1,named,*Offensive coordinator – [[Joe Lombardi,,unknown_no_source,
2023,DET,2023 Detroit Lions season,Ben Johnson,Ben Johnson,1,named,*Offensive coordinator – [[Ben Johnson (American football coach),,unknown_no_source,
2023,GB,2023 Green Bay Packers season,Adam Stenavich,Adam Stenavich,1,named,* Offensive coordinator – [[Adam Stenavich,,unknown_no_source,
2023,HOU,2023 Houston Texans season,Bobby Slowik,Bobby Slowik,1,named,*Offensive coordinator – [[Bobby Slowik,,unknown_no_source,
2023,IND,2023 Indianapolis Colts season,Jim Bob Cooter,Jim Bob Cooter,1,named,*Offensive coordinator – [[Jim Bob Cooter,,unknown_no_source,
2023,JAX,2023 Jacksonville Jaguars season,Press Taylor,Press Taylor,1,named,*Offensive coordinator – [[Press Taylor,,unknown_no_source,
2023,KC,2023 Kansas City Chiefs season,Matt Nagy,Matt Nagy,1,named,*Offensive coordinator – [[Matt Nagy,,unknown_no_source,
2023,LA,2023 Los Angeles Rams season,Mike LaFleur,Mike LaFleur,1,named,*Offensive coordinator – [[Mike LaFleur,,unknown_no_source,
2023,LAC,2023 Los Angeles Chargers season,Kellen Moore,Kellen Moore,1,named,*Offensive coordinator – [[Kellen Moore,,unknown_no_source,
2023,LV,2023 Las Vegas Raiders season,Mick Lombardi,Mick Lombardi,1,named,*Offensive coordinator – [[Mick Lombardi,,unknown_no_source,
2023,MIA,2023 Miami Dolphins season,Frank Smith,Frank Smith,1,named,*Offensive coordinator – [[Frank Smith (American football),,unknown_no_source,
2023,MIN,2023 Minnesota Vikings season,Wes Phillips,Wes Phillips,1,named,*Offensive coordinator – [[Wes Phillips,,unknown_no_source,
2023,NE,2023 New England Patriots season,Bill O'Brien,Bill O'Brien,1,named,*Offensive coordinator/quarterbacks – [[Bill O'Brien (American football),,unknown_no_source,
2023,NO,2023 New Orleans Saints season,Pete Carmichael Jr.,Pete Carmichael Jr.,1,named,*Offensive coordinator – [[Pete Carmichael Jr.,,unknown_no_source,
2023,NYG,2023 New York Giants season,Mike Kafka,Mike Kafka,1,named,*Offensive coordinator – [[Mike Kafka,,unknown_no_source,
2023,NYJ,2023 New York Jets season,Nathaniel Hackett,Nathaniel Hackett,1,named,*Offensive coordinator – [[Nathaniel Hackett,,unknown_no_source,
2023,PHI,2023 Philadelphia Eagles season,Brian Johnson,Brian Johnson,1,named,*Offensive coordinator – [[Brian Johnson (American football coach),,unknown_no_source,
2023,PIT,2023 Pittsburgh Steelers season,Matt Canada,Matt Canada,1,named,*Offensive coordinator – [[Matt Canada,,unknown_no_source,
2023,SEA,2023 Seattle Seahawks season,Shane Waldron,Shane Waldron,1,named,*Offensive coordinator – [[Shane Waldron,,unknown_no_source,
2023,SF,2023 San Francisco 49ers season,,,0,none_listed,,,unknown_no_source,
2023,TB,2023 Tampa Bay Buccaneers season,Dave Canales,Dave Canales,1,named,*Offensive coordinator – [[Dave Canales,,unknown_no_source,
2023,TEN,2023 Tennessee Titans season,Tim Kelly,Tim Kelly,1,named,*Offensive coordinator – [[Tim Kelly (American football),,unknown_no_source,
2023,WAS,2023 Washington Commanders season,,,0,none_listed,,,unknown_no_source,
2024,ARI,2024 Arizona Cardinals season,Drew Petzing,Drew Petzing,1,named,*Offensive coordinator – [[Drew Petzing,,unknown_no_source,
2024,ATL,2024 Atlanta Falcons season,Zac Robinson,Zac Robinson,1,named,*Offensive coordinator – [[Zac Robinson,,unknown_no_source,
2024,BAL,2024 Baltimore Ravens season,Todd Monken,Todd Monken,1,named,* Offensive coordinator – [[Todd Monken,,unknown_no_source,
2024,BUF,2024 Buffalo Bills season,Joe Brady,Joe Brady,1,named,*Offensive coordinator – [[Joe Brady (American football coach),,unknown_no_source,
2024,CAR,2024 Carolina Panthers season,Brad Idzik,Brad Idzik,1,named,*Offensive coordinator – [[Brad Idzik,,unknown_no_source,
2024,CHI,2024 Chicago Bears season,Shane Waldron,Shane Waldron,1,named,*Offensive coordinator – [[Shane Waldron,,unknown_no_source,
2024,CIN,2024 Cincinnati Bengals season,Dan Pitcher,Dan Pitcher,1,named,*Offensive coordinator – [[Dan Pitcher,,unknown_no_source,
2024,CLE,2024 Cleveland Browns season,Ken Dorsey,Ken Dorsey,1,named,* Offensive coordinator – [[Ken Dorsey,,unknown_no_source,
2024,DAL,2024 Dallas Cowboys season,Brian Schottenheimer,Brian Schottenheimer,1,named,*Offensive coordinator – [[Brian Schottenheimer,,unknown_no_source,
2024,DEN,2024 Denver Broncos season,Joe Lombardi,Joe Lombardi,1,named,*Offensive coordinator – [[Joe Lombardi,,unknown_no_source,
2024,DET,2024 Detroit Lions season,Ben Johnson,Ben Johnson,1,named,*Offensive coordinator – [[Ben Johnson (American football coach),,unknown_no_source,
2024,GB,2024 Green Bay Packers season,Adam Stenavich,Adam Stenavich,1,named,* Offensive coordinator – [[Adam Stenavich,,unknown_no_source,
2024,HOU,2024 Houston Texans season,Bobby Slowik,Bobby Slowik,1,named,*Offensive coordinator – [[Bobby Slowik,,unknown_no_source,
2024,IND,2024 Indianapolis Colts season,Jim Bob Cooter,Jim Bob Cooter,1,named,*Offensive coordinator – [[Jim Bob Cooter,,unknown_no_source,
2024,JAX,2024 Jacksonville Jaguars season,Press Taylor,Press Taylor,1,named,*Offensive coordinator – [[Press Taylor,,unknown_no_source,
2024,KC,2024 Kansas City Chiefs season,Matt Nagy,Matt Nagy,1,named,*Offensive coordinator – [[Matt Nagy,,unknown_no_source,
2024,LA,2024 Los Angeles Rams season,Mike LaFleur,Mike LaFleur,1,named,*Offensive coordinator – [[Mike LaFleur,,unknown_no_source,
2024,LAC,2024 Los Angeles Chargers season,Greg Roman,Greg Roman,1,named,*Offensive coordinator – [[Greg Roman,,unknown_no_source,
2024,LV,2024 Las Vegas Raiders season,Luke Getsy,Luke Getsy,1,named,*Offensive coordinator - [[Luke Getsy,,unknown_no_source,
2024,MIA,2024 Miami Dolphins season,Frank Smith,Frank Smith,1,named,*Offensive coordinator – [[Frank Smith (American football),,unknown_no_source,
2024,MIN,2024 Minnesota Vikings season,Wes Phillips,Wes Phillips,1,named,*Offensive coordinator – [[Wes Phillips,,unknown_no_source,
2024,NE,2024 New England Patriots season,Alex Van Pelt,Alex Van Pelt,1,named,*Offensive coordinator – [[Alex Van Pelt,,unknown_no_source,
2024,NO,2024 New Orleans Saints season,Klint Kubiak,Klint Kubiak,1,named,*Offensive coordinator – [[Klint Kubiak,,unknown_no_source,
2024,NYG,2024 New York Giants season,,,0,none_listed,,,unknown_no_source,
2024,NYJ,2024 New York Jets season,Nathaniel Hackett,Nathaniel Hackett,1,named,*Offensive coordinator – [[Nathaniel Hackett,,unknown_no_source,
2024,PHI,2024 Philadelphia Eagles season,Kellen Moore,Kellen Moore,1,named,*Offensive coordinator – [[Kellen Moore,,unknown_no_source,
2024,PIT,2024 Pittsburgh Steelers season,Arthur Smith,Arthur Smith,1,named,"*Offensive coordinator – [[Arthur Smith (American football, born 1982)",,unknown_no_source,
2024,SEA,2024 Seattle Seahawks season,Ryan Grubb,Ryan Grubb,1,named,*Offensive coordinator – [[Ryan Grubb,,unknown_no_source,
2024,SF,2024 San Francisco 49ers season,,,0,none_listed,,,unknown_no_source,
2024,TB,2024 Tampa Bay Buccaneers season,Liam Coen,Liam Coen,1,named,*Offensive coordinator – [[Liam Coen,,unknown_no_source,
2024,TEN,2024 Tennessee Titans season,Nick Holz,Nick Holz,1,named,*Offensive coordinator – [[Nick Holz,,unknown_no_source,
2024,WAS,2024 Washington Commanders season,Kliff Kingsbury,Kliff Kingsbury,1,named,* [[Offensive coordinator]] – [[Kliff Kingsbury,,unknown_no_source,
2025,ARI,2025 Arizona Cardinals season,Drew Petzing,Drew Petzing,1,named,*Offensive coordinator – [[Drew Petzing,,unknown_no_source,
2025,ATL,2025 Atlanta Falcons season,Zac Robinson,Zac Robinson,1,named,*Offensive coordinator – [[Zac Robinson,,unknown_no_source,
2025,BAL,2025 Baltimore Ravens season,Todd Monken,Todd Monken,1,named,* Offensive coordinator – [[Todd Monken,,unknown_no_source,
2025,BUF,2025 Buffalo Bills season,Joe Brady,Joe Brady,1,named,*Offensive coordinator – [[Joe Brady (American football coach),,unknown_no_source,
2025,CAR,2025 Carolina Panthers season,Brad Idzik,Brad Idzik,1,named,*Offensive coordinator – [[Brad Idzik,,unknown_no_source,
2025,CHI,2025 Chicago Bears season,Declan Doyle,Declan Doyle,1,named,*Offensive coordinator – [[Declan Doyle,,unknown_no_source,
2025,CIN,2025 Cincinnati Bengals season,Dan Pitcher,Dan Pitcher,1,named,*Offensive coordinator – [[Dan Pitcher,,unknown_no_source,
2025,CLE,2025 Cleveland Browns season,Tommy Rees,Tommy Rees,1,named,*Offensive coordinator – [[Tommy Rees (American football),,unknown_no_source,
2025,DAL,2025 Dallas Cowboys season,Klayton Adams,Klayton Adams,1,named,*Offensive coordinator – [[Klayton Adams,,unknown_no_source,
2025,DEN,2025 Denver Broncos season,Joe Lombardi,Joe Lombardi,1,named,*Offensive coordinator – [[Joe Lombardi,,unknown_no_source,
2025,DET,2025 Detroit Lions season,John Morton,John Morton,1,named,*Offensive coordinator – [[John Morton (American football),,unknown_no_source,
2025,GB,2025 Green Bay Packers season,Adam Stenavich,Adam Stenavich,1,named,* Offensive coordinator – [[Adam Stenavich,,unknown_no_source,
2025,HOU,2025 Houston Texans season,Nick Caley,Nick Caley,1,named,*Offensive coordinator – [[Nick Caley,,unknown_no_source,
2025,IND,2025 Indianapolis Colts season,Jim Bob Cooter,Jim Bob Cooter,1,named,*Offensive coordinator – [[Jim Bob Cooter,,unknown_no_source,
2025,JAX,2025 Jacksonville Jaguars season,Grant Udinski,Grant Udinski,1,named,*Offensive coordinator – [[Grant Udinski,,unknown_no_source,
2025,KC,2025 Kansas City Chiefs season,Matt Nagy,Matt Nagy,1,named,*Offensive coordinator – [[Matt Nagy,,unknown_no_source,
2025,LA,2025 Los Angeles Rams season,Mike LaFleur,Mike LaFleur,1,named,*Offensive coordinator – [[Mike LaFleur,,unknown_no_source,
2025,LAC,2025 Los Angeles Chargers season,Greg Roman,Greg Roman,1,named,*Offensive coordinator – [[Greg Roman,,unknown_no_source,
2025,LV,2025 Las Vegas Raiders season,,,0,none_listed,,,unknown_no_source,
2025,MIA,2025 Miami Dolphins season,Frank Smith,Frank Smith,1,named,*Offensive coordinator – [[Frank Smith (American football),,unknown_no_source,
2025,MIN,2025 Minnesota Vikings season,Wes Phillips,Wes Phillips,1,named,*Offensive coordinator – [[Wes Phillips,,unknown_no_source,
2025,NE,2025 New England Patriots season,Josh McDaniels,Josh McDaniels,1,named,*Offensive coordinator – [[Josh McDaniels,,unknown_no_source,
2025,NO,2025 New Orleans Saints season,Doug Nussmeier,Doug Nussmeier,1,named,*Offensive coordinator – [[Doug Nussmeier,,unknown_no_source,
2025,NYG,2025 New York Giants season,Tim Kelly,Tim Kelly,1,named,*Offensive coordinator/tight ends – [[Tim Kelly (American football),,unknown_no_source,
2025,NYJ,2025 New York Jets season,Tanner Engstrand,Tanner Engstrand,1,named,*Offensive coordinator – [[Tanner Engstrand,,unknown_no_source,
2025,PHI,2025 Philadelphia Eagles season,Kevin Patullo,Kevin Patullo,1,named,*Offensive coordinator – [[Kevin Patullo,,unknown_no_source,
2025,PIT,2025 Pittsburgh Steelers season,Arthur Smith,Arthur Smith,1,named,"*Offensive coordinator – [[Arthur Smith (American football, born 1982)",,unknown_no_source,
2025,SEA,2025 Seattle Seahawks season,Klint Kubiak,Klint Kubiak,1,named,*Offensive coordinator – [[Klint Kubiak,,unknown_no_source,
2025,SF,2025 San Francisco 49ers season,Klay Kubiak,Klay Kubiak,1,named,*Offensive coordinator – [[Klay Kubiak,,unknown_no_source,
2025,TB,2025 Tampa Bay Buccaneers season,Josh Grizzard,Josh Grizzard,1,named,*Offensive coordinator – [[Josh Grizzard,,unknown_no_source,
2025,TEN,2025 Tennessee Titans season,Nick Holz,Nick Holz,1,named,*Offensive coordinator – [[Nick Holz,,unknown_no_source,
2025,WAS,2025 Washington Commanders season,Kliff Kingsbury,Kliff Kingsbury,1,named,* Offensive coordinator – [[Kliff Kingsbury,,unknown_no_source,
2026,ARI,List of current NFL offensive coordinators,Nathaniel Hackett,Nathaniel Hackett,1,named,| [[Arizona Cardinals]] || {{sortname|Nathaniel|Hackett}} ||,,unknown_no_source,
2026,ATL,List of current NFL offensive coordinators,Tommy Rees,Tommy Rees,1,named,|[[Atlanta Falcons]] ||{{sortname|Tommy|Rees|dab=American football}} ||,,unknown_no_source,
2026,BAL,List of current NFL offensive coordinators,Declan Doyle,Declan Doyle,1,named,| [[Baltimore Ravens]] || {{sortname|Declan|Doyle}} ||,,unknown_no_source,
2026,BUF,List of current NFL offensive coordinators,Pete Carmichael Jr.,Pete Carmichael Jr.,1,named,| [[Buffalo Bills]] || {{sortname|Pete|Carmichael Jr.}} ||,,unknown_no_source,
2026,CAR,List of current NFL offensive coordinators,Brad Idzik,Brad Idzik,1,named,|[[Carolina Panthers]] || {{sortname|Brad|Idzik}} ||,,unknown_no_source,
2026,CHI,List of current NFL offensive coordinators,Press Taylor,Press Taylor,1,named,|[[Chicago Bears]] || {{sortname|Press|Taylor}} ||,,unknown_no_source,
2026,CIN,List of current NFL offensive coordinators,Dan Pitcher,Dan Pitcher,1,named,| [[Cincinnati Bengals]] || {{sortname|Dan|Pitcher}} ||,,unknown_no_source,
2026,CLE,List of current NFL offensive coordinators,Travis Switzer,Travis Switzer,1,named,| [[Cleveland Browns]] || {{sortname|Travis|Switzer}} ||,,unknown_no_source,
2026,DAL,List of current NFL offensive coordinators,Klayton Adams,Klayton Adams,1,named,|[[Dallas Cowboys]] || {{sortname|Klayton|Adams}} ||,,unknown_no_source,
2026,DEN,List of current NFL offensive coordinators,Davis Webb,Davis Webb,1,named,| [[Denver Broncos]] || {{sortname|Davis|Webb}} ||,,unknown_no_source,
2026,DET,List of current NFL offensive coordinators,Drew Petzing,Drew Petzing,1,named,|[[Detroit Lions]] || {{sortname|Drew|Petzing}} ||,,unknown_no_source,
2026,GB,List of current NFL offensive coordinators,Adam Stenavich,Adam Stenavich,1,named,|[[Green Bay Packers]] || {{sortname|Adam|Stenavich}} ||,,unknown_no_source,
2026,HOU,List of current NFL offensive coordinators,Nick Caley,Nick Caley,1,named,|  [[Houston Texans]] || [[Nick Caley]] ||,,unknown_no_source,
2026,IND,List of current NFL offensive coordinators,Jim Bob Cooter,Jim Bob Cooter,1,named,| [[Indianapolis Colts]] || {{sortname|Jim Bob|Cooter}} ||,,unknown_no_source,
2026,JAX,List of current NFL offensive coordinators,Grant Udinski,Grant Udinski,1,named,| [[Jacksonville Jaguars]] || {{sortname|Grant|Udinski}} ||,,unknown_no_source,
2026,KC,List of current NFL offensive coordinators,Eric Bieniemy,Eric Bieniemy,1,named,| [[Kansas City Chiefs]] || {{sortname|Eric|Bieniemy}} ||,,unknown_no_source,
2026,LA,List of current NFL offensive coordinators,Nathan Scheelhaase,Nathan Scheelhaase,1,named,| [[Los Angeles Rams]] || {{sortname|Nathan|Scheelhaase}} ||,,unknown_no_source,
2026,LAC,List of current NFL offensive coordinators,Mike McDaniel,Mike McDaniel,1,named,| [[Los Angeles Chargers]] || {{sortname|Mike|McDaniel}} ||,,unknown_no_source,
2026,LV,List of current NFL offensive coordinators,Andrew Janocko,Andrew Janocko,1,named,| [[Las Vegas Raiders]] || {{sortname|Andrew|Janocko}} ||,,unknown_no_source,
2026,MIA,List of current NFL offensive coordinators,Bobby Slowik,Bobby Slowik,1,named,| [[Miami Dolphins]] || {{sortname|Bobby|Slowik}} ||,,unknown_no_source,
2026,MIN,List of current NFL offensive coordinators,Wes Phillips,Wes Phillips,1,named,|[[Minnesota Vikings]] || {{sortname|Wes|Phillips}} ||,,unknown_no_source,
2026,NE,List of current NFL offensive coordinators,Josh McDaniels,Josh McDaniels,1,named,| [[New England Patriots]] || {{sortname|Josh|McDaniels}} ||,,unknown_no_source,
2026,NO,List of current NFL offensive coordinators,Doug Nussmeier,Doug Nussmeier,1,named,|[[New Orleans Saints]] || {{sortname|Doug|Nussmeier}} ||,,unknown_no_source,
2026,NYG,List of current NFL offensive coordinators,Matt Nagy,Matt Nagy,1,named,|[[New York Giants]] || {{sortname|Matt|Nagy}} ||,,unknown_no_source,
2026,NYJ,List of current NFL offensive coordinators,Frank Reich,Frank Reich,1,named,| [[New York Jets]] || {{sortname|Frank|Reich}} ||,,unknown_no_source,
2026,PHI,List of current NFL offensive coordinators,Sean Mannion,Sean Mannion,1,named,|[[Philadelphia Eagles]] || {{sortname|Sean|Mannion|dab=American football}} ||,,unknown_no_source,
2026,PIT,List of current NFL offensive coordinators,Brian Angelichio,Brian Angelichio,1,named,| [[Pittsburgh Steelers]] || {{sortname|Brian|Angelichio}} ||,,unknown_no_source,
2026,SEA,List of current NFL offensive coordinators,Brian Fleury,Brian Fleury,1,named,|[[Seattle Seahawks]] || {{sortname|Brian|Fleury}} ||,,unknown_no_source,
2026,SF,List of current NFL offensive coordinators,Klay Kubiak,Klay Kubiak,1,named,|[[San Francisco 49ers]] || {{sortname|Klay|Kubiak}} ||,,unknown_no_source,
2026,TB,List of current NFL offensive coordinators,Zac Robinson,Zac Robinson,1,named,|[[Tampa Bay Buccaneers]] || {{sortname|Zac|Robinson}} ||,,unknown_no_source,
2026,TEN,List of current NFL offensive coordinators,Brian Daboll,Brian Daboll,1,named,| [[Tennessee Titans]] || {{sortname|Brian|Daboll}} ||,,unknown_no_source,
2026,WAS,List of current NFL offensive coordinators,David Blough,David Blough,1,named,|[[Washington Commanders]] || {{sortname|David|Blough}} ||,,unknown_no_source,
