season,posteam,drives,ppd_buggy,ppd_fixed,rz,rztd_buggy,rztd_fixed,ppd_delta,rz_rate_buggy,rz_rate_fixed,rz_delta,rank_buggy,rank_fixed,rank_moved
2014,ARI,187,1.7005347593582887,1.4759358288770053,55,32,27,-0.22459893048128343,0.5818181818181818,0.4909090909090909,-0.09090909090909088,26.0,27.0,1.0
2014,ATL,181,2.287292817679558,1.977900552486188,59,42,39,-0.30939226519337026,0.711864406779661,0.6610169491525424,-0.05084745762711862,10.0,10.0,0.0
2014,BAL,187,2.1871657754010694,2.1122994652406417,79,46,44,-0.07486631016042766,0.5822784810126582,0.5569620253164557,-0.025316455696202556,11.0,8.0,3.0
2014,BUF,203,1.7241379310344827,1.5517241379310345,65,35,31,-0.17241379310344818,0.5384615384615384,0.47692307692307695,-0.061538461538461486,25.0,24.0,1.0
2014,CAR,185,1.9837837837837837,1.718918918918919,62,36,33,-0.2648648648648648,0.5806451612903226,0.532258064516129,-0.048387096774193616,17.0,17.0,0.0
2014,CHI,184,1.8315217391304348,1.6793478260869565,58,41,39,-0.15217391304347827,0.7068965517241379,0.6724137931034483,-0.03448275862068961,20.0,18.0,2.0
2014,CIN,193,2.0,1.854922279792746,69,40,39,-0.14507772020725396,0.5797101449275363,0.5652173913043478,-0.01449275362318847,16.0,15.0,1.0
2014,CLE,200,1.53,1.39,58,32,29,-0.14000000000000012,0.5517241379310345,0.5,-0.051724137931034475,29.0,28.0,1.0
2014,DAL,183,2.6939890710382515,2.4644808743169397,76,56,53,-0.22950819672131173,0.7368421052631579,0.6973684210526315,-0.03947368421052633,2.0,2.0,0.0
2014,DEN,202,2.4702970297029703,2.262376237623762,83,58,55,-0.2079207920792081,0.6987951807228916,0.6626506024096386,-0.03614457831325302,4.0,4.0,0.0
2014,DET,186,1.7634408602150538,1.6505376344086022,58,35,33,-0.11290322580645151,0.603448275862069,0.5689655172413793,-0.03448275862068961,24.0,20.0,4.0
2014,GB,176,2.852272727272727,2.534090909090909,87,59,53,-0.3181818181818179,0.6781609195402298,0.6091954022988506,-0.06896551724137923,1.0,1.0,0.0
2014,HOU,201,1.935323383084577,1.6567164179104477,66,40,34,-0.2786069651741294,0.6060606060606061,0.5151515151515151,-0.09090909090909094,19.0,19.0,0.0
2014,IND,209,2.397129186602871,2.1626794258373208,83,53,51,-0.23444976076555024,0.6385542168674698,0.6144578313253012,-0.02409638554216864,7.0,7.0,0.0
2014,JAX,198,1.4494949494949494,1.1313131313131313,47,27,24,-0.3181818181818181,0.574468085106383,0.5106382978723404,-0.06382978723404265,30.0,32.0,2.0
2014,KC,178,1.9831460674157304,1.904494382022472,62,40,38,-0.0786516853932584,0.6451612903225806,0.6129032258064516,-0.032258064516129004,18.0,14.0,4.0
2014,LA,194,2.0309278350515463,1.5257731958762886,62,36,31,-0.5051546391752577,0.5806451612903226,0.5,-0.08064516129032262,14.0,25.0,11.0
2014,LAC,178,2.0224719101123596,1.8258426966292134,66,41,37,-0.19662921348314621,0.6212121212121212,0.5606060606060606,-0.06060606060606066,15.0,16.0,1.0
2014,LV,206,1.4320388349514563,1.1941747572815533,38,28,26,-0.23786407766990303,0.7368421052631579,0.6842105263157895,-0.05263157894736836,31.0,31.0,0.0
2014,MIA,188,2.101063829787234,1.952127659574468,81,42,39,-0.14893617021276584,0.5185185185185185,0.48148148148148145,-0.037037037037037035,13.0,11.0,2.0
2014,MIN,183,1.7978142076502732,1.5683060109289617,53,34,29,-0.2295081967213115,0.6415094339622641,0.5471698113207547,-0.09433962264150941,23.0,22.0,1.0
2014,NE,187,2.5828877005347595,2.358288770053476,83,52,48,-0.22459893048128343,0.6265060240963856,0.5783132530120482,-0.048192771084337394,3.0,3.0,0.0
2014,NO,177,2.4180790960451977,2.2598870056497176,78,51,49,-0.1581920903954801,0.6538461538461539,0.6282051282051282,-0.02564102564102566,5.0,5.0,0.0
2014,NYG,196,2.1479591836734695,1.933673469387755,71,44,43,-0.2142857142857144,0.6197183098591549,0.6056338028169014,-0.014084507042253502,12.0,13.0,1.0
2014,NYJ,186,1.6720430107526882,1.521505376344086,61,27,27,-0.15053763440860224,0.4426229508196721,0.4426229508196721,0.0,27.0,26.0,1.0
2014,PHI,216,2.3564814814814814,1.9351851851851851,86,54,45,-0.4212962962962963,0.627906976744186,0.5232558139534884,-0.10465116279069764,8.0,12.0,4.0
2014,PIT,179,2.4022346368715084,2.206703910614525,77,49,44,-0.1955307262569832,0.6363636363636364,0.5714285714285714,-0.06493506493506496,6.0,6.0,0.0
2014,SEA,179,2.3072625698324023,2.111731843575419,73,43,40,-0.1955307262569832,0.589041095890411,0.547945205479452,-0.04109589041095896,9.0,9.0,0.0
2014,SF,183,1.825136612021858,1.5573770491803278,59,33,30,-0.26775956284153013,0.559322033898305,0.5084745762711864,-0.05084745762711862,21.0,23.0,2.0
2014,TB,183,1.6065573770491803,1.3770491803278688,53,31,28,-0.2295081967213115,0.5849056603773585,0.5283018867924528,-0.05660377358490565,28.0,29.0,1.0
2014,TEN,197,1.3705583756345177,1.2284263959390862,49,28,26,-0.14213197969543145,0.5714285714285714,0.5306122448979592,-0.04081632653061218,32.0,30.0,2.0
2014,WAS,195,1.8205128205128205,1.6051282051282052,59,33,33,-0.21538461538461529,0.559322033898305,0.559322033898305,0.0,22.0,21.0,1.0
2018,ARI,193,1.3005181347150259,1.0466321243523315,38,27,24,-0.2538860103626943,0.7105263157894737,0.631578947368421,-0.07894736842105265,32.0,32.0,0.0
2018,ATL,172,2.552325581395349,2.3488372093023258,69,49,47,-0.20348837209302317,0.7101449275362319,0.6811594202898551,-0.02898550724637683,5.0,4.0,1.0
2018,BAL,181,2.2044198895027622,2.0110497237569063,71,41,37,-0.19337016574585597,0.5774647887323944,0.5211267605633803,-0.05633802816901412,13.0,15.0,2.0
2018,BUF,194,1.5824742268041236,1.402061855670103,49,29,29,-0.18041237113402064,0.5918367346938775,0.5918367346938775,0.0,30.0,30.0,0.0
2018,CAR,175,2.2457142857142856,2.2057142857142855,68,46,46,-0.040000000000000036,0.6764705882352942,0.6764705882352942,0.0,12.0,9.0,3.0
2018,CHI,189,2.328042328042328,2.0317460317460316,69,50,44,-0.2962962962962963,0.7246376811594203,0.6376811594202898,-0.08695652173913049,10.0,13.0,3.0
2018,CIN,176,2.1931818181818183,1.9147727272727273,59,45,40,-0.27840909090909105,0.7627118644067796,0.6779661016949152,-0.0847457627118644,14.0,19.0,5.0
2018,CLE,203,1.8571428571428572,1.7881773399014778,62,44,44,-0.06896551724137945,0.7096774193548387,0.7096774193548387,0.0,24.0,22.0,2.0
2018,DAL,171,2.0409356725146197,1.95906432748538,63,36,35,-0.08187134502923965,0.5714285714285714,0.5555555555555556,-0.015873015873015817,21.0,17.0,4.0
2018,DEN,189,1.835978835978836,1.687830687830688,59,39,37,-0.14814814814814814,0.6610169491525424,0.6271186440677966,-0.03389830508474578,25.0,25.0,0.0
2018,DET,176,2.0681818181818183,1.8295454545454546,59,35,33,-0.23863636363636376,0.5932203389830508,0.559322033898305,-0.03389830508474578,20.0,21.0,1.0
2018,GB,182,2.1373626373626373,2.021978021978022,62,41,39,-0.11538461538461542,0.6612903225806451,0.6290322580645161,-0.032258064516129004,15.0,14.0,1.0
2018,HOU,192,2.109375,1.9635416666666667,73,42,38,-0.14583333333333326,0.5753424657534246,0.5205479452054794,-0.0547945205479452,17.0,16.0,1.0
2018,IND,184,2.494565217391304,2.342391304347826,75,52,52,-0.15217391304347805,0.6933333333333334,0.6933333333333334,0.0,6.0,6.0,0.0
2018,JAX,187,1.3315508021390374,1.1818181818181819,48,25,22,-0.14973262032085555,0.5208333333333334,0.4583333333333333,-0.06250000000000006,31.0,31.0,0.0
2018,KC,179,3.2458100558659218,2.9720670391061454,92,71,66,-0.2737430167597763,0.7717391304347826,0.717391304347826,-0.05434782608695654,1.0,1.0,0.0
2018,LA,190,2.8105263157894735,2.5894736842105264,97,61,55,-0.22105263157894717,0.6288659793814433,0.5670103092783505,-0.061855670103092786,3.0,3.0,0.0
2018,LAC,174,2.6264367816091956,2.3448275862068964,72,51,48,-0.28160919540229923,0.7083333333333334,0.6666666666666666,-0.04166666666666674,4.0,5.0,1.0
2018,LV,181,1.7624309392265194,1.5303867403314917,53,30,28,-0.2320441988950277,0.5660377358490566,0.5283018867924528,-0.037735849056603765,28.0,28.0,0.0
2018,MIA,188,1.8138297872340425,1.553191489361702,53,37,33,-0.2606382978723405,0.6981132075471698,0.6226415094339622,-0.07547169811320753,26.0,27.0,1.0
2018,MIN,191,2.1047120418848166,1.774869109947644,66,42,39,-0.32984293193717273,0.6363636363636364,0.5909090909090909,-0.045454545454545414,18.0,24.0,6.0
2018,NE,188,2.367021276595745,2.25531914893617,76,51,48,-0.11170212765957466,0.6710526315789473,0.631578947368421,-0.03947368421052633,9.0,8.0,1.0
2018,NO,170,3.0058823529411764,2.9235294117647057,82,60,59,-0.08235294117647074,0.7317073170731707,0.7195121951219512,-0.012195121951219523,2.0,2.0,0.0
2018,NYG,184,2.0815217391304346,1.9293478260869565,68,39,36,-0.15217391304347805,0.5735294117647058,0.5294117647058824,-0.044117647058823484,19.0,18.0,1.0
2018,NYJ,205,1.751219512195122,1.5121951219512195,62,34,30,-0.23902439024390243,0.5483870967741935,0.4838709677419355,-0.06451612903225801,29.0,29.0,0.0
2018,PHI,176,2.1136363636363638,2.0738636363636362,66,41,41,-0.039772727272727515,0.6212121212121212,0.6212121212121212,0.0,16.0,12.0,4.0
2018,PIT,188,2.377659574468085,2.1914893617021276,70,55,52,-0.18617021276595747,0.7857142857142857,0.7428571428571429,-0.042857142857142816,8.0,10.0,2.0
2018,SEA,183,2.4644808743169397,2.273224043715847,73,52,50,-0.1912568306010929,0.7123287671232876,0.684931506849315,-0.0273972602739726,7.0,7.0,0.0
2018,SF,183,2.0382513661202184,1.8469945355191257,67,36,34,-0.19125683060109266,0.5373134328358209,0.5074626865671642,-0.02985074626865669,22.0,20.0,2.0
2018,TB,188,2.2819148936170213,2.095744680851064,76,49,48,-0.18617021276595747,0.6447368421052632,0.631578947368421,-0.013157894736842146,11.0,11.0,0.0
2018,TEN,169,1.9112426035502958,1.78698224852071,57,33,32,-0.12426035502958577,0.5789473684210527,0.5614035087719298,-0.01754385964912286,23.0,23.0,0.0
2018,WAS,174,1.7758620689655173,1.5747126436781609,50,30,28,-0.20114942528735646,0.6,0.56,-0.039999999999999925,27.0,26.0,1.0
2022,ARI,192,1.8229166666666667,1.6041666666666667,56,36,32,-0.21875,0.6428571428571429,0.5714285714285714,-0.07142857142857151,24.0,25.0,1.0
2022,ATL,174,2.0804597701149423,1.9597701149425288,64,38,35,-0.12068965517241348,0.59375,0.546875,-0.046875,14.0,15.0,1.0
2022,BAL,184,1.934782608695652,1.8967391304347827,66,34,34,-0.0380434782608694,0.5151515151515151,0.5151515151515151,0.0,19.0,17.0,2.0
2022,BUF,174,2.6264367816091956,2.545977011494253,86,53,52,-0.08045977011494276,0.6162790697674418,0.6046511627906976,-0.011627906976744207,3.0,2.0,1.0
2022,CAR,194,1.8969072164948453,1.7164948453608246,56,35,32,-0.18041237113402064,0.625,0.5714285714285714,-0.0535714285714286,21.0,20.0,1.0
2022,CHI,181,1.9613259668508287,1.8453038674033149,61,37,37,-0.11602209944751385,0.6065573770491803,0.6065573770491803,0.0,18.0,19.0,1.0
2022,CIN,179,2.435754189944134,2.3184357541899443,70,50,49,-0.11731843575418965,0.7142857142857143,0.7,-0.014285714285714346,7.0,5.0,2.0
2022,CLE,185,2.0054054054054054,1.854054054054054,68,41,38,-0.15135135135135136,0.6029411764705882,0.5588235294117647,-0.044117647058823484,17.0,18.0,1.0
2022,DAL,198,2.48989898989899,2.2777777777777777,72,55,52,-0.21212121212121238,0.7638888888888888,0.7222222222222222,-0.04166666666666663,5.0,6.0,1.0
2022,DEN,201,1.5472636815920398,1.4427860696517414,47,29,29,-0.10447761194029836,0.6170212765957447,0.6170212765957447,0.0,32.0,30.0,2.0
2022,DET,181,2.591160220994475,2.3977900552486187,79,54,52,-0.19337016574585641,0.6835443037974683,0.6582278481012658,-0.025316455696202556,4.0,4.0,0.0
2022,GB,181,2.116022099447514,1.9613259668508287,71,42,40,-0.15469613259668513,0.5915492957746479,0.5633802816901409,-0.028169014084507005,13.0,14.0,1.0
2022,HOU,200,1.73,1.415,55,29,28,-0.31499999999999995,0.5272727272727272,0.509090909090909,-0.018181818181818188,25.0,31.0,6.0
2022,IND,200,1.65,1.37,55,28,25,-0.2799999999999998,0.509090909090909,0.45454545454545453,-0.05454545454545451,29.0,32.0,3.0
2022,JAX,186,2.1774193548387095,2.0268817204301075,72,44,41,-0.15053763440860202,0.6111111111111112,0.5694444444444444,-0.04166666666666674,12.0,12.0,0.0
2022,KC,184,2.7119565217391304,2.635869565217391,83,60,58,-0.07608695652173925,0.7228915662650602,0.6987951807228916,-0.02409638554216864,1.0,1.0,0.0
2022,LA,179,1.8659217877094971,1.670391061452514,52,32,31,-0.1955307262569832,0.6153846153846154,0.5961538461538461,-0.019230769230769273,23.0,22.0,1.0
2022,LAC,191,2.0785340314136125,2.005235602094241,73,43,41,-0.07329842931937147,0.589041095890411,0.5616438356164384,-0.0273972602739726,15.0,13.0,2.0
2022,LV,177,2.3954802259887007,2.15819209039548,66,40,38,-0.2372881355932206,0.6060606060606061,0.5757575757575758,-0.030303030303030276,8.0,8.0,0.0
2022,MIA,184,2.2282608695652173,2.0380434782608696,66,46,43,-0.19021739130434767,0.696969696969697,0.6515151515151515,-0.045454545454545525,9.0,11.0,2.0
2022,MIN,203,2.2118226600985222,2.0738916256157633,75,50,49,-0.1379310344827589,0.6666666666666666,0.6533333333333333,-0.013333333333333308,11.0,9.0,2.0
2022,NE,200,1.915,1.565,65,39,31,-0.3500000000000001,0.6,0.47692307692307695,-0.12307692307692303,20.0,26.0,6.0
2022,NO,188,1.8936170212765957,1.7074468085106382,63,37,36,-0.18617021276595747,0.5873015873015873,0.5714285714285714,-0.015873015873015928,22.0,21.0,1.0
2022,NYG,182,2.0054945054945055,1.9285714285714286,58,40,38,-0.07692307692307687,0.6896551724137931,0.6551724137931034,-0.034482758620689724,16.0,16.0,0.0
2022,NYJ,196,1.5561224489795917,1.4489795918367347,58,29,28,-0.10714285714285698,0.5,0.4827586206896552,-0.017241379310344807,31.0,29.0,2.0
2022,PHI,188,2.648936170212766,2.4627659574468086,81,59,57,-0.18617021276595747,0.7283950617283951,0.7037037037037037,-0.024691358024691357,2.0,3.0,1.0
2022,PIT,183,1.7049180327868851,1.6284153005464481,55,29,28,-0.07650273224043702,0.5272727272727272,0.509090909090909,-0.018181818181818188,26.0,23.0,3.0
2022,SEA,190,2.221052631578947,2.0736842105263156,75,44,42,-0.1473684210526316,0.5866666666666667,0.56,-0.026666666666666616,10.0,10.0,0.0
2022,SF,189,2.4444444444444446,2.259259259259259,84,54,50,-0.18518518518518556,0.6428571428571429,0.5952380952380952,-0.04761904761904767,6.0,7.0,1.0
2022,TB,196,1.653061224489796,1.6173469387755102,60,32,31,-0.03571428571428581,0.5333333333333333,0.5166666666666667,-0.016666666666666607,28.0,24.0,4.0
2022,TEN,192,1.625,1.515625,53,34,33,-0.109375,0.6415094339622641,0.6226415094339622,-0.018867924528301883,30.0,28.0,2.0
2022,WAS,199,1.6683417085427135,1.5276381909547738,59,35,33,-0.14070351758793964,0.5932203389830508,0.559322033898305,-0.03389830508474578,27.0,27.0,0.0
2025,ARI,177,2.1412429378531073,1.9435028248587571,70,40,38,-0.19774011299435013,0.5714285714285714,0.5428571428571428,-0.02857142857142858,21.0,24.0,3.0
2025,ATL,187,2.0106951871657754,1.86096256684492,58,38,36,-0.14973262032085555,0.6551724137931034,0.6206896551724138,-0.03448275862068961,25.0,25.0,0.0
2025,BAL,180,2.4055555555555554,2.2888888888888888,79,48,46,-0.1166666666666667,0.6075949367088608,0.5822784810126582,-0.025316455696202556,11.0,11.0,0.0
2025,BUF,177,2.774011299435028,2.694915254237288,85,62,60,-0.07909604519774005,0.7294117647058823,0.7058823529411765,-0.0235294117647058,4.0,3.0,1.0
2025,CAR,168,1.9702380952380953,1.8035714285714286,57,34,33,-0.16666666666666674,0.5964912280701754,0.5789473684210527,-0.01754385964912275,27.0,26.0,1.0
2025,CHI,190,2.4,2.289473684210526,72,48,46,-0.1105263157894738,0.6666666666666666,0.6388888888888888,-0.02777777777777779,12.0,10.0,2.0
2025,CIN,182,2.631868131868132,2.2472527472527473,67,51,48,-0.3846153846153846,0.7611940298507462,0.7164179104477612,-0.04477611940298509,6.0,13.0,7.0
2025,CLE,199,1.5125628140703518,1.2663316582914572,49,28,26,-0.24623115577889454,0.5714285714285714,0.5306122448979592,-0.04081632653061218,31.0,32.0,1.0
2025,DAL,180,2.5722222222222224,2.4944444444444445,79,50,48,-0.07777777777777795,0.6329113924050633,0.6075949367088608,-0.025316455696202556,7.0,6.0,1.0
2025,DEN,192,2.0677083333333335,1.9947916666666667,70,45,43,-0.07291666666666674,0.6428571428571429,0.6142857142857143,-0.02857142857142858,23.0,19.0,4.0
2025,DET,189,2.5291005291005293,2.492063492063492,80,56,55,-0.0370370370370372,0.7,0.6875,-0.012499999999999956,10.0,7.0,3.0
2025,GB,168,2.375,2.375,68,43,43,0.0,0.6323529411764706,0.6323529411764706,0.0,13.0,8.0,5.0
2025,HOU,198,2.1414141414141414,1.9646464646464648,69,36,34,-0.17676767676767668,0.5217391304347826,0.4927536231884058,-0.028985507246376774,20.0,21.0,1.0
2025,IND,174,2.8275862068965516,2.706896551724138,77,53,52,-0.1206896551724137,0.6883116883116883,0.6753246753246753,-0.012987012987012991,2.0,2.0,0.0
2025,JAX,193,2.533678756476684,2.316062176165803,82,55,51,-0.21761658031088116,0.6707317073170732,0.6219512195121951,-0.04878048780487809,9.0,9.0,0.0
2025,KC,170,2.164705882352941,2.123529411764706,67,39,38,-0.04117647058823515,0.582089552238806,0.5671641791044776,-0.014925373134328401,18.0,15.0,3.0
2025,LA,184,2.983695652173913,2.755434782608696,94,65,63,-0.2282608695652173,0.6914893617021277,0.6702127659574468,-0.021276595744680882,1.0,1.0,0.0
2025,LAC,177,2.2033898305084745,2.0847457627118646,69,36,36,-0.11864406779660985,0.5217391304347826,0.5217391304347826,0.0,16.0,16.0,0.0
2025,LV,182,1.445054945054945,1.3296703296703296,45,25,25,-0.11538461538461542,0.5555555555555556,0.5555555555555556,0.0,32.0,31.0,1.0
2025,MIA,178,2.067415730337079,1.949438202247191,59,38,37,-0.11797752808988782,0.6440677966101694,0.6271186440677966,-0.016949152542372836,24.0,23.0,1.0
2025,MIN,189,2.005291005291005,1.783068783068783,58,36,33,-0.2222222222222221,0.6206896551724138,0.5689655172413793,-0.051724137931034475,26.0,27.0,1.0
2025,NE,180,2.783333333333333,2.55,86,58,54,-0.2333333333333334,0.6744186046511628,0.627906976744186,-0.046511627906976716,3.0,4.0,1.0
2025,NO,180,1.7833333333333334,1.5888888888888888,59,31,28,-0.19444444444444464,0.5254237288135594,0.4745762711864407,-0.050847457627118675,28.0,28.0,0.0
2025,NYG,174,2.3448275862068964,2.1839080459770117,75,45,43,-0.16091954022988464,0.6,0.5733333333333334,-0.026666666666666616,14.0,14.0,0.0
2025,NYJ,187,1.6844919786096257,1.53475935828877,54,30,27,-0.14973262032085577,0.5555555555555556,0.5,-0.05555555555555558,30.0,29.0,1.0
2025,PHI,182,2.1043956043956045,1.989010989010989,60,45,43,-0.11538461538461542,0.75,0.7166666666666667,-0.033333333333333326,22.0,20.0,2.0
2025,PIT,182,2.241758241758242,2.0494505494505493,67,45,42,-0.1923076923076925,0.6716417910447762,0.6268656716417911,-0.04477611940298509,15.0,18.0,3.0
2025,SEA,193,2.5595854922279795,2.2694300518134716,78,51,45,-0.2901554404145079,0.6538461538461539,0.5769230769230769,-0.07692307692307698,8.0,12.0,4.0
2025,SF,172,2.63953488372093,2.5174418604651163,72,49,48,-0.12209302325581373,0.6805555555555556,0.6666666666666666,-0.01388888888888895,5.0,5.0,0.0
2025,TB,188,2.148936170212766,1.9627659574468086,67,42,39,-0.18617021276595747,0.6268656716417911,0.582089552238806,-0.04477611940298509,19.0,22.0,3.0
2025,TEN,187,1.7005347593582887,1.4385026737967914,44,28,25,-0.26203208556149726,0.6363636363636364,0.5681818181818182,-0.06818181818181812,29.0,30.0,1.0
2025,WAS,170,2.176470588235294,2.052941176470588,58,41,39,-0.12352941176470589,0.7068965517241379,0.6724137931034483,-0.03448275862068961,17.0,17.0,0.0
