season,team,projection_cutoff,expected_opening_caller_id,eligible_at_cutoff,unknown_reason,expected_opening_hc_id,prev_season_closing_caller_id,prev_closing_hc_id,prev_closing_caller_id,pc_changed_entering,hc_changed_entering,caller_identity_unknown,hc_identity_unknown
2014,ARI,2014-09-03,,False,unresolved_historical_attribution,bruce_arians,,bruce_arians,,,0.0,1,0
2014,ATL,2014-09-03,,False,post_cutoff_evidence_only,mike_smith,,mike_smith,,,0.0,1,0
2014,BAL,2014-09-03,,False,post_cutoff_evidence_only,john_harbaugh,,john_harbaugh,,,0.0,1,0
2014,BUF,2014-09-03,,False,post_cutoff_evidence_only,doug_marrone,,doug_marrone,,,0.0,1,0
2014,CAR,2014-09-03,,False,post_cutoff_evidence_only,ron_rivera,,ron_rivera,,,0.0,1,0
2014,CHI,2014-09-03,,False,unresolved_historical_attribution,marc_trestman,,marc_trestman,,,0.0,1,0
2014,CIN,2014-09-03,hue_jackson,True,,marvin_lewis,,marvin_lewis,,,0.0,0,0
2014,CLE,2014-09-03,,False,post_cutoff_evidence_only,mike_pettine,,rob_chudzinski,,,1.0,1,0
2014,DAL,2014-09-03,scott_linehan,True,,jason_garrett,,jason_garrett,,,0.0,0,0
2014,DEN,2014-09-03,,False,post_cutoff_evidence_only,john_fox,,john_fox,,,0.0,1,0
2014,DET,2014-09-03,joe_lombardi,True,,jim_caldwell,,jim_schwartz,,,1.0,0,0
2014,GB,2014-09-03,,False,missing_or_uncertain_date,mike_mccarthy,,mike_mccarthy,,,0.0,1,0
2014,HOU,2014-09-03,,False,post_cutoff_evidence_only,bill_obrien,,wade_phillips,,,1.0,1,0
2014,IND,2014-09-03,,False,post_cutoff_evidence_only,chuck_pagano,,chuck_pagano,,,0.0,1,0
2014,JAX,2014-09-03,,False,unresolved_historical_attribution,gus_bradley,,gus_bradley,,,0.0,1,0
2014,KC,2014-09-03,,False,post_cutoff_evidence_only,andy_reid,,andy_reid,,,0.0,1,0
2014,LA,2014-09-03,,False,post_cutoff_evidence_only,jeff_fisher,,jeff_fisher,,,0.0,1,0
2014,LAC,2014-09-03,,False,post_cutoff_evidence_only,mike_mccoy,,mike_mccoy,,,0.0,1,0
2014,LV,2014-09-03,,False,unresolved_historical_attribution,dennis_allen,,dennis_allen,,,0.0,1,0
2014,MIA,2014-09-03,,False,post_cutoff_evidence_only,joe_philbin,,joe_philbin,,,0.0,1,0
2014,MIN,2014-09-03,,False,post_cutoff_evidence_only,mike_zimmer,,leslie_frazier,,,1.0,1,0
2014,NE,2014-09-03,,False,post_cutoff_evidence_only,bill_belichick,,bill_belichick,,,0.0,1,0
2014,NO,2014-09-03,,False,post_cutoff_evidence_only,sean_payton,,sean_payton,,,0.0,1,0
2014,NYG,2014-09-03,ben_mcadoo,True,,tom_coughlin,,tom_coughlin,,,0.0,0,0
2014,NYJ,2014-09-03,,False,post_cutoff_evidence_only,rex_ryan,,rex_ryan,,,0.0,1,0
2014,PHI,2014-09-03,,False,post_cutoff_evidence_only,chip_kelly,,chip_kelly,,,0.0,1,0
2014,PIT,2014-09-03,,False,post_cutoff_evidence_only,mike_tomlin,,mike_tomlin,,,0.0,1,0
2014,SEA,2014-09-03,,False,post_cutoff_evidence_only,pete_carroll,,pete_carroll,,,0.0,1,0
2014,SF,2014-09-03,,False,unresolved_historical_attribution,jim_harbaugh,,jim_harbaugh,,,0.0,1,0
2014,TB,2014-09-03,,False,post_cutoff_evidence_only,lovie_smith,,greg_schiano,,,1.0,1,0
2014,TEN,2014-09-03,ken_whisenhunt,True,,ken_whisenhunt,,mike_munchak,,,1.0,0,0
2014,WAS,2014-09-03,,False,post_cutoff_evidence_only,jay_gruden,,mike_shanahan,,,1.0,1,0
2015,ARI,2015-09-09,,False,post_cutoff_evidence_only,bruce_arians,,bruce_arians,,,0.0,1,0
2015,ATL,2015-09-09,kyle_shanahan,True,,dan_quinn,dirk_koetter,mike_smith,dirk_koetter,1.0,1.0,0,0
2015,BAL,2015-09-09,,False,post_cutoff_evidence_only,john_harbaugh,gary_kubiak,john_harbaugh,gary_kubiak,,0.0,1,0
2015,BUF,2015-09-09,,False,post_cutoff_evidence_only,rex_ryan,nathaniel_hackett,doug_marrone,nathaniel_hackett,,1.0,1,0
2015,CAR,2015-09-09,,False,post_cutoff_evidence_only,ron_rivera,mike_shula,ron_rivera,mike_shula,,0.0,1,0
2015,CHI,2015-09-09,,False,post_cutoff_evidence_only,john_fox,,marc_trestman,,,1.0,1,0
2015,CIN,2015-09-09,,False,unresolved_historical_attribution,marvin_lewis,hue_jackson,marvin_lewis,hue_jackson,,0.0,1,0
2015,CLE,2015-09-09,,False,unresolved_historical_attribution,mike_pettine,kyle_shanahan,mike_pettine,kyle_shanahan,,0.0,1,0
2015,DAL,2015-09-09,,False,post_cutoff_evidence_only,jason_garrett,scott_linehan,jason_garrett,scott_linehan,,0.0,1,0
2015,DEN,2015-09-09,gary_kubiak,True,,gary_kubiak,adam_gase,john_fox,adam_gase,1.0,1.0,0,0
2015,DET,2015-09-09,,False,missing_or_uncertain_date,jim_caldwell,joe_lombardi,jim_caldwell,joe_lombardi,,0.0,1,0
2015,GB,2015-09-09,,False,missing_or_uncertain_date,mike_mccarthy,mike_mccarthy,mike_mccarthy,mike_mccarthy,,0.0,1,0
2015,HOU,2015-09-09,,False,post_cutoff_evidence_only,bill_obrien,bill_obrien,bill_obrien,bill_obrien,,0.0,1,0
2015,IND,2015-09-09,,False,post_cutoff_evidence_only,chuck_pagano,pep_hamilton,chuck_pagano,pep_hamilton,,0.0,1,0
2015,JAX,2015-09-09,,False,post_cutoff_evidence_only,gus_bradley,,gus_bradley,,,0.0,1,0
2015,KC,2015-09-09,,False,post_cutoff_evidence_only,andy_reid,andy_reid,andy_reid,andy_reid,,0.0,1,0
2015,LA,2015-09-09,,False,post_cutoff_evidence_only,jeff_fisher,brian_schottenheimer,jeff_fisher,brian_schottenheimer,,0.0,1,0
2015,LAC,2015-09-09,,False,post_cutoff_evidence_only,mike_mccoy,frank_reich,mike_mccoy,frank_reich,,0.0,1,0
2015,LV,2015-09-09,,False,post_cutoff_evidence_only,jack_del_rio,,tony_sparano,,,1.0,1,0
2015,MIA,2015-09-09,,False,post_cutoff_evidence_only,joe_philbin,bill_lazor,joe_philbin,bill_lazor,,0.0,1,0
2015,MIN,2015-09-09,,False,post_cutoff_evidence_only,mike_zimmer,norv_turner,mike_zimmer,norv_turner,,0.0,1,0
2015,NE,2015-09-09,,False,post_cutoff_evidence_only,bill_belichick,josh_mcdaniels,bill_belichick,josh_mcdaniels,,0.0,1,0
2015,NO,2015-09-09,,False,post_cutoff_evidence_only,sean_payton,sean_payton,sean_payton,sean_payton,,0.0,1,0
2015,NYG,2015-09-09,ben_mcadoo,True,,tom_coughlin,ben_mcadoo,tom_coughlin,ben_mcadoo,0.0,0.0,0,0
2015,NYJ,2015-09-09,,False,post_cutoff_evidence_only,todd_bowles,marty_mornhinweg,rex_ryan,marty_mornhinweg,,1.0,1,0
2015,PHI,2015-09-09,,False,post_cutoff_evidence_only,chip_kelly,chip_kelly,chip_kelly,chip_kelly,,0.0,1,0
2015,PIT,2015-09-09,,False,post_cutoff_evidence_only,mike_tomlin,todd_haley,mike_tomlin,todd_haley,,0.0,1,0
2015,SEA,2015-09-09,,False,post_cutoff_evidence_only,pete_carroll,darrell_bevell,pete_carroll,darrell_bevell,,0.0,1,0
2015,SF,2015-09-09,,False,post_cutoff_evidence_only,jim_tomsula,,jim_harbaugh,,,1.0,1,0
2015,TB,2015-09-09,,False,post_cutoff_evidence_only,lovie_smith,marcus_arroyo,lovie_smith,marcus_arroyo,,0.0,1,0
2015,TEN,2015-09-09,,False,post_cutoff_evidence_only,ken_whisenhunt,ken_whisenhunt,ken_whisenhunt,ken_whisenhunt,,0.0,1,0
2015,WAS,2015-09-09,,False,post_cutoff_evidence_only,jay_gruden,jay_gruden,jay_gruden,jay_gruden,,0.0,1,0
2016,ARI,2016-09-07,bruce_arians,True,,bruce_arians,bruce_arians,bruce_arians,bruce_arians,0.0,0.0,0,0
2016,ATL,2016-09-07,kyle_shanahan,True,,dan_quinn,kyle_shanahan,dan_quinn,kyle_shanahan,0.0,0.0,0,0
2016,BAL,2016-09-07,,False,post_cutoff_evidence_only,john_harbaugh,marc_trestman,john_harbaugh,marc_trestman,,0.0,1,0
2016,BUF,2016-09-07,,False,post_cutoff_evidence_only,rex_ryan,greg_roman,rex_ryan,greg_roman,,0.0,1,0
2016,CAR,2016-09-07,mike_shula,True,,ron_rivera,mike_shula,ron_rivera,mike_shula,0.0,0.0,0,0
2016,CHI,2016-09-07,,False,unresolved_historical_attribution,john_fox,adam_gase,john_fox,adam_gase,,0.0,1,0
2016,CIN,2016-09-07,,False,unresolved_historical_attribution,marvin_lewis,,marvin_lewis,,,0.0,1,0
2016,CLE,2016-09-07,hue_jackson,True,,hue_jackson,,mike_pettine,,,1.0,0,0
2016,DAL,2016-09-07,,False,post_cutoff_evidence_only,jason_garrett,scott_linehan,jason_garrett,scott_linehan,,0.0,1,0
2016,DEN,2016-09-07,,False,unresolved_historical_attribution,gary_kubiak,gary_kubiak,gary_kubiak,gary_kubiak,,0.0,1,0
2016,DET,2016-09-07,jim_bob_cooter,True,,jim_caldwell,jim_bob_cooter,jim_caldwell,jim_bob_cooter,0.0,0.0,0,0
2016,GB,2016-09-07,,False,missing_or_uncertain_date,mike_mccarthy,mike_mccarthy,mike_mccarthy,mike_mccarthy,,0.0,1,0
2016,HOU,2016-09-07,,False,post_cutoff_evidence_only,bill_obrien,george_godsey,bill_obrien,george_godsey,,0.0,1,0
2016,IND,2016-09-07,rob_chudzinski,True,,chuck_pagano,rob_chudzinski,chuck_pagano,rob_chudzinski,0.0,0.0,0,0
2016,JAX,2016-09-07,,False,post_cutoff_evidence_only,gus_bradley,greg_olson,gus_bradley,greg_olson,,0.0,1,0
2016,KC,2016-09-07,,False,post_cutoff_evidence_only,andy_reid,andy_reid,andy_reid,andy_reid,,0.0,1,0
2016,LA,2016-09-07,rob_boras,True,,jeff_fisher,rob_boras,jeff_fisher,rob_boras,0.0,0.0,0,0
2016,LAC,2016-09-07,,False,unresolved_historical_attribution,mike_mccoy,frank_reich,mike_mccoy,frank_reich,,0.0,1,0
2016,LV,2016-09-07,,False,post_cutoff_evidence_only,jack_del_rio,bill_musgrave,jack_del_rio,bill_musgrave,,0.0,1,0
2016,MIA,2016-09-07,adam_gase,True,,adam_gase,zac_taylor,joe_philbin,zac_taylor,1.0,1.0,0,0
2016,MIN,2016-09-07,,False,post_cutoff_evidence_only,mike_zimmer,norv_turner,mike_zimmer,norv_turner,,0.0,1,0
2016,NE,2016-09-07,,False,post_cutoff_evidence_only,bill_belichick,josh_mcdaniels,bill_belichick,josh_mcdaniels,,0.0,1,0
2016,NO,2016-09-07,,False,unresolved_historical_attribution,sean_payton,sean_payton,sean_payton,sean_payton,,0.0,1,0
2016,NYG,2016-09-07,,False,post_cutoff_evidence_only,ben_mcadoo,ben_mcadoo,tom_coughlin,ben_mcadoo,,1.0,1,0
2016,NYJ,2016-09-07,,False,post_cutoff_evidence_only,todd_bowles,chan_gailey,todd_bowles,chan_gailey,,0.0,1,0
2016,PHI,2016-09-07,,False,post_cutoff_evidence_only,doug_pederson,chip_kelly,pat_shurmur,chip_kelly,,1.0,1,0
2016,PIT,2016-09-07,,False,post_cutoff_evidence_only,mike_tomlin,todd_haley,mike_tomlin,todd_haley,,0.0,1,0
2016,SEA,2016-09-07,,False,post_cutoff_evidence_only,pete_carroll,darrell_bevell,pete_carroll,darrell_bevell,,0.0,1,0
2016,SF,2016-09-07,chip_kelly,True,,chip_kelly,geep_chryst,jim_tomsula,geep_chryst,1.0,1.0,0,0
2016,TB,2016-09-07,dirk_koetter,True,,dirk_koetter,dirk_koetter,lovie_smith,dirk_koetter,0.0,1.0,0,0
2016,TEN,2016-09-07,terry_robiskie,True,,mike_mularkey,jason_michael,ken_whisenhunt,jason_michael,1.0,1.0,0,0
2016,WAS,2016-09-07,,False,post_cutoff_evidence_only,jay_gruden,sean_mcvay,jay_gruden,sean_mcvay,,0.0,1,0
2017,ARI,2017-09-06,,False,post_cutoff_evidence_only,bruce_arians,bruce_arians,bruce_arians,bruce_arians,,0.0,1,0
2017,ATL,2017-09-06,,False,post_cutoff_evidence_only,dan_quinn,kyle_shanahan,dan_quinn,kyle_shanahan,,0.0,1,0
2017,BAL,2017-09-06,,False,post_cutoff_evidence_only,john_harbaugh,marty_mornhinweg,john_harbaugh,marty_mornhinweg,,0.0,1,0
2017,BUF,2017-09-06,,False,post_cutoff_evidence_only,sean_mcdermott,anthony_lynn,anthony_lynn,anthony_lynn,,1.0,1,0
2017,CAR,2017-09-06,,False,post_cutoff_evidence_only,ron_rivera,mike_shula,ron_rivera,mike_shula,,0.0,1,0
2017,CHI,2017-09-06,,False,post_cutoff_evidence_only,john_fox,,john_fox,,,0.0,1,0
2017,CIN,2017-09-06,,False,missing_or_uncertain_date,marvin_lewis,,marvin_lewis,,,0.0,1,0
2017,CLE,2017-09-06,,False,post_cutoff_evidence_only,hue_jackson,hue_jackson,hue_jackson,hue_jackson,,0.0,1,0
2017,DAL,2017-09-06,,False,post_cutoff_evidence_only,jason_garrett,scott_linehan,jason_garrett,scott_linehan,,0.0,1,0
2017,DEN,2017-09-06,,False,post_cutoff_evidence_only,vance_joseph,,gary_kubiak,,,1.0,1,0
2017,DET,2017-09-06,,False,post_cutoff_evidence_only,jim_caldwell,jim_bob_cooter,jim_caldwell,jim_bob_cooter,,0.0,1,0
2017,GB,2017-09-06,,False,post_cutoff_evidence_only,mike_mccarthy,mike_mccarthy,mike_mccarthy,mike_mccarthy,,0.0,1,0
2017,HOU,2017-09-06,,False,post_cutoff_evidence_only,bill_obrien,bill_obrien,bill_obrien,bill_obrien,,0.0,1,0
2017,IND,2017-09-06,,False,post_cutoff_evidence_only,chuck_pagano,rob_chudzinski,chuck_pagano,rob_chudzinski,,0.0,1,0
2017,JAX,2017-09-06,,False,post_cutoff_evidence_only,doug_marrone,nathaniel_hackett,doug_marrone,nathaniel_hackett,,0.0,1,0
2017,KC,2017-09-06,,False,post_cutoff_evidence_only,andy_reid,andy_reid,andy_reid,andy_reid,,0.0,1,0
2017,LA,2017-09-06,,False,post_cutoff_evidence_only,sean_mcvay,rob_boras,jeff_fisher,rob_boras,,1.0,1,0
2017,LAC,2017-09-06,,False,post_cutoff_evidence_only,anthony_lynn,,mike_mccoy,,,1.0,1,0
2017,LV,2017-09-06,,False,post_cutoff_evidence_only,jack_del_rio,bill_musgrave,jack_del_rio,bill_musgrave,,0.0,1,0
2017,MIA,2017-09-06,,False,post_cutoff_evidence_only,adam_gase,adam_gase,adam_gase,adam_gase,,0.0,1,0
2017,MIN,2017-09-06,,False,post_cutoff_evidence_only,mike_zimmer,pat_shurmur,mike_zimmer,pat_shurmur,,0.0,1,0
2017,NE,2017-09-06,,False,post_cutoff_evidence_only,bill_belichick,josh_mcdaniels,bill_belichick,josh_mcdaniels,,0.0,1,0
2017,NO,2017-09-06,,False,post_cutoff_evidence_only,sean_payton,,sean_payton,,,0.0,1,0
2017,NYG,2017-09-06,,False,post_cutoff_evidence_only,ben_mcadoo,ben_mcadoo,ben_mcadoo,ben_mcadoo,,0.0,1,0
2017,NYJ,2017-09-06,,False,post_cutoff_evidence_only,todd_bowles,chan_gailey,todd_bowles,chan_gailey,,0.0,1,0
2017,PHI,2017-09-06,,False,post_cutoff_evidence_only,doug_pederson,doug_pederson,doug_pederson,doug_pederson,,0.0,1,0
2017,PIT,2017-09-06,,False,post_cutoff_evidence_only,mike_tomlin,todd_haley,mike_tomlin,todd_haley,,0.0,1,0
2017,SEA,2017-09-06,,False,post_cutoff_evidence_only,pete_carroll,darrell_bevell,pete_carroll,darrell_bevell,,0.0,1,0
2017,SF,2017-09-06,,False,post_cutoff_evidence_only,kyle_shanahan,chip_kelly,chip_kelly,chip_kelly,,1.0,1,0
2017,TB,2017-09-06,,False,post_cutoff_evidence_only,dirk_koetter,dirk_koetter,dirk_koetter,dirk_koetter,,0.0,1,0
2017,TEN,2017-09-06,,False,post_cutoff_evidence_only,mike_mularkey,terry_robiskie,mike_mularkey,terry_robiskie,,0.0,1,0
2017,WAS,2017-09-06,,False,post_cutoff_evidence_only,jay_gruden,sean_mcvay,jay_gruden,sean_mcvay,,0.0,1,0
2018,ARI,2018-09-05,mike_mccoy,True,,steve_wilks,bruce_arians,bruce_arians,bruce_arians,1.0,1.0,0,0
2018,ATL,2018-09-05,steve_sarkisian,True,,dan_quinn,steve_sarkisian,dan_quinn,steve_sarkisian,0.0,0.0,0,0
2018,BAL,2018-09-05,marty_mornhinweg,True,,john_harbaugh,marty_mornhinweg,john_harbaugh,marty_mornhinweg,0.0,0.0,0,0
2018,BUF,2018-09-05,brian_daboll,True,,sean_mcdermott,rick_dennison,sean_mcdermott,rick_dennison,1.0,0.0,0,0
2018,CAR,2018-09-05,norv_turner,True,,ron_rivera,mike_shula,ron_rivera,mike_shula,1.0,0.0,0,0
2018,CHI,2018-09-05,matt_nagy,True,,matt_nagy,dowell_loggains,john_fox,dowell_loggains,1.0,1.0,0,0
2018,CIN,2018-09-05,bill_lazor,True,,marvin_lewis,bill_lazor,marvin_lewis,bill_lazor,0.0,0.0,0,0
2018,CLE,2018-09-05,,False,post_cutoff_evidence_only,hue_jackson,hue_jackson,hue_jackson,hue_jackson,,0.0,1,0
2018,DAL,2018-09-05,scott_linehan,True,,jason_garrett,scott_linehan,jason_garrett,scott_linehan,0.0,0.0,0,0
2018,DEN,2018-09-05,bill_musgrave,True,,vance_joseph,mike_mccoy,vance_joseph,mike_mccoy,1.0,0.0,0,0
2018,DET,2018-09-05,jim_bob_cooter,True,,matt_patricia,jim_bob_cooter,jim_caldwell,jim_bob_cooter,0.0,1.0,0,0
2018,GB,2018-09-05,mike_mccarthy,True,,mike_mccarthy,mike_mccarthy,mike_mccarthy,mike_mccarthy,0.0,0.0,0,0
2018,HOU,2018-09-05,bill_obrien,True,,bill_obrien,bill_obrien,bill_obrien,bill_obrien,0.0,0.0,0,0
2018,IND,2018-09-05,frank_reich,True,,frank_reich,rob_chudzinski,chuck_pagano,rob_chudzinski,1.0,1.0,0,0
2018,JAX,2018-09-05,nathaniel_hackett,True,,doug_marrone,nathaniel_hackett,doug_marrone,nathaniel_hackett,0.0,0.0,0,0
2018,KC,2018-09-05,andy_reid,True,,andy_reid,matt_nagy,andy_reid,matt_nagy,1.0,0.0,0,0
2018,LA,2018-09-05,sean_mcvay,True,,sean_mcvay,sean_mcvay,sean_mcvay,sean_mcvay,0.0,0.0,0,0
2018,LAC,2018-09-05,ken_whisenhunt,True,,anthony_lynn,ken_whisenhunt,anthony_lynn,ken_whisenhunt,0.0,0.0,0,0
2018,LV,2018-09-05,jon_gruden,True,,jon_gruden,todd_downing,jack_del_rio,todd_downing,1.0,1.0,0,0
2018,MIA,2018-09-05,adam_gase,True,,adam_gase,adam_gase,adam_gase,adam_gase,0.0,0.0,0,0
2018,MIN,2018-09-05,john_defilippo,True,,mike_zimmer,pat_shurmur,mike_zimmer,pat_shurmur,1.0,0.0,0,0
2018,NE,2018-09-05,josh_mcdaniels,True,,bill_belichick,josh_mcdaniels,bill_belichick,josh_mcdaniels,0.0,0.0,0,0
2018,NO,2018-09-05,sean_payton,True,,sean_payton,sean_payton,sean_payton,sean_payton,0.0,0.0,0,0
2018,NYG,2018-09-05,pat_shurmur,True,,pat_shurmur,mike_sullivan,steve_spagnuolo,mike_sullivan,1.0,1.0,0,0
2018,NYJ,2018-09-05,jeremy_bates,True,,todd_bowles,john_morton,todd_bowles,john_morton,1.0,0.0,0,0
2018,PHI,2018-09-05,doug_pederson,True,,doug_pederson,doug_pederson,doug_pederson,doug_pederson,0.0,0.0,0,0
2018,PIT,2018-09-05,randy_fichtner,True,,mike_tomlin,todd_haley,mike_tomlin,todd_haley,1.0,0.0,0,0
2018,SEA,2018-09-05,brian_schottenheimer,True,,pete_carroll,darrell_bevell,pete_carroll,darrell_bevell,1.0,0.0,0,0
2018,SF,2018-09-05,kyle_shanahan,True,,kyle_shanahan,kyle_shanahan,kyle_shanahan,kyle_shanahan,0.0,0.0,0,0
2018,TB,2018-09-05,dirk_koetter,True,,dirk_koetter,dirk_koetter,dirk_koetter,dirk_koetter,0.0,0.0,0,0
2018,TEN,2018-09-05,matt_lafleur,True,,mike_vrabel,terry_robiskie,mike_mularkey,terry_robiskie,1.0,1.0,0,0
2018,WAS,2018-09-05,jay_gruden,True,,jay_gruden,jay_gruden,jay_gruden,jay_gruden,0.0,0.0,0,0
2019,ARI,2019-09-04,,False,unresolved_historical_attribution,kliff_kingsbury,mike_mccoy,steve_wilks,mike_mccoy,,1.0,1,0
2019,ATL,2019-09-04,,False,unresolved_historical_attribution,dan_quinn,steve_sarkisian,dan_quinn,steve_sarkisian,,0.0,1,0
2019,BAL,2019-09-04,,False,unresolved_historical_attribution,john_harbaugh,marty_mornhinweg,john_harbaugh,marty_mornhinweg,,0.0,1,0
2019,BUF,2019-09-04,,False,unresolved_historical_attribution,sean_mcdermott,brian_daboll,sean_mcdermott,brian_daboll,,0.0,1,0
2019,CAR,2019-09-04,norv_turner,True,,ron_rivera,norv_turner,ron_rivera,norv_turner,0.0,0.0,0,0
2019,CHI,2019-09-04,,False,post_cutoff_evidence_only,matt_nagy,matt_nagy,matt_nagy,matt_nagy,,0.0,1,0
2019,CIN,2019-09-04,,False,post_cutoff_evidence_only,zac_taylor,bill_lazor,marvin_lewis,bill_lazor,,1.0,1,0
2019,CLE,2019-09-04,freddie_kitchens,True,,freddie_kitchens,freddie_kitchens,gregg_williams,freddie_kitchens,0.0,1.0,0,0
2019,DAL,2019-09-04,kellen_moore,True,,jason_garrett,scott_linehan,jason_garrett,scott_linehan,1.0,0.0,0,0
2019,DEN,2019-09-04,,False,post_cutoff_evidence_only,vic_fangio,bill_musgrave,vance_joseph,bill_musgrave,,1.0,1,0
2019,DET,2019-09-04,,False,unresolved_historical_attribution,matt_patricia,jim_bob_cooter,matt_patricia,jim_bob_cooter,,0.0,1,0
2019,GB,2019-09-04,matt_lafleur,True,,matt_lafleur,mike_mccarthy,joe_philbin,mike_mccarthy,1.0,1.0,0,0
2019,HOU,2019-09-04,,False,post_cutoff_evidence_only,bill_obrien,bill_obrien,bill_obrien,bill_obrien,,0.0,1,0
2019,IND,2019-09-04,,False,post_cutoff_evidence_only,frank_reich,frank_reich,frank_reich,frank_reich,,0.0,1,0
2019,JAX,2019-09-04,,False,post_cutoff_evidence_only,doug_marrone,nathaniel_hackett,doug_marrone,nathaniel_hackett,,0.0,1,0
2019,KC,2019-09-04,,False,post_cutoff_evidence_only,andy_reid,andy_reid,andy_reid,andy_reid,,0.0,1,0
2019,LA,2019-09-04,,False,post_cutoff_evidence_only,sean_mcvay,sean_mcvay,sean_mcvay,sean_mcvay,,0.0,1,0
2019,LAC,2019-09-04,,False,missing_or_uncertain_date,anthony_lynn,ken_whisenhunt,anthony_lynn,ken_whisenhunt,,0.0,1,0
2019,LV,2019-09-04,,False,post_cutoff_evidence_only,jon_gruden,jon_gruden,jon_gruden,jon_gruden,,0.0,1,0
2019,MIA,2019-09-04,chad_oshea,True,,brian_flores,adam_gase,adam_gase,adam_gase,1.0,1.0,0,0
2019,MIN,2019-09-04,kevin_stefanski,True,,mike_zimmer,john_defilippo,mike_zimmer,john_defilippo,1.0,0.0,0,0
2019,NE,2019-09-04,,False,unresolved_historical_attribution,bill_belichick,josh_mcdaniels,bill_belichick,josh_mcdaniels,,0.0,1,0
2019,NO,2019-09-04,,False,unresolved_historical_attribution,sean_payton,sean_payton,sean_payton,sean_payton,,0.0,1,0
2019,NYG,2019-09-04,,False,unresolved_historical_attribution,pat_shurmur,pat_shurmur,pat_shurmur,pat_shurmur,,0.0,1,0
2019,NYJ,2019-09-04,,False,post_cutoff_evidence_only,adam_gase,jeremy_bates,todd_bowles,jeremy_bates,,1.0,1,0
2019,PHI,2019-09-04,,False,post_cutoff_evidence_only,doug_pederson,doug_pederson,doug_pederson,doug_pederson,,0.0,1,0
2019,PIT,2019-09-04,,False,post_cutoff_evidence_only,mike_tomlin,randy_fichtner,mike_tomlin,randy_fichtner,,0.0,1,0
2019,SEA,2019-09-04,,False,post_cutoff_evidence_only,pete_carroll,brian_schottenheimer,pete_carroll,brian_schottenheimer,,0.0,1,0
2019,SF,2019-09-04,,False,post_cutoff_evidence_only,kyle_shanahan,kyle_shanahan,kyle_shanahan,kyle_shanahan,,0.0,1,0
2019,TB,2019-09-04,byron_leftwich,True,,bruce_arians,dirk_koetter,dirk_koetter,dirk_koetter,1.0,1.0,0,0
2019,TEN,2019-09-04,,False,post_cutoff_evidence_only,mike_vrabel,matt_lafleur,mike_vrabel,matt_lafleur,,0.0,1,0
2019,WAS,2019-09-04,,False,missing_or_uncertain_date,jay_gruden,jay_gruden,jay_gruden,jay_gruden,,0.0,1,0
2020,ARI,2020-09-09,kliff_kingsbury,True,,kliff_kingsbury,,kliff_kingsbury,,,0.0,0,0
2020,ATL,2020-09-09,,False,post_cutoff_evidence_only,dan_quinn,,dan_quinn,,,0.0,1,0
2020,BAL,2020-09-09,greg_roman,True,,john_harbaugh,,john_harbaugh,,,0.0,0,0
2020,BUF,2020-09-09,,False,post_cutoff_evidence_only,sean_mcdermott,,sean_mcdermott,,,0.0,1,0
2020,CAR,2020-09-09,joe_brady,True,,matt_rhule,norv_turner,ron_rivera,norv_turner,1.0,1.0,0,0
2020,CHI,2020-09-09,,False,missing_or_uncertain_date,matt_nagy,matt_nagy,matt_nagy,matt_nagy,,0.0,1,0
2020,CIN,2020-09-09,,False,post_cutoff_evidence_only,zac_taylor,zac_taylor,zac_taylor,zac_taylor,,0.0,1,0
2020,CLE,2020-09-09,,False,post_cutoff_evidence_only,kevin_stefanski,freddie_kitchens,freddie_kitchens,freddie_kitchens,,1.0,1,0
2020,DAL,2020-09-09,kellen_moore,True,,mike_mccarthy,kellen_moore,jason_garrett,kellen_moore,0.0,1.0,0,0
2020,DEN,2020-09-09,,False,post_cutoff_evidence_only,vic_fangio,rich_scangarello,vic_fangio,rich_scangarello,,0.0,1,0
2020,DET,2020-09-09,,False,post_cutoff_evidence_only,matt_patricia,,matt_patricia,,,0.0,1,0
2020,GB,2020-09-09,,False,post_cutoff_evidence_only,matt_lafleur,matt_lafleur,matt_lafleur,matt_lafleur,,0.0,1,0
2020,HOU,2020-09-09,,False,post_cutoff_evidence_only,bill_obrien,bill_obrien,bill_obrien,bill_obrien,,0.0,1,0
2020,IND,2020-09-09,,False,post_cutoff_evidence_only,frank_reich,frank_reich,frank_reich,frank_reich,,0.0,1,0
2020,JAX,2020-09-09,,False,post_cutoff_evidence_only,doug_marrone,john_defilippo,doug_marrone,john_defilippo,,0.0,1,0
2020,KC,2020-09-09,andy_reid,True,,andy_reid,andy_reid,andy_reid,andy_reid,0.0,0.0,0,0
2020,LA,2020-09-09,,False,post_cutoff_evidence_only,sean_mcvay,sean_mcvay,sean_mcvay,sean_mcvay,,0.0,1,0
2020,LAC,2020-09-09,,False,post_cutoff_evidence_only,anthony_lynn,shane_steichen,anthony_lynn,shane_steichen,,0.0,1,0
2020,LV,2020-09-09,,False,post_cutoff_evidence_only,jon_gruden,jon_gruden,jon_gruden,jon_gruden,,0.0,1,0
2020,MIA,2020-09-09,,False,post_cutoff_evidence_only,brian_flores,chad_oshea,brian_flores,chad_oshea,,0.0,1,0
2020,MIN,2020-09-09,,False,post_cutoff_evidence_only,mike_zimmer,kevin_stefanski,mike_zimmer,kevin_stefanski,,0.0,1,0
2020,NE,2020-09-09,,False,post_cutoff_evidence_only,bill_belichick,,bill_belichick,,,0.0,1,0
2020,NO,2020-09-09,,False,post_cutoff_evidence_only,sean_payton,,sean_payton,,,0.0,1,0
2020,NYG,2020-09-09,,False,post_cutoff_evidence_only,joe_judge,,pat_shurmur,,,1.0,1,0
2020,NYJ,2020-09-09,,False,post_cutoff_evidence_only,adam_gase,adam_gase,adam_gase,adam_gase,,0.0,1,0
2020,PHI,2020-09-09,,False,post_cutoff_evidence_only,doug_pederson,doug_pederson,doug_pederson,doug_pederson,,0.0,1,0
2020,PIT,2020-09-09,,False,post_cutoff_evidence_only,mike_tomlin,randy_fichtner,mike_tomlin,randy_fichtner,,0.0,1,0
2020,SEA,2020-09-09,,False,post_cutoff_evidence_only,pete_carroll,brian_schottenheimer,pete_carroll,brian_schottenheimer,,0.0,1,0
2020,SF,2020-09-09,kyle_shanahan,True,,kyle_shanahan,kyle_shanahan,kyle_shanahan,kyle_shanahan,0.0,0.0,0,0
2020,TB,2020-09-09,,False,post_cutoff_evidence_only,bruce_arians,byron_leftwich,bruce_arians,byron_leftwich,,0.0,1,0
2020,TEN,2020-09-09,,False,post_cutoff_evidence_only,mike_vrabel,arthur_smith,mike_vrabel,arthur_smith,,0.0,1,0
2020,WAS,2020-09-09,,False,post_cutoff_evidence_only,ron_rivera,kevin_oconnell,bill_callahan,kevin_oconnell,,1.0,1,0
2021,ARI,2021-09-08,,False,post_cutoff_evidence_only,kliff_kingsbury,kliff_kingsbury,kliff_kingsbury,kliff_kingsbury,,0.0,1,0
2021,ATL,2021-09-08,,False,post_cutoff_evidence_only,arthur_smith,dirk_koetter,raheem_morris,dirk_koetter,,1.0,1,0
2021,BAL,2021-09-08,,False,post_cutoff_evidence_only,john_harbaugh,greg_roman,john_harbaugh,greg_roman,,0.0,1,0
2021,BUF,2021-09-08,brian_daboll,True,,sean_mcdermott,brian_daboll,sean_mcdermott,brian_daboll,0.0,0.0,0,0
2021,CAR,2021-09-08,joe_brady,True,,matt_rhule,joe_brady,matt_rhule,joe_brady,0.0,0.0,0,0
2021,CHI,2021-09-08,matt_nagy,True,,matt_nagy,bill_lazor,matt_nagy,bill_lazor,1.0,0.0,0,0
2021,CIN,2021-09-08,,False,post_cutoff_evidence_only,zac_taylor,zac_taylor,zac_taylor,zac_taylor,,0.0,1,0
2021,CLE,2021-09-08,,False,post_cutoff_evidence_only,kevin_stefanski,kevin_stefanski,kevin_stefanski,kevin_stefanski,,0.0,1,0
2021,DAL,2021-09-08,,False,post_cutoff_evidence_only,mike_mccarthy,kellen_moore,mike_mccarthy,kellen_moore,,0.0,1,0
2021,DEN,2021-09-08,,False,post_cutoff_evidence_only,vic_fangio,pat_shurmur,vic_fangio,pat_shurmur,,0.0,1,0
2021,DET,2021-09-08,,False,unresolved_historical_attribution,dan_campbell,darrell_bevell,darrell_bevell,darrell_bevell,,1.0,1,0
2021,GB,2021-09-08,matt_lafleur,True,,matt_lafleur,matt_lafleur,matt_lafleur,matt_lafleur,0.0,0.0,0,0
2021,HOU,2021-09-08,,False,post_cutoff_evidence_only,david_culley,tim_kelly,romeo_crennel,tim_kelly,,1.0,1,0
2021,IND,2021-09-08,,False,post_cutoff_evidence_only,frank_reich,frank_reich,frank_reich,frank_reich,,0.0,1,0
2021,JAX,2021-09-08,,False,post_cutoff_evidence_only,urban_meyer,jay_gruden,doug_marrone,jay_gruden,,1.0,1,0
2021,KC,2021-09-08,andy_reid,True,,andy_reid,andy_reid,andy_reid,andy_reid,0.0,0.0,0,0
2021,LA,2021-09-08,,False,post_cutoff_evidence_only,sean_mcvay,sean_mcvay,sean_mcvay,sean_mcvay,,0.0,1,0
2021,LAC,2021-09-08,,False,post_cutoff_evidence_only,brandon_staley,shane_steichen,anthony_lynn,shane_steichen,,1.0,1,0
2021,LV,2021-09-08,jon_gruden,True,,jon_gruden,jon_gruden,jon_gruden,jon_gruden,0.0,0.0,0,0
2021,MIA,2021-09-08,,False,unresolved_historical_attribution,brian_flores,chan_gailey,brian_flores,chan_gailey,,0.0,1,0
2021,MIN,2021-09-08,,False,post_cutoff_evidence_only,mike_zimmer,gary_kubiak,mike_zimmer,gary_kubiak,,0.0,1,0
2021,NE,2021-09-08,,False,post_cutoff_evidence_only,bill_belichick,josh_mcdaniels,bill_belichick,josh_mcdaniels,,0.0,1,0
2021,NO,2021-09-08,,False,post_cutoff_evidence_only,sean_payton,sean_payton,sean_payton,sean_payton,,0.0,1,0
2021,NYG,2021-09-08,,False,post_cutoff_evidence_only,joe_judge,jason_garrett,joe_judge,jason_garrett,,0.0,1,0
2021,NYJ,2021-09-08,,False,post_cutoff_evidence_only,robert_saleh,adam_gase,adam_gase,adam_gase,,1.0,1,0
2021,PHI,2021-09-08,,False,post_cutoff_evidence_only,nick_sirianni,doug_pederson,doug_pederson,doug_pederson,,1.0,1,0
2021,PIT,2021-09-08,,False,post_cutoff_evidence_only,mike_tomlin,randy_fichtner,mike_tomlin,randy_fichtner,,0.0,1,0
2021,SEA,2021-09-08,,False,post_cutoff_evidence_only,pete_carroll,brian_schottenheimer,pete_carroll,brian_schottenheimer,,0.0,1,0
2021,SF,2021-09-08,,False,post_cutoff_evidence_only,kyle_shanahan,kyle_shanahan,kyle_shanahan,kyle_shanahan,,0.0,1,0
2021,TB,2021-09-08,byron_leftwich,True,,bruce_arians,byron_leftwich,bruce_arians,byron_leftwich,0.0,0.0,0,0
2021,TEN,2021-09-08,,False,post_cutoff_evidence_only,mike_vrabel,arthur_smith,mike_vrabel,arthur_smith,,0.0,1,0
2021,WAS,2021-09-08,,False,post_cutoff_evidence_only,ron_rivera,scott_turner,ron_rivera,scott_turner,,0.0,1,0
2022,ARI,2022-09-07,,False,post_cutoff_evidence_only,kliff_kingsbury,kliff_kingsbury,kliff_kingsbury,kliff_kingsbury,,0.0,1,0
2022,ATL,2022-09-07,,False,post_cutoff_evidence_only,arthur_smith,arthur_smith,arthur_smith,arthur_smith,,0.0,1,0
2022,BAL,2022-09-07,,False,post_cutoff_evidence_only,john_harbaugh,greg_roman,john_harbaugh,greg_roman,,0.0,1,0
2022,BUF,2022-09-07,,False,post_cutoff_evidence_only,sean_mcdermott,brian_daboll,sean_mcdermott,brian_daboll,,0.0,1,0
2022,CAR,2022-09-07,,False,post_cutoff_evidence_only,matt_rhule,joe_brady,matt_rhule,joe_brady,,0.0,1,0
2022,CHI,2022-09-07,,False,post_cutoff_evidence_only,matt_eberflus,matt_nagy,matt_nagy,matt_nagy,,1.0,1,0
2022,CIN,2022-09-07,,False,post_cutoff_evidence_only,zac_taylor,zac_taylor,zac_taylor,zac_taylor,,0.0,1,0
2022,CLE,2022-09-07,,False,post_cutoff_evidence_only,kevin_stefanski,kevin_stefanski,kevin_stefanski,kevin_stefanski,,0.0,1,0
2022,DAL,2022-09-07,kellen_moore,True,,mike_mccarthy,kellen_moore,mike_mccarthy,kellen_moore,0.0,0.0,0,0
2022,DEN,2022-09-07,,False,post_cutoff_evidence_only,nathaniel_hackett,pat_shurmur,vic_fangio,pat_shurmur,,1.0,1,0
2022,DET,2022-09-07,,False,post_cutoff_evidence_only,dan_campbell,,dan_campbell,,,0.0,1,0
2022,GB,2022-09-07,matt_lafleur,True,,matt_lafleur,matt_lafleur,matt_lafleur,matt_lafleur,0.0,0.0,0,0
2022,HOU,2022-09-07,,False,post_cutoff_evidence_only,lovie_smith,tim_kelly,david_culley,tim_kelly,,1.0,1,0
2022,IND,2022-09-07,,False,post_cutoff_evidence_only,frank_reich,frank_reich,frank_reich,frank_reich,,0.0,1,0
2022,JAX,2022-09-07,,False,post_cutoff_evidence_only,doug_pederson,darrell_bevell,darrell_bevell,darrell_bevell,,1.0,1,0
2022,KC,2022-09-07,andy_reid,True,,andy_reid,andy_reid,andy_reid,andy_reid,0.0,0.0,0,0
2022,LA,2022-09-07,sean_mcvay,True,,sean_mcvay,sean_mcvay,sean_mcvay,sean_mcvay,0.0,0.0,0,0
2022,LAC,2022-09-07,,False,post_cutoff_evidence_only,brandon_staley,joe_lombardi,brandon_staley,joe_lombardi,,0.0,1,0
2022,LV,2022-09-07,,False,post_cutoff_evidence_only,josh_mcdaniels,jon_gruden,rich_bisaccia,jon_gruden,,1.0,1,0
2022,MIA,2022-09-07,,False,post_cutoff_evidence_only,mike_mcdaniel,,brian_flores,,,1.0,1,0
2022,MIN,2022-09-07,,False,post_cutoff_evidence_only,kevin_oconnell,klint_kubiak,mike_zimmer,klint_kubiak,,1.0,1,0
2022,NE,2022-09-07,,False,unresolved_historical_attribution,bill_belichick,josh_mcdaniels,bill_belichick,josh_mcdaniels,,0.0,1,0
2022,NO,2022-09-07,,False,post_cutoff_evidence_only,dennis_allen,sean_payton,sean_payton,sean_payton,,1.0,1,0
2022,NYG,2022-09-07,,False,post_cutoff_evidence_only,brian_daboll,jason_garrett,joe_judge,jason_garrett,,1.0,1,0
2022,NYJ,2022-09-07,,False,post_cutoff_evidence_only,robert_saleh,mike_lafleur,robert_saleh,mike_lafleur,,0.0,1,0
2022,PHI,2022-09-07,,False,unresolved_historical_attribution,nick_sirianni,nick_sirianni,nick_sirianni,nick_sirianni,,0.0,1,0
2022,PIT,2022-09-07,,False,post_cutoff_evidence_only,mike_tomlin,matt_canada,mike_tomlin,matt_canada,,0.0,1,0
2022,SEA,2022-09-07,,False,post_cutoff_evidence_only,pete_carroll,shane_waldron,pete_carroll,shane_waldron,,0.0,1,0
2022,SF,2022-09-07,kyle_shanahan,True,,kyle_shanahan,kyle_shanahan,kyle_shanahan,kyle_shanahan,0.0,0.0,0,0
2022,TB,2022-09-07,byron_leftwich,True,,todd_bowles,byron_leftwich,bruce_arians,byron_leftwich,0.0,1.0,0,0
2022,TEN,2022-09-07,,False,post_cutoff_evidence_only,mike_vrabel,todd_downing,mike_vrabel,todd_downing,,0.0,1,0
2022,WAS,2022-09-07,,False,post_cutoff_evidence_only,ron_rivera,scott_turner,ron_rivera,scott_turner,,0.0,1,0
2023,ARI,2023-09-06,drew_petzing,True,,jonathan_gannon,kliff_kingsbury,kliff_kingsbury,kliff_kingsbury,1.0,1.0,0,0
2023,ATL,2023-09-06,arthur_smith,True,,arthur_smith,arthur_smith,arthur_smith,arthur_smith,0.0,0.0,0,0
2023,BAL,2023-09-06,todd_monken,True,,john_harbaugh,greg_roman,john_harbaugh,greg_roman,1.0,0.0,0,0
2023,BUF,2023-09-06,ken_dorsey,True,,sean_mcdermott,ken_dorsey,sean_mcdermott,ken_dorsey,0.0,0.0,0,0
2023,CAR,2023-09-06,frank_reich,True,,frank_reich,ben_mcadoo,steve_wilks,ben_mcadoo,1.0,1.0,0,0
2023,CHI,2023-09-06,luke_getsy,True,,matt_eberflus,luke_getsy,matt_eberflus,luke_getsy,0.0,0.0,0,0
2023,CIN,2023-09-06,zac_taylor,True,,zac_taylor,zac_taylor,zac_taylor,zac_taylor,0.0,0.0,0,0
2023,CLE,2023-09-06,kevin_stefanski,True,,kevin_stefanski,kevin_stefanski,kevin_stefanski,kevin_stefanski,0.0,0.0,0,0
2023,DAL,2023-09-06,mike_mccarthy,True,,mike_mccarthy,kellen_moore,mike_mccarthy,kellen_moore,1.0,0.0,0,0
2023,DEN,2023-09-06,sean_payton,True,,sean_payton,nathaniel_hackett,jay_rosburg,nathaniel_hackett,1.0,1.0,0,0
2023,DET,2023-09-06,ben_johnson,True,,dan_campbell,ben_johnson,dan_campbell,ben_johnson,0.0,0.0,0,0
2023,GB,2023-09-06,matt_lafleur,True,,matt_lafleur,matt_lafleur,matt_lafleur,matt_lafleur,0.0,0.0,0,0
2023,HOU,2023-09-06,bobby_slowik,True,,demeco_ryans,pep_hamilton,lovie_smith,pep_hamilton,1.0,1.0,0,0
2023,IND,2023-09-06,shane_steichen,True,,shane_steichen,frank_reich,jeff_saturday,frank_reich,1.0,1.0,0,0
2023,JAX,2023-09-06,doug_pederson,True,,doug_pederson,doug_pederson,doug_pederson,doug_pederson,0.0,0.0,0,0
2023,KC,2023-09-06,andy_reid,True,,andy_reid,andy_reid,andy_reid,andy_reid,0.0,0.0,0,0
2023,LA,2023-09-06,sean_mcvay,True,,sean_mcvay,sean_mcvay,sean_mcvay,sean_mcvay,0.0,0.0,0,0
2023,LAC,2023-09-06,kellen_moore,True,,brandon_staley,joe_lombardi,brandon_staley,joe_lombardi,1.0,0.0,0,0
2023,LV,2023-09-06,josh_mcdaniels,True,,josh_mcdaniels,josh_mcdaniels,josh_mcdaniels,josh_mcdaniels,0.0,0.0,0,0
2023,MIA,2023-09-06,mike_mcdaniel,True,,mike_mcdaniel,mike_mcdaniel,mike_mcdaniel,mike_mcdaniel,0.0,0.0,0,0
2023,MIN,2023-09-06,kevin_oconnell,True,,kevin_oconnell,kevin_oconnell,kevin_oconnell,kevin_oconnell,0.0,0.0,0,0
2023,NE,2023-09-06,bill_obrien,True,,bill_belichick,,bill_belichick,,,0.0,0,0
2023,NO,2023-09-06,pete_carmichael,True,,dennis_allen,pete_carmichael,dennis_allen,pete_carmichael,0.0,0.0,0,0
2023,NYG,2023-09-06,mike_kafka,True,,brian_daboll,mike_kafka,brian_daboll,mike_kafka,0.0,0.0,0,0
2023,NYJ,2023-09-06,nathaniel_hackett,True,,robert_saleh,mike_lafleur,robert_saleh,mike_lafleur,1.0,0.0,0,0
2023,PHI,2023-09-06,brian_johnson,True,,nick_sirianni,,nick_sirianni,,,0.0,0,0
2023,PIT,2023-09-06,matt_canada,True,,mike_tomlin,matt_canada,mike_tomlin,matt_canada,0.0,0.0,0,0
2023,SEA,2023-09-06,shane_waldron,True,,pete_carroll,shane_waldron,pete_carroll,shane_waldron,0.0,0.0,0,0
2023,SF,2023-09-06,kyle_shanahan,True,,kyle_shanahan,kyle_shanahan,kyle_shanahan,kyle_shanahan,0.0,0.0,0,0
2023,TB,2023-09-06,dave_canales,True,,todd_bowles,byron_leftwich,todd_bowles,byron_leftwich,1.0,0.0,0,0
2023,TEN,2023-09-06,tim_kelly,True,,mike_vrabel,todd_downing,mike_vrabel,todd_downing,1.0,0.0,0,0
2023,WAS,2023-09-06,eric_bieniemy,True,,ron_rivera,scott_turner,ron_rivera,scott_turner,1.0,0.0,0,0
2024,ARI,2024-09-04,drew_petzing,True,,jonathan_gannon,drew_petzing,jonathan_gannon,drew_petzing,0.0,0.0,0,0
2024,ATL,2024-09-04,zac_robinson,True,,raheem_morris,arthur_smith,arthur_smith,arthur_smith,1.0,1.0,0,0
2024,BAL,2024-09-04,todd_monken,True,,john_harbaugh,todd_monken,john_harbaugh,todd_monken,0.0,0.0,0,0
2024,BUF,2024-09-04,joe_brady,True,,sean_mcdermott,ken_dorsey,sean_mcdermott,ken_dorsey,1.0,0.0,0,0
2024,CAR,2024-09-04,dave_canales,True,,dave_canales,frank_reich,chris_tabor,frank_reich,1.0,1.0,0,0
2024,CHI,2024-09-04,shane_waldron,True,,matt_eberflus,luke_getsy,matt_eberflus,luke_getsy,1.0,0.0,0,0
2024,CIN,2024-09-04,zac_taylor,True,,zac_taylor,zac_taylor,zac_taylor,zac_taylor,0.0,0.0,0,0
2024,CLE,2024-09-04,kevin_stefanski,True,,kevin_stefanski,kevin_stefanski,kevin_stefanski,kevin_stefanski,0.0,0.0,0,0
2024,DAL,2024-09-04,mike_mccarthy,True,,mike_mccarthy,mike_mccarthy,mike_mccarthy,mike_mccarthy,0.0,0.0,0,0
2024,DEN,2024-09-04,sean_payton,True,,sean_payton,sean_payton,sean_payton,sean_payton,0.0,0.0,0,0
2024,DET,2024-09-04,ben_johnson,True,,dan_campbell,ben_johnson,dan_campbell,ben_johnson,0.0,0.0,0,0
2024,GB,2024-09-04,matt_lafleur,True,,matt_lafleur,matt_lafleur,matt_lafleur,matt_lafleur,0.0,0.0,0,0
2024,HOU,2024-09-04,bobby_slowik,True,,demeco_ryans,bobby_slowik,demeco_ryans,bobby_slowik,0.0,0.0,0,0
2024,IND,2024-09-04,shane_steichen,True,,shane_steichen,shane_steichen,shane_steichen,shane_steichen,0.0,0.0,0,0
2024,JAX,2024-09-04,press_taylor,True,,doug_pederson,doug_pederson,doug_pederson,doug_pederson,1.0,0.0,0,0
2024,KC,2024-09-04,andy_reid,True,,andy_reid,andy_reid,andy_reid,andy_reid,0.0,0.0,0,0
2024,LA,2024-09-04,sean_mcvay,True,,sean_mcvay,sean_mcvay,sean_mcvay,sean_mcvay,0.0,0.0,0,0
2024,LAC,2024-09-04,greg_roman,True,,jim_harbaugh,kellen_moore,giff_smith,kellen_moore,1.0,1.0,0,0
2024,LV,2024-09-04,luke_getsy,True,,antonio_pierce,josh_mcdaniels,antonio_pierce,josh_mcdaniels,1.0,0.0,0,0
2024,MIA,2024-09-04,mike_mcdaniel,True,,mike_mcdaniel,mike_mcdaniel,mike_mcdaniel,mike_mcdaniel,0.0,0.0,0,0
2024,MIN,2024-09-04,kevin_oconnell,True,,kevin_oconnell,kevin_oconnell,kevin_oconnell,kevin_oconnell,0.0,0.0,0,0
2024,NE,2024-09-04,alex_van_pelt,True,,jerod_mayo,bill_obrien,bill_belichick,bill_obrien,1.0,1.0,0,0
2024,NO,2024-09-04,klint_kubiak,True,,dennis_allen,pete_carmichael,dennis_allen,pete_carmichael,1.0,0.0,0,0
2024,NYG,2024-09-04,brian_daboll,True,,brian_daboll,mike_kafka,brian_daboll,mike_kafka,1.0,0.0,0,0
2024,NYJ,2024-09-04,nathaniel_hackett,True,,robert_saleh,nathaniel_hackett,robert_saleh,nathaniel_hackett,0.0,0.0,0,0
2024,PHI,2024-09-04,kellen_moore,True,,nick_sirianni,brian_johnson,nick_sirianni,brian_johnson,1.0,0.0,0,0
2024,PIT,2024-09-04,arthur_smith,True,,mike_tomlin,matt_canada,mike_tomlin,matt_canada,1.0,0.0,0,0
2024,SEA,2024-09-04,ryan_grubb,True,,mike_macdonald,shane_waldron,pete_carroll,shane_waldron,1.0,1.0,0,0
2024,SF,2024-09-04,kyle_shanahan,True,,kyle_shanahan,kyle_shanahan,kyle_shanahan,kyle_shanahan,0.0,0.0,0,0
2024,TB,2024-09-04,liam_coen,True,,todd_bowles,dave_canales,todd_bowles,dave_canales,1.0,0.0,0,0
2024,TEN,2024-09-04,brian_callahan,True,,brian_callahan,tim_kelly,mike_vrabel,tim_kelly,1.0,1.0,0,0
2024,WAS,2024-09-04,kliff_kingsbury,True,,dan_quinn,eric_bieniemy,ron_rivera,eric_bieniemy,1.0,1.0,0,0
2025,ARI,2025-09-03,drew_petzing,True,,jonathan_gannon,drew_petzing,jonathan_gannon,drew_petzing,0.0,0.0,0,0
2025,ATL,2025-09-03,zac_robinson,True,,raheem_morris,zac_robinson,raheem_morris,zac_robinson,0.0,0.0,0,0
2025,BAL,2025-09-03,todd_monken,True,,john_harbaugh,todd_monken,john_harbaugh,todd_monken,0.0,0.0,0,0
2025,BUF,2025-09-03,joe_brady,True,,sean_mcdermott,joe_brady,sean_mcdermott,joe_brady,0.0,0.0,0,0
2025,CAR,2025-09-03,dave_canales,True,,dave_canales,dave_canales,dave_canales,dave_canales,0.0,0.0,0,0
2025,CHI,2025-09-03,ben_johnson,True,,ben_johnson,shane_waldron,matt_eberflus,shane_waldron,1.0,1.0,0,0
2025,CIN,2025-09-03,zac_taylor,True,,zac_taylor,zac_taylor,zac_taylor,zac_taylor,0.0,0.0,0,0
2025,CLE,2025-09-03,kevin_stefanski,True,,kevin_stefanski,kevin_stefanski,kevin_stefanski,kevin_stefanski,0.0,0.0,0,0
2025,DAL,2025-09-03,brian_schottenheimer,True,,brian_schottenheimer,mike_mccarthy,mike_mccarthy,mike_mccarthy,1.0,1.0,0,0
2025,DEN,2025-09-03,sean_payton,True,,sean_payton,sean_payton,sean_payton,sean_payton,0.0,0.0,0,0
2025,DET,2025-09-03,john_morton,True,,dan_campbell,ben_johnson,dan_campbell,ben_johnson,1.0,0.0,0,0
2025,GB,2025-09-03,matt_lafleur,True,,matt_lafleur,matt_lafleur,matt_lafleur,matt_lafleur,0.0,0.0,0,0
2025,HOU,2025-09-03,nick_caley,True,,demeco_ryans,bobby_slowik,demeco_ryans,bobby_slowik,1.0,0.0,0,0
2025,IND,2025-09-03,shane_steichen,True,,shane_steichen,shane_steichen,shane_steichen,shane_steichen,0.0,0.0,0,0
2025,JAX,2025-09-03,liam_coen,True,,liam_coen,press_taylor,doug_pederson,press_taylor,1.0,1.0,0,0
2025,KC,2025-09-03,andy_reid,True,,andy_reid,andy_reid,andy_reid,andy_reid,0.0,0.0,0,0
2025,LA,2025-09-03,sean_mcvay,True,,sean_mcvay,sean_mcvay,sean_mcvay,sean_mcvay,0.0,0.0,0,0
2025,LAC,2025-09-03,greg_roman,True,,jim_harbaugh,greg_roman,jim_harbaugh,greg_roman,0.0,0.0,0,0
2025,LV,2025-09-03,chip_kelly,True,,pete_carroll,luke_getsy,antonio_pierce,luke_getsy,1.0,1.0,0,0
2025,MIA,2025-09-03,mike_mcdaniel,True,,mike_mcdaniel,mike_mcdaniel,mike_mcdaniel,mike_mcdaniel,0.0,0.0,0,0
2025,MIN,2025-09-03,kevin_oconnell,True,,kevin_oconnell,kevin_oconnell,kevin_oconnell,kevin_oconnell,0.0,0.0,0,0
2025,NE,2025-09-03,josh_mcdaniels,True,,mike_vrabel,alex_van_pelt,jerod_mayo,alex_van_pelt,1.0,1.0,0,0
2025,NO,2025-09-03,kellen_moore,True,,kellen_moore,klint_kubiak,dennis_allen,klint_kubiak,1.0,1.0,0,0
2025,NYG,2025-09-03,,False,pre_cutoff_ambiguity,brian_daboll,brian_daboll,brian_daboll,brian_daboll,,0.0,1,0
2025,NYJ,2025-09-03,tanner_engstrand,True,,aaron_glenn,nathaniel_hackett,robert_saleh,nathaniel_hackett,1.0,1.0,0,0
2025,PHI,2025-09-03,kevin_patullo,True,,nick_sirianni,kellen_moore,nick_sirianni,kellen_moore,1.0,0.0,0,0
2025,PIT,2025-09-03,arthur_smith,True,,mike_tomlin,arthur_smith,mike_tomlin,arthur_smith,0.0,0.0,0,0
2025,SEA,2025-09-03,klint_kubiak,True,,mike_macdonald,ryan_grubb,mike_macdonald,ryan_grubb,1.0,0.0,0,0
2025,SF,2025-09-03,kyle_shanahan,True,,kyle_shanahan,kyle_shanahan,kyle_shanahan,kyle_shanahan,0.0,0.0,0,0
2025,TB,2025-09-03,josh_grizzard,True,,todd_bowles,liam_coen,todd_bowles,liam_coen,1.0,0.0,0,0
2025,TEN,2025-09-03,brian_callahan,True,,brian_callahan,brian_callahan,brian_callahan,brian_callahan,0.0,0.0,0,0
2025,WAS,2025-09-03,kliff_kingsbury,True,,dan_quinn,kliff_kingsbury,dan_quinn,kliff_kingsbury,0.0,0.0,0,0
2026,ARI,2026-07-21,mike_lafleur,True,,jonathan_gannon,drew_petzing,jonathan_gannon,drew_petzing,1.0,0.0,0,0
2026,ATL,2026-07-21,tommy_rees,True,,raheem_morris,zac_robinson,raheem_morris,zac_robinson,1.0,0.0,0,0
2026,BAL,2026-07-21,declan_doyle,True,,jesse_minter,todd_monken,john_harbaugh,todd_monken,1.0,1.0,0,0
2026,BUF,2026-07-21,joe_brady,True,,sean_mcdermott,joe_brady,sean_mcdermott,joe_brady,0.0,0.0,0,0
2026,CAR,2026-07-21,dave_canales,True,,dave_canales,dave_canales,dave_canales,dave_canales,0.0,0.0,0,0
2026,CHI,2026-07-21,ben_johnson,True,,ben_johnson,ben_johnson,ben_johnson,ben_johnson,0.0,0.0,0,0
2026,CIN,2026-07-21,zac_taylor,True,,zac_taylor,zac_taylor,zac_taylor,zac_taylor,0.0,0.0,0,0
2026,CLE,2026-07-21,todd_monken,True,,todd_monken,kevin_stefanski,kevin_stefanski,kevin_stefanski,1.0,1.0,0,0
2026,DAL,2026-07-21,brian_schottenheimer,True,,brian_schottenheimer,brian_schottenheimer,brian_schottenheimer,brian_schottenheimer,0.0,0.0,0,0
2026,DEN,2026-07-21,sean_payton,True,,sean_payton,sean_payton,sean_payton,sean_payton,0.0,0.0,0,0
2026,DET,2026-07-21,drew_petzing,True,,dan_campbell,john_morton,dan_campbell,john_morton,1.0,0.0,0,0
2026,GB,2026-07-21,matt_lafleur,True,,matt_lafleur,matt_lafleur,matt_lafleur,matt_lafleur,0.0,0.0,0,0
2026,HOU,2026-07-21,nick_caley,True,,demeco_ryans,nick_caley,demeco_ryans,nick_caley,0.0,0.0,0,0
2026,IND,2026-07-21,shane_steichen,True,,shane_steichen,shane_steichen,shane_steichen,shane_steichen,0.0,0.0,0,0
2026,JAX,2026-07-21,liam_coen,True,,liam_coen,liam_coen,liam_coen,liam_coen,0.0,0.0,0,0
2026,KC,2026-07-21,andy_reid,True,,andy_reid,andy_reid,andy_reid,andy_reid,0.0,0.0,0,0
2026,LA,2026-07-21,sean_mcvay,True,,sean_mcvay,sean_mcvay,sean_mcvay,sean_mcvay,0.0,0.0,0,0
2026,LAC,2026-07-21,mike_mcdaniel,True,,jim_harbaugh,greg_roman,jim_harbaugh,greg_roman,1.0,0.0,0,0
2026,LV,2026-07-21,klint_kubiak,True,,klint_kubliak,chip_kelly,pete_carroll,chip_kelly,1.0,1.0,0,0
2026,MIA,2026-07-21,bobby_slowik,True,,jeff_hafley,mike_mcdaniel,mike_mcdaniel,mike_mcdaniel,1.0,1.0,0,0
2026,MIN,2026-07-21,kevin_oconnell,True,,kevin_oconnell,kevin_oconnell,kevin_oconnell,kevin_oconnell,0.0,0.0,0,0
2026,NE,2026-07-21,josh_mcdaniels,True,,mike_vrabel,josh_mcdaniels,mike_vrabel,josh_mcdaniels,0.0,0.0,0,0
2026,NO,2026-07-21,kellen_moore,True,,kellen_moore,kellen_moore,kellen_moore,kellen_moore,0.0,0.0,0,0
2026,NYG,2026-07-21,matt_nagy,True,,john_harbaugh,mike_kafka,brian_daboll,mike_kafka,1.0,1.0,0,0
2026,NYJ,2026-07-21,frank_reich,True,,aaron_glenn,tanner_engstrand,aaron_glenn,tanner_engstrand,1.0,0.0,0,0
2026,PHI,2026-07-21,sean_mannion,True,,nick_sirianni,kevin_patullo,nick_sirianni,kevin_patullo,1.0,0.0,0,0
2026,PIT,2026-07-21,mike_mccarthy,True,,mike_mccarthy,arthur_smith,mike_tomlin,arthur_smith,1.0,1.0,0,0
2026,SEA,2026-07-21,brian_fleury,True,,mike_macdonald,klint_kubiak,mike_macdonald,klint_kubiak,1.0,0.0,0,0
2026,SF,2026-07-21,kyle_shanahan,True,,kyle_shanahan,kyle_shanahan,kyle_shanahan,kyle_shanahan,0.0,0.0,0,0
2026,TB,2026-07-21,zac_robinson,True,,todd_bowles,josh_grizzard,todd_bowles,josh_grizzard,1.0,0.0,0,0
2026,TEN,2026-07-21,brian_daboll,True,,robert_saleh,brian_callahan,brian_callahan,brian_callahan,1.0,1.0,0,0
2026,WAS,2026-07-21,david_blough,True,,dan_quinn,kliff_kingsbury,dan_quinn,kliff_kingsbury,1.0,0.0,0,0
