season,team,opening_caller_id,opening_hc_id,closing_caller_id,closing_hc_id,historical_primary_caller_id,pc_within_season_change,hc_within_season_change,prev_closing_caller_id,prev_closing_hc_id,pc_changed_entering,hc_changed_entering,prior_season_pc_changed_within,prior_season_hc_changed_within
1999,ARI,,vince_tobin,,vince_tobin,,0,0,,,,,,
1999,ATL,,dan_reeves,,dan_reeves,,0,0,,,,,,
1999,BAL,,brian_billick,,brian_billick,,0,0,,,,,,
1999,BUF,,wade_phillips,,wade_phillips,,0,0,,,,,,
1999,CAR,,george_seifert,,george_seifert,,0,0,,,,,,
1999,CHI,,dick_jauron,,dick_jauron,,0,0,,,,,,
1999,CIN,,bruce_coslet,,bruce_coslet,,0,0,,,,,,
1999,CLE,,chris_palmer,,chris_palmer,,0,0,,,,,,
1999,DAL,,chan_gailey,,chan_gailey,,0,0,,,,,,
1999,DEN,,mike_shanahan,,mike_shanahan,,0,0,,,,,,
1999,DET,,bobby_ross,,bobby_ross,,0,0,,,,,,
1999,GB,,ray_rhodes,,ray_rhodes,,0,0,,,,,,
1999,IND,,jim_mora,,jim_mora,,0,0,,,,,,
1999,JAX,,tom_coughlin,,tom_coughlin,,0,0,,,,,,
1999,KC,,gunther_cunningham,,gunther_cunningham,,0,0,,,,,,
1999,LA,,dick_vermeil,,dick_vermeil,,0,0,,,,,,
1999,LAC,,mike_riley,,mike_riley,,0,0,,,,,,
1999,LV,,jon_gruden,,jon_gruden,,0,0,,,,,,
1999,MIA,,jimmy_johnson,,jimmy_johnson,,0,0,,,,,,
1999,MIN,,dennis_green,,dennis_green,,0,0,,,,,,
1999,NE,,pete_carroll,,pete_carroll,,0,0,,,,,,
1999,NO,,mike_ditka,,mike_ditka,,0,0,,,,,,
1999,NYG,,jim_fassel,,jim_fassel,,0,0,,,,,,
1999,NYJ,,bill_parcells,,bill_parcells,,0,0,,,,,,
1999,PHI,,andy_reid,,andy_reid,,0,0,,,,,,
1999,PIT,,bill_cowher,,bill_cowher,,0,0,,,,,,
1999,SEA,,mike_holmgren,,mike_holmgren,,0,0,,,,,,
1999,SF,,steve_mariucci,,steve_mariucci,,0,0,,,,,,
1999,TB,,tony_dungy,,tony_dungy,,0,0,,,,,,
1999,TEN,,jeff_fisher,,jeff_fisher,,0,0,,,,,,
1999,WAS,,norv_turner,,norv_turner,,0,0,,,,,,
2000,ARI,,vince_tobin,,dave_mcginnis,,0,1,,vince_tobin,,0.0,0.0,0.0
2000,ATL,,dan_reeves,,dan_reeves,,0,0,,dan_reeves,,0.0,0.0,0.0
2000,BAL,,brian_billick,,brian_billick,,0,0,,brian_billick,,0.0,0.0,0.0
2000,BUF,,wade_phillips,,wade_phillips,,0,0,,wade_phillips,,0.0,0.0,0.0
2000,CAR,,george_seifert,,george_seifert,,0,0,,george_seifert,,0.0,0.0,0.0
2000,CHI,,dick_jauron,,dick_jauron,,0,0,,dick_jauron,,0.0,0.0,0.0
2000,CIN,,bruce_coslet,,dick_lebeau,,0,1,,bruce_coslet,,0.0,0.0,0.0
2000,CLE,,chris_palmer,,chris_palmer,,0,0,,chris_palmer,,0.0,0.0,0.0
2000,DAL,,dave_campo,,dave_campo,,0,0,,chan_gailey,,1.0,0.0,0.0
2000,DEN,,mike_shanahan,,mike_shanahan,,0,0,,mike_shanahan,,0.0,0.0,0.0
2000,DET,,bobby_ross,,gary_moeller,,0,1,,bobby_ross,,0.0,0.0,0.0
2000,GB,,mike_sherman,,mike_sherman,,0,0,,ray_rhodes,,1.0,0.0,0.0
2000,IND,,jim_mora,,jim_mora,,0,0,,jim_mora,,0.0,0.0,0.0
2000,JAX,,tom_coughlin,,tom_coughlin,,0,0,,tom_coughlin,,0.0,0.0,0.0
2000,KC,,gunther_cunningham,,gunther_cunningham,,0,0,,gunther_cunningham,,0.0,0.0,0.0
2000,LA,,mike_martz,,mike_martz,,0,0,,dick_vermeil,,1.0,0.0,0.0
2000,LAC,,mike_riley,,mike_riley,,0,0,,mike_riley,,0.0,0.0,0.0
2000,LV,,jon_gruden,,jon_gruden,,0,0,,jon_gruden,,0.0,0.0,0.0
2000,MIA,,dave_wannstedt,,dave_wannstedt,,0,0,,jimmy_johnson,,1.0,0.0,0.0
2000,MIN,,dennis_green,,dennis_green,,0,0,,dennis_green,,0.0,0.0,0.0
2000,NE,,bill_belichick,,bill_belichick,,0,0,,pete_carroll,,1.0,0.0,0.0
2000,NO,,jim_haslett,,jim_haslett,,0,0,,mike_ditka,,1.0,0.0,0.0
2000,NYG,,jim_fassel,,jim_fassel,,0,0,,jim_fassel,,0.0,0.0,0.0
2000,NYJ,,al_groh,,al_groh,,0,0,,bill_parcells,,1.0,0.0,0.0
2000,PHI,,andy_reid,,andy_reid,,0,0,,andy_reid,,0.0,0.0,0.0
2000,PIT,,bill_cowher,,bill_cowher,,0,0,,bill_cowher,,0.0,0.0,0.0
2000,SEA,,mike_holmgren,,mike_holmgren,,0,0,,mike_holmgren,,0.0,0.0,0.0
2000,SF,,steve_mariucci,,steve_mariucci,,0,0,,steve_mariucci,,0.0,0.0,0.0
2000,TB,,tony_dungy,,tony_dungy,,0,0,,tony_dungy,,0.0,0.0,0.0
2000,TEN,,jeff_fisher,,jeff_fisher,,0,0,,jeff_fisher,,0.0,0.0,0.0
2000,WAS,,norv_turner,,terry_robiskie,,0,1,,norv_turner,,0.0,0.0,0.0
2001,ARI,,dave_mcginnis,,dave_mcginnis,,0,0,,dave_mcginnis,,0.0,0.0,1.0
2001,ATL,,dan_reeves,,dan_reeves,,0,0,,dan_reeves,,0.0,0.0,0.0
2001,BAL,,brian_billick,,brian_billick,,0,0,,brian_billick,,0.0,0.0,0.0
2001,BUF,,gregg_williams,,gregg_williams,,0,0,,wade_phillips,,1.0,0.0,0.0
2001,CAR,,george_seifert,,george_seifert,,0,0,,george_seifert,,0.0,0.0,0.0
2001,CHI,,dick_jauron,,dick_jauron,,0,0,,dick_jauron,,0.0,0.0,0.0
2001,CIN,,dick_lebeau,,dick_lebeau,,0,0,,dick_lebeau,,0.0,0.0,1.0
2001,CLE,,butch_davis,,butch_davis,,0,0,,chris_palmer,,1.0,0.0,0.0
2001,DAL,,dave_campo,,dave_campo,,0,0,,dave_campo,,0.0,0.0,0.0
2001,DEN,,mike_shanahan,,mike_shanahan,,0,0,,mike_shanahan,,0.0,0.0,0.0
2001,DET,,marty_mornhinweg,,marty_mornhinweg,,0,0,,gary_moeller,,1.0,0.0,1.0
2001,GB,,mike_sherman,,mike_sherman,,0,0,,mike_sherman,,0.0,0.0,0.0
2001,IND,,jim_mora,,jim_mora,,0,0,,jim_mora,,0.0,0.0,0.0
2001,JAX,,tom_coughlin,,tom_coughlin,,0,0,,tom_coughlin,,0.0,0.0,0.0
2001,KC,,dick_vermeil,,dick_vermeil,,0,0,,gunther_cunningham,,1.0,0.0,0.0
2001,LA,,mike_martz,,mike_martz,,0,0,,mike_martz,,0.0,0.0,0.0
2001,LAC,,mike_riley,,mike_riley,,0,0,,mike_riley,,0.0,0.0,0.0
2001,LV,,jon_gruden,,jon_gruden,,0,0,,jon_gruden,,0.0,0.0,0.0
2001,MIA,,dave_wannstedt,,dave_wannstedt,,0,0,,dave_wannstedt,,0.0,0.0,0.0
2001,MIN,,dennis_green,,mike_tice,,0,1,,dennis_green,,0.0,0.0,0.0
2001,NE,,bill_belichick,,bill_belichick,,0,0,,bill_belichick,,0.0,0.0,0.0
2001,NO,,jim_haslett,,jim_haslett,,0,0,,jim_haslett,,0.0,0.0,0.0
2001,NYG,,jim_fassel,,jim_fassel,,0,0,,jim_fassel,,0.0,0.0,0.0
2001,NYJ,,herm_edwards,,herm_edwards,,0,0,,al_groh,,1.0,0.0,0.0
2001,PHI,,andy_reid,,andy_reid,,0,0,,andy_reid,,0.0,0.0,0.0
2001,PIT,,bill_cowher,,bill_cowher,,0,0,,bill_cowher,,0.0,0.0,0.0
2001,SEA,,mike_holmgren,,mike_holmgren,,0,0,,mike_holmgren,,0.0,0.0,0.0
2001,SF,,steve_mariucci,,steve_mariucci,,0,0,,steve_mariucci,,0.0,0.0,0.0
2001,TB,,tony_dungy,,tony_dungy,,0,0,,tony_dungy,,0.0,0.0,0.0
2001,TEN,,jeff_fisher,,jeff_fisher,,0,0,,jeff_fisher,,0.0,0.0,0.0
2001,WAS,,marty_schottenheimer,,marty_schottenheimer,,0,0,,terry_robiskie,,1.0,0.0,1.0
2002,ARI,,dave_mcginnis,,dave_mcginnis,,0,0,,dave_mcginnis,,0.0,0.0,0.0
2002,ATL,,dan_reeves,,dan_reeves,,0,0,,dan_reeves,,0.0,0.0,0.0
2002,BAL,,brian_billick,,brian_billick,,0,0,,brian_billick,,0.0,0.0,0.0
2002,BUF,,gregg_williams,,gregg_williams,,0,0,,gregg_williams,,0.0,0.0,0.0
2002,CAR,,john_fox,,john_fox,,0,0,,george_seifert,,1.0,0.0,0.0
2002,CHI,,dick_jauron,,dick_jauron,,0,0,,dick_jauron,,0.0,0.0,0.0
2002,CIN,,dick_lebeau,,dick_lebeau,,0,0,,dick_lebeau,,0.0,0.0,0.0
2002,CLE,,butch_davis,,butch_davis,,0,0,,butch_davis,,0.0,0.0,0.0
2002,DAL,,dave_campo,,dave_campo,,0,0,,dave_campo,,0.0,0.0,0.0
2002,DEN,,mike_shanahan,,mike_shanahan,,0,0,,mike_shanahan,,0.0,0.0,0.0
2002,DET,,marty_mornhinweg,,marty_mornhinweg,,0,0,,marty_mornhinweg,,0.0,0.0,0.0
2002,GB,,mike_sherman,,mike_sherman,,0,0,,mike_sherman,,0.0,0.0,0.0
2002,HOU,,dom_capers,,dom_capers,,0,0,,,,,,
2002,IND,,tony_dungy,,tony_dungy,,0,0,,jim_mora,,1.0,0.0,0.0
2002,JAX,,tom_coughlin,,tom_coughlin,,0,0,,tom_coughlin,,0.0,0.0,0.0
2002,KC,,dick_vermeil,,dick_vermeil,,0,0,,dick_vermeil,,0.0,0.0,0.0
2002,LA,,mike_martz,,mike_martz,,0,0,,mike_martz,,0.0,0.0,0.0
2002,LAC,,marty_schottenheimer,,marty_schottenheimer,,0,0,,mike_riley,,1.0,0.0,0.0
2002,LV,,bill_callahan,,bill_callahan,,0,0,,jon_gruden,,1.0,0.0,0.0
2002,MIA,,dave_wannstedt,,dave_wannstedt,,0,0,,dave_wannstedt,,0.0,0.0,0.0
2002,MIN,,mike_tice,,mike_tice,,0,0,,mike_tice,,0.0,0.0,1.0
2002,NE,,bill_belichick,,bill_belichick,,0,0,,bill_belichick,,0.0,0.0,0.0
2002,NO,,jim_haslett,,jim_haslett,,0,0,,jim_haslett,,0.0,0.0,0.0
2002,NYG,,jim_fassel,,jim_fassel,,0,0,,jim_fassel,,0.0,0.0,0.0
2002,NYJ,,herm_edwards,,herm_edwards,,0,0,,herm_edwards,,0.0,0.0,0.0
2002,PHI,,andy_reid,,andy_reid,,0,0,,andy_reid,,0.0,0.0,0.0
2002,PIT,,bill_cowher,,bill_cowher,,0,0,,bill_cowher,,0.0,0.0,0.0
2002,SEA,,mike_holmgren,,mike_holmgren,,0,0,,mike_holmgren,,0.0,0.0,0.0
2002,SF,,steve_mariucci,,steve_mariucci,,0,0,,steve_mariucci,,0.0,0.0,0.0
2002,TB,,jon_gruden,,jon_gruden,,0,0,,tony_dungy,,1.0,0.0,0.0
2002,TEN,,jeff_fisher,,jeff_fisher,,0,0,,jeff_fisher,,0.0,0.0,0.0
2002,WAS,,steve_spurrier,,steve_spurrier,,0,0,,marty_schottenheimer,,1.0,0.0,0.0
2003,ARI,,dave_mcginnis,,dave_mcginnis,,0,0,,dave_mcginnis,,0.0,0.0,0.0
2003,ATL,,dan_reeves,,wade_phillips,,0,1,,dan_reeves,,0.0,0.0,0.0
2003,BAL,,brian_billick,,brian_billick,,0,0,,brian_billick,,0.0,0.0,0.0
2003,BUF,,gregg_williams,,gregg_williams,,0,0,,gregg_williams,,0.0,0.0,0.0
2003,CAR,,john_fox,,john_fox,,0,0,,john_fox,,0.0,0.0,0.0
2003,CHI,,dick_jauron,,dick_jauron,,0,0,,dick_jauron,,0.0,0.0,0.0
2003,CIN,,marvin_lewis,,marvin_lewis,,0,0,,dick_lebeau,,1.0,0.0,0.0
2003,CLE,,butch_davis,,butch_davis,,0,0,,butch_davis,,0.0,0.0,0.0
2003,DAL,,bill_parcells,,bill_parcells,,0,0,,dave_campo,,1.0,0.0,0.0
2003,DEN,,mike_shanahan,,mike_shanahan,,0,0,,mike_shanahan,,0.0,0.0,0.0
2003,DET,,steve_mariucci,,steve_mariucci,,0,0,,marty_mornhinweg,,1.0,0.0,0.0
2003,GB,,mike_sherman,,mike_sherman,,0,0,,mike_sherman,,0.0,0.0,0.0
2003,HOU,,dom_capers,,dom_capers,,0,0,,dom_capers,,0.0,0.0,0.0
2003,IND,,tony_dungy,,tony_dungy,,0,0,,tony_dungy,,0.0,0.0,0.0
2003,JAX,,jack_del_rio,,jack_del_rio,,0,0,,tom_coughlin,,1.0,0.0,0.0
2003,KC,,dick_vermeil,,dick_vermeil,,0,0,,dick_vermeil,,0.0,0.0,0.0
2003,LA,,mike_martz,,mike_martz,,0,0,,mike_martz,,0.0,0.0,0.0
2003,LAC,,marty_schottenheimer,,marty_schottenheimer,,0,0,,marty_schottenheimer,,0.0,0.0,0.0
2003,LV,,bill_callahan,,bill_callahan,,0,0,,bill_callahan,,0.0,0.0,0.0
2003,MIA,,dave_wannstedt,,dave_wannstedt,,0,0,,dave_wannstedt,,0.0,0.0,0.0
2003,MIN,,mike_tice,,mike_tice,,0,0,,mike_tice,,0.0,0.0,0.0
2003,NE,,bill_belichick,,bill_belichick,,0,0,,bill_belichick,,0.0,0.0,0.0
2003,NO,,jim_haslett,,jim_haslett,,0,0,,jim_haslett,,0.0,0.0,0.0
2003,NYG,,jim_fassel,,jim_fassel,,0,0,,jim_fassel,,0.0,0.0,0.0
2003,NYJ,,herm_edwards,,herm_edwards,,0,0,,herm_edwards,,0.0,0.0,0.0
2003,PHI,,andy_reid,,andy_reid,,0,0,,andy_reid,,0.0,0.0,0.0
2003,PIT,,bill_cowher,,bill_cowher,,0,0,,bill_cowher,,0.0,0.0,0.0
2003,SEA,,mike_holmgren,,mike_holmgren,,0,0,,mike_holmgren,,0.0,0.0,0.0
2003,SF,,dennis_erickson,,dennis_erickson,,0,0,,steve_mariucci,,1.0,0.0,0.0
2003,TB,,jon_gruden,,jon_gruden,,0,0,,jon_gruden,,0.0,0.0,0.0
2003,TEN,,jeff_fisher,,jeff_fisher,,0,0,,jeff_fisher,,0.0,0.0,0.0
2003,WAS,,steve_spurrier,,steve_spurrier,,0,0,,steve_spurrier,,0.0,0.0,0.0
2004,ARI,,dennis_green,,dennis_green,,0,0,,dave_mcginnis,,1.0,0.0,0.0
2004,ATL,,jim_mora,,jim_mora,,0,0,,wade_phillips,,1.0,0.0,1.0
2004,BAL,,brian_billick,,brian_billick,,0,0,,brian_billick,,0.0,0.0,0.0
2004,BUF,,mike_mularkey,,mike_mularkey,,0,0,,gregg_williams,,1.0,0.0,0.0
2004,CAR,,john_fox,,john_fox,,0,0,,john_fox,,0.0,0.0,0.0
2004,CHI,,lovie_smith,,lovie_smith,,0,0,,dick_jauron,,1.0,0.0,0.0
2004,CIN,,marvin_lewis,,marvin_lewis,,0,0,,marvin_lewis,,0.0,0.0,0.0
2004,CLE,,butch_davis,,terry_robiskie,,0,1,,butch_davis,,0.0,0.0,0.0
2004,DAL,,bill_parcells,,bill_parcells,,0,0,,bill_parcells,,0.0,0.0,0.0
2004,DEN,,mike_shanahan,,mike_shanahan,,0,0,,mike_shanahan,,0.0,0.0,0.0
2004,DET,,steve_mariucci,,steve_mariucci,,0,0,,steve_mariucci,,0.0,0.0,0.0
2004,GB,,mike_sherman,,mike_sherman,,0,0,,mike_sherman,,0.0,0.0,0.0
2004,HOU,,dom_capers,,dom_capers,,0,0,,dom_capers,,0.0,0.0,0.0
2004,IND,,tony_dungy,,tony_dungy,,0,0,,tony_dungy,,0.0,0.0,0.0
2004,JAX,,jack_del_rio,,jack_del_rio,,0,0,,jack_del_rio,,0.0,0.0,0.0
2004,KC,,dick_vermeil,,dick_vermeil,,0,0,,dick_vermeil,,0.0,0.0,0.0
2004,LA,,mike_martz,,mike_martz,,0,0,,mike_martz,,0.0,0.0,0.0
2004,LAC,,marty_schottenheimer,,marty_schottenheimer,,0,0,,marty_schottenheimer,,0.0,0.0,0.0
2004,LV,,norv_turner,,norv_turner,,0,0,,bill_callahan,,1.0,0.0,0.0
2004,MIA,,dave_wannstedt,,jim_bates,,0,1,,dave_wannstedt,,0.0,0.0,0.0
2004,MIN,,mike_tice,,mike_tice,,0,0,,mike_tice,,0.0,0.0,0.0
2004,NE,,bill_belichick,,bill_belichick,,0,0,,bill_belichick,,0.0,0.0,0.0
2004,NO,,jim_haslett,,jim_haslett,,0,0,,jim_haslett,,0.0,0.0,0.0
2004,NYG,,tom_coughlin,,tom_coughlin,,0,0,,jim_fassel,,1.0,0.0,0.0
2004,NYJ,,herm_edwards,,herm_edwards,,0,0,,herm_edwards,,0.0,0.0,0.0
2004,PHI,,andy_reid,,andy_reid,,0,0,,andy_reid,,0.0,0.0,0.0
2004,PIT,,bill_cowher,,bill_cowher,,0,0,,bill_cowher,,0.0,0.0,0.0
2004,SEA,,mike_holmgren,,mike_holmgren,,0,0,,mike_holmgren,,0.0,0.0,0.0
2004,SF,,dennis_erickson,,dennis_erickson,,0,0,,dennis_erickson,,0.0,0.0,0.0
2004,TB,,jon_gruden,,jon_gruden,,0,0,,jon_gruden,,0.0,0.0,0.0
2004,TEN,,jeff_fisher,,jeff_fisher,,0,0,,jeff_fisher,,0.0,0.0,0.0
2004,WAS,,joe_gibbs,,joe_gibbs,,0,0,,steve_spurrier,,1.0,0.0,0.0
2005,ARI,,dennis_green,,dennis_green,,0,0,,dennis_green,,0.0,0.0,0.0
2005,ATL,,jim_mora,,jim_mora,,0,0,,jim_mora,,0.0,0.0,0.0
2005,BAL,,brian_billick,,brian_billick,,0,0,,brian_billick,,0.0,0.0,0.0
2005,BUF,,mike_mularkey,,mike_mularkey,,0,0,,mike_mularkey,,0.0,0.0,0.0
2005,CAR,,john_fox,,john_fox,,0,0,,john_fox,,0.0,0.0,0.0
2005,CHI,,lovie_smith,,lovie_smith,,0,0,,lovie_smith,,0.0,0.0,0.0
2005,CIN,,marvin_lewis,,marvin_lewis,,0,0,,marvin_lewis,,0.0,0.0,0.0
2005,CLE,,romeo_crennel,,romeo_crennel,,0,0,,terry_robiskie,,1.0,0.0,1.0
2005,DAL,,bill_parcells,,bill_parcells,,0,0,,bill_parcells,,0.0,0.0,0.0
2005,DEN,,mike_shanahan,,mike_shanahan,,0,0,,mike_shanahan,,0.0,0.0,0.0
2005,DET,,steve_mariucci,,dick_jauron,,0,1,,steve_mariucci,,0.0,0.0,0.0
2005,GB,,mike_sherman,,mike_sherman,,0,0,,mike_sherman,,0.0,0.0,0.0
2005,HOU,,dom_capers,,dom_capers,,0,0,,dom_capers,,0.0,0.0,0.0
2005,IND,,tony_dungy,,tony_dungy,,0,0,,tony_dungy,,0.0,0.0,0.0
2005,JAX,,jack_del_rio,,jack_del_rio,,0,0,,jack_del_rio,,0.0,0.0,0.0
2005,KC,,dick_vermeil,,dick_vermeil,,0,0,,dick_vermeil,,0.0,0.0,0.0
2005,LA,,mike_martz,,joe_vitt,,0,1,,mike_martz,,0.0,0.0,0.0
2005,LAC,,marty_schottenheimer,,marty_schottenheimer,,0,0,,marty_schottenheimer,,0.0,0.0,0.0
2005,LV,,norv_turner,,norv_turner,,0,0,,norv_turner,,0.0,0.0,0.0
2005,MIA,,nick_saban,,nick_saban,,0,0,,jim_bates,,1.0,0.0,1.0
2005,MIN,,mike_tice,,mike_tice,,0,0,,mike_tice,,0.0,0.0,0.0
2005,NE,,bill_belichick,,bill_belichick,,0,0,,bill_belichick,,0.0,0.0,0.0
2005,NO,,jim_haslett,,jim_haslett,,0,0,,jim_haslett,,0.0,0.0,0.0
2005,NYG,,tom_coughlin,,tom_coughlin,,0,0,,tom_coughlin,,0.0,0.0,0.0
2005,NYJ,,herm_edwards,,herm_edwards,,0,0,,herm_edwards,,0.0,0.0,0.0
2005,PHI,,andy_reid,,andy_reid,,0,0,,andy_reid,,0.0,0.0,0.0
2005,PIT,,bill_cowher,,bill_cowher,,0,0,,bill_cowher,,0.0,0.0,0.0
2005,SEA,,mike_holmgren,,mike_holmgren,,0,0,,mike_holmgren,,0.0,0.0,0.0
2005,SF,,mike_nolan,,mike_nolan,,0,0,,dennis_erickson,,1.0,0.0,0.0
2005,TB,,jon_gruden,,jon_gruden,,0,0,,jon_gruden,,0.0,0.0,0.0
2005,TEN,,jeff_fisher,,jeff_fisher,,0,0,,jeff_fisher,,0.0,0.0,0.0
2005,WAS,,joe_gibbs,,joe_gibbs,,0,0,,joe_gibbs,,0.0,0.0,0.0
2006,ARI,,dennis_green,,dennis_green,,0,0,,dennis_green,,0.0,0.0,0.0
2006,ATL,,jim_mora,,jim_mora,,0,0,,jim_mora,,0.0,0.0,0.0
2006,BAL,,brian_billick,,brian_billick,,0,0,,brian_billick,,0.0,0.0,0.0
2006,BUF,,dick_jauron,,dick_jauron,,0,0,,mike_mularkey,,1.0,0.0,0.0
2006,CAR,,john_fox,,john_fox,,0,0,,john_fox,,0.0,0.0,0.0
2006,CHI,,lovie_smith,,lovie_smith,,0,0,,lovie_smith,,0.0,0.0,0.0
2006,CIN,,marvin_lewis,,marvin_lewis,,0,0,,marvin_lewis,,0.0,0.0,0.0
2006,CLE,,romeo_crennel,,romeo_crennel,,0,0,,romeo_crennel,,0.0,0.0,0.0
2006,DAL,,bill_parcells,,bill_parcells,,0,0,,bill_parcells,,0.0,0.0,0.0
2006,DEN,,mike_shanahan,,mike_shanahan,,0,0,,mike_shanahan,,0.0,0.0,0.0
2006,DET,,rod_marinelli,,rod_marinelli,,0,0,,dick_jauron,,1.0,0.0,1.0
2006,GB,,mike_mccarthy,,mike_mccarthy,,0,0,,mike_sherman,,1.0,0.0,0.0
2006,HOU,,gary_kubiak,,gary_kubiak,,0,0,,dom_capers,,1.0,0.0,0.0
2006,IND,,tony_dungy,,tony_dungy,,0,0,,tony_dungy,,0.0,0.0,0.0
2006,JAX,,jack_del_rio,,jack_del_rio,,0,0,,jack_del_rio,,0.0,0.0,0.0
2006,KC,,herm_edwards,,herm_edwards,,0,0,,dick_vermeil,,1.0,0.0,0.0
2006,LA,,scott_linehan,,scott_linehan,,0,0,,joe_vitt,,1.0,0.0,1.0
2006,LAC,,marty_schottenheimer,,marty_schottenheimer,,0,0,,marty_schottenheimer,,0.0,0.0,0.0
2006,LV,,art_shell,,art_shell,,0,0,,norv_turner,,1.0,0.0,0.0
2006,MIA,,nick_saban,,nick_saban,,0,0,,nick_saban,,0.0,0.0,0.0
2006,MIN,,brad_childress,,brad_childress,,0,0,,mike_tice,,1.0,0.0,0.0
2006,NE,,bill_belichick,,bill_belichick,,0,0,,bill_belichick,,0.0,0.0,0.0
2006,NO,,sean_payton,,sean_payton,,0,0,,jim_haslett,,1.0,0.0,0.0
2006,NYG,,tom_coughlin,,tom_coughlin,,0,0,,tom_coughlin,,0.0,0.0,0.0
2006,NYJ,,eric_mangini,,eric_mangini,,0,0,,herm_edwards,,1.0,0.0,0.0
2006,PHI,,andy_reid,,andy_reid,,0,0,,andy_reid,,0.0,0.0,0.0
2006,PIT,,bill_cowher,,bill_cowher,,0,0,,bill_cowher,,0.0,0.0,0.0
2006,SEA,,mike_holmgren,,mike_holmgren,,0,0,,mike_holmgren,,0.0,0.0,0.0
2006,SF,,mike_nolan,,mike_nolan,,0,0,,mike_nolan,,0.0,0.0,0.0
2006,TB,,jon_gruden,,jon_gruden,,0,0,,jon_gruden,,0.0,0.0,0.0
2006,TEN,,jeff_fisher,,jeff_fisher,,0,0,,jeff_fisher,,0.0,0.0,0.0
2006,WAS,,joe_gibbs,,joe_gibbs,,0,0,,joe_gibbs,,0.0,0.0,0.0
2007,ARI,,ken_whisenhunt,,ken_whisenhunt,,0,0,,dennis_green,,1.0,0.0,0.0
2007,ATL,,bobby_petrino,,emmitt_thomas,,0,1,,jim_mora,,1.0,0.0,0.0
2007,BAL,,brian_billick,,brian_billick,,0,0,,brian_billick,,0.0,0.0,0.0
2007,BUF,,dick_jauron,,dick_jauron,,0,0,,dick_jauron,,0.0,0.0,0.0
2007,CAR,,john_fox,,john_fox,,0,0,,john_fox,,0.0,0.0,0.0
2007,CHI,,lovie_smith,,lovie_smith,,0,0,,lovie_smith,,0.0,0.0,0.0
2007,CIN,,marvin_lewis,,marvin_lewis,,0,0,,marvin_lewis,,0.0,0.0,0.0
2007,CLE,,romeo_crennel,,romeo_crennel,,0,0,,romeo_crennel,,0.0,0.0,0.0
2007,DAL,,wade_phillips,,wade_phillips,,0,0,,bill_parcells,,1.0,0.0,0.0
2007,DEN,,mike_shanahan,,mike_shanahan,,0,0,,mike_shanahan,,0.0,0.0,0.0
2007,DET,,rod_marinelli,,rod_marinelli,,0,0,,rod_marinelli,,0.0,0.0,0.0
2007,GB,,mike_mccarthy,,mike_mccarthy,,0,0,,mike_mccarthy,,0.0,0.0,0.0
2007,HOU,,gary_kubiak,,gary_kubiak,,0,0,,gary_kubiak,,0.0,0.0,0.0
2007,IND,,tony_dungy,,tony_dungy,,0,0,,tony_dungy,,0.0,0.0,0.0
2007,JAX,,jack_del_rio,,jack_del_rio,,0,0,,jack_del_rio,,0.0,0.0,0.0
2007,KC,,herm_edwards,,herm_edwards,,0,0,,herm_edwards,,0.0,0.0,0.0
2007,LA,,scott_linehan,,scott_linehan,,0,0,,scott_linehan,,0.0,0.0,0.0
2007,LAC,,norv_turner,,norv_turner,,0,0,,marty_schottenheimer,,1.0,0.0,0.0
2007,LV,,lane_kiffin,,lane_kiffin,,0,0,,art_shell,,1.0,0.0,0.0
2007,MIA,,cam_cameron,,cam_cameron,,0,0,,nick_saban,,1.0,0.0,0.0
2007,MIN,,brad_childress,,brad_childress,,0,0,,brad_childress,,0.0,0.0,0.0
2007,NE,,bill_belichick,,bill_belichick,,0,0,,bill_belichick,,0.0,0.0,0.0
2007,NO,,sean_payton,,sean_payton,,0,0,,sean_payton,,0.0,0.0,0.0
2007,NYG,,tom_coughlin,,tom_coughlin,,0,0,,tom_coughlin,,0.0,0.0,0.0
2007,NYJ,,eric_mangini,,eric_mangini,,0,0,,eric_mangini,,0.0,0.0,0.0
2007,PHI,,andy_reid,,andy_reid,,0,0,,andy_reid,,0.0,0.0,0.0
2007,PIT,,mike_tomlin,,mike_tomlin,,0,0,,bill_cowher,,1.0,0.0,0.0
2007,SEA,,mike_holmgren,,mike_holmgren,,0,0,,mike_holmgren,,0.0,0.0,0.0
2007,SF,,mike_nolan,,mike_nolan,,0,0,,mike_nolan,,0.0,0.0,0.0
2007,TB,,jon_gruden,,jon_gruden,,0,0,,jon_gruden,,0.0,0.0,0.0
2007,TEN,,jeff_fisher,,jeff_fisher,,0,0,,jeff_fisher,,0.0,0.0,0.0
2007,WAS,,joe_gibbs,,joe_gibbs,,0,0,,joe_gibbs,,0.0,0.0,0.0
2008,ARI,,ken_whisenhunt,,ken_whisenhunt,,0,0,,ken_whisenhunt,,0.0,0.0,0.0
2008,ATL,,mike_smith,,mike_smith,,0,0,,emmitt_thomas,,1.0,0.0,1.0
2008,BAL,,john_harbaugh,,john_harbaugh,,0,0,,brian_billick,,1.0,0.0,0.0
2008,BUF,,dick_jauron,,dick_jauron,,0,0,,dick_jauron,,0.0,0.0,0.0
2008,CAR,,john_fox,,john_fox,,0,0,,john_fox,,0.0,0.0,0.0
2008,CHI,,lovie_smith,,lovie_smith,,0,0,,lovie_smith,,0.0,0.0,0.0
2008,CIN,,marvin_lewis,,marvin_lewis,,0,0,,marvin_lewis,,0.0,0.0,0.0
2008,CLE,,romeo_crennel,,romeo_crennel,,0,0,,romeo_crennel,,0.0,0.0,0.0
2008,DAL,,wade_phillips,,wade_phillips,,0,0,,wade_phillips,,0.0,0.0,0.0
2008,DEN,,mike_shanahan,,mike_shanahan,,0,0,,mike_shanahan,,0.0,0.0,0.0
2008,DET,,rod_marinelli,,rod_marinelli,,0,0,,rod_marinelli,,0.0,0.0,0.0
2008,GB,,mike_mccarthy,,mike_mccarthy,,0,0,,mike_mccarthy,,0.0,0.0,0.0
2008,HOU,,gary_kubiak,,gary_kubiak,,0,0,,gary_kubiak,,0.0,0.0,0.0
2008,IND,,tony_dungy,,tony_dungy,,0,0,,tony_dungy,,0.0,0.0,0.0
2008,JAX,,jack_del_rio,,jack_del_rio,,0,0,,jack_del_rio,,0.0,0.0,0.0
2008,KC,,herm_edwards,,herm_edwards,,0,0,,herm_edwards,,0.0,0.0,0.0
2008,LA,,scott_linehan,,jim_haslett,,0,1,,scott_linehan,,0.0,0.0,0.0
2008,LAC,,norv_turner,,norv_turner,,0,0,,norv_turner,,0.0,0.0,0.0
2008,LV,,lane_kiffin,,tom_cable,,0,1,,lane_kiffin,,0.0,0.0,0.0
2008,MIA,,tony_sparano,,tony_sparano,,0,0,,cam_cameron,,1.0,0.0,0.0
2008,MIN,,brad_childress,,brad_childress,,0,0,,brad_childress,,0.0,0.0,0.0
2008,NE,,bill_belichick,,bill_belichick,,0,0,,bill_belichick,,0.0,0.0,0.0
2008,NO,,sean_payton,,sean_payton,,0,0,,sean_payton,,0.0,0.0,0.0
2008,NYG,,tom_coughlin,,tom_coughlin,,0,0,,tom_coughlin,,0.0,0.0,0.0
2008,NYJ,,eric_mangini,,eric_mangini,,0,0,,eric_mangini,,0.0,0.0,0.0
2008,PHI,,andy_reid,,andy_reid,,0,0,,andy_reid,,0.0,0.0,0.0
2008,PIT,,mike_tomlin,,mike_tomlin,,0,0,,mike_tomlin,,0.0,0.0,0.0
2008,SEA,,mike_holmgren,,mike_holmgren,,0,0,,mike_holmgren,,0.0,0.0,0.0
2008,SF,,mike_nolan,,mike_singletary,,0,1,,mike_nolan,,0.0,0.0,0.0
2008,TB,,jon_gruden,,jon_gruden,,0,0,,jon_gruden,,0.0,0.0,0.0
2008,TEN,,jeff_fisher,,jeff_fisher,,0,0,,jeff_fisher,,0.0,0.0,0.0
2008,WAS,,jim_zorn,,jim_zorn,,0,0,,joe_gibbs,,1.0,0.0,0.0
2009,ARI,,ken_whisenhunt,,ken_whisenhunt,,0,0,,ken_whisenhunt,,0.0,0.0,0.0
2009,ATL,,mike_smith,,mike_smith,,0,0,,mike_smith,,0.0,0.0,0.0
2009,BAL,,john_harbaugh,,john_harbaugh,,0,0,,john_harbaugh,,0.0,0.0,0.0
2009,BUF,,dick_jauron,,perry_fewell,,0,1,,dick_jauron,,0.0,0.0,0.0
2009,CAR,,john_fox,,john_fox,,0,0,,john_fox,,0.0,0.0,0.0
2009,CHI,,lovie_smith,,lovie_smith,,0,0,,lovie_smith,,0.0,0.0,0.0
2009,CIN,,marvin_lewis,,marvin_lewis,,0,0,,marvin_lewis,,0.0,0.0,0.0
2009,CLE,,eric_mangini,,eric_mangini,,0,0,,romeo_crennel,,1.0,0.0,0.0
2009,DAL,,wade_phillips,,wade_phillips,,0,0,,wade_phillips,,0.0,0.0,0.0
2009,DEN,,josh_mcdaniels,,josh_mcdaniels,,0,0,,mike_shanahan,,1.0,0.0,0.0
2009,DET,,jim_schwartz,,jim_schwartz,,0,0,,rod_marinelli,,1.0,0.0,0.0
2009,GB,,mike_mccarthy,,mike_mccarthy,,0,0,,mike_mccarthy,,0.0,0.0,0.0
2009,HOU,,gary_kubiak,,gary_kubiak,,0,0,,gary_kubiak,,0.0,0.0,0.0
2009,IND,,jim_caldwell,,jim_caldwell,,0,0,,tony_dungy,,1.0,0.0,0.0
2009,JAX,,jack_del_rio,,jack_del_rio,,0,0,,jack_del_rio,,0.0,0.0,0.0
2009,KC,,todd_haley,,todd_haley,,0,0,,herm_edwards,,1.0,0.0,0.0
2009,LA,,steve_spagnuolo,,steve_spagnuolo,,0,0,,jim_haslett,,1.0,0.0,1.0
2009,LAC,,norv_turner,,norv_turner,,0,0,,norv_turner,,0.0,0.0,0.0
2009,LV,,tom_cable,,tom_cable,,0,0,,tom_cable,,0.0,0.0,1.0
2009,MIA,,tony_sparano,,tony_sparano,,0,0,,tony_sparano,,0.0,0.0,0.0
2009,MIN,,brad_childress,,brad_childress,,0,0,,brad_childress,,0.0,0.0,0.0
2009,NE,,bill_belichick,,bill_belichick,,0,0,,bill_belichick,,0.0,0.0,0.0
2009,NO,,sean_payton,,sean_payton,,0,0,,sean_payton,,0.0,0.0,0.0
2009,NYG,,tom_coughlin,,tom_coughlin,,0,0,,tom_coughlin,,0.0,0.0,0.0
2009,NYJ,,rex_ryan,,rex_ryan,,0,0,,eric_mangini,,1.0,0.0,0.0
2009,PHI,,andy_reid,,andy_reid,,0,0,,andy_reid,,0.0,0.0,0.0
2009,PIT,,mike_tomlin,,mike_tomlin,,0,0,,mike_tomlin,,0.0,0.0,0.0
2009,SEA,,jim_mora,,jim_mora,,0,0,,mike_holmgren,,1.0,0.0,0.0
2009,SF,,mike_singletary,,mike_singletary,,0,0,,mike_singletary,,0.0,0.0,1.0
2009,TB,,raheem_morris,,raheem_morris,,0,0,,jon_gruden,,1.0,0.0,0.0
2009,TEN,,jeff_fisher,,jeff_fisher,,0,0,,jeff_fisher,,0.0,0.0,0.0
2009,WAS,,jim_zorn,,jim_zorn,,0,0,,jim_zorn,,0.0,0.0,0.0
2010,ARI,,ken_whisenhunt,,ken_whisenhunt,,0,0,,ken_whisenhunt,,0.0,0.0,0.0
2010,ATL,,mike_smith,,mike_smith,,0,0,,mike_smith,,0.0,0.0,0.0
2010,BAL,,john_harbaugh,,john_harbaugh,,0,0,,john_harbaugh,,0.0,0.0,0.0
2010,BUF,,chan_gailey,,chan_gailey,,0,0,,perry_fewell,,1.0,0.0,1.0
2010,CAR,,john_fox,,john_fox,,0,0,,john_fox,,0.0,0.0,0.0
2010,CHI,,lovie_smith,,lovie_smith,,0,0,,lovie_smith,,0.0,0.0,0.0
2010,CIN,,marvin_lewis,,marvin_lewis,,0,0,,marvin_lewis,,0.0,0.0,0.0
2010,CLE,,eric_mangini,,eric_mangini,,0,0,,eric_mangini,,0.0,0.0,0.0
2010,DAL,,wade_phillips,,jason_garrett,,0,1,,wade_phillips,,0.0,0.0,0.0
2010,DEN,,josh_mcdaniels,,eric_studesville,,0,1,,josh_mcdaniels,,0.0,0.0,0.0
2010,DET,,jim_schwartz,,jim_schwartz,,0,0,,jim_schwartz,,0.0,0.0,0.0
2010,GB,,mike_mccarthy,,mike_mccarthy,,0,0,,mike_mccarthy,,0.0,0.0,0.0
2010,HOU,,gary_kubiak,,gary_kubiak,,0,0,,gary_kubiak,,0.0,0.0,0.0
2010,IND,,jim_caldwell,,jim_caldwell,,0,0,,jim_caldwell,,0.0,0.0,0.0
2010,JAX,,jack_del_rio,,jack_del_rio,,0,0,,jack_del_rio,,0.0,0.0,0.0
2010,KC,,todd_haley,,todd_haley,,0,0,,todd_haley,,0.0,0.0,0.0
2010,LA,,steve_spagnuolo,,steve_spagnuolo,,0,0,,steve_spagnuolo,,0.0,0.0,0.0
2010,LAC,,norv_turner,,norv_turner,,0,0,,norv_turner,,0.0,0.0,0.0
2010,LV,,tom_cable,,tom_cable,,0,0,,tom_cable,,0.0,0.0,0.0
2010,MIA,,tony_sparano,,tony_sparano,,0,0,,tony_sparano,,0.0,0.0,0.0
2010,MIN,,brad_childress,,leslie_frazier,,0,1,,brad_childress,,0.0,0.0,0.0
2010,NE,,bill_belichick,,bill_belichick,,0,0,,bill_belichick,,0.0,0.0,0.0
2010,NO,,sean_payton,,sean_payton,,0,0,,sean_payton,,0.0,0.0,0.0
2010,NYG,,tom_coughlin,,tom_coughlin,,0,0,,tom_coughlin,,0.0,0.0,0.0
2010,NYJ,,rex_ryan,,rex_ryan,,0,0,,rex_ryan,,0.0,0.0,0.0
2010,PHI,,andy_reid,,andy_reid,,0,0,,andy_reid,,0.0,0.0,0.0
2010,PIT,,mike_tomlin,,mike_tomlin,,0,0,,mike_tomlin,,0.0,0.0,0.0
2010,SEA,,pete_carroll,,pete_carroll,,0,0,,jim_mora,,1.0,0.0,0.0
2010,SF,,mike_singletary,,jim_tomsula,,0,1,,mike_singletary,,0.0,0.0,0.0
2010,TB,,raheem_morris,,raheem_morris,,0,0,,raheem_morris,,0.0,0.0,0.0
2010,TEN,,jeff_fisher,,jeff_fisher,,0,0,,jeff_fisher,,0.0,0.0,0.0
2010,WAS,,mike_shanahan,,mike_shanahan,,0,0,,jim_zorn,,1.0,0.0,0.0
2011,ARI,,ken_whisenhunt,,ken_whisenhunt,,0,0,,ken_whisenhunt,,0.0,0.0,0.0
2011,ATL,,mike_smith,,mike_smith,,0,0,,mike_smith,,0.0,0.0,0.0
2011,BAL,,john_harbaugh,,john_harbaugh,,0,0,,john_harbaugh,,0.0,0.0,0.0
2011,BUF,,chan_gailey,,chan_gailey,,0,0,,chan_gailey,,0.0,0.0,0.0
2011,CAR,,ron_rivera,,ron_rivera,,0,0,,john_fox,,1.0,0.0,0.0
2011,CHI,,lovie_smith,,lovie_smith,,0,0,,lovie_smith,,0.0,0.0,0.0
2011,CIN,,marvin_lewis,,marvin_lewis,,0,0,,marvin_lewis,,0.0,0.0,0.0
2011,CLE,,pat_shurmur,,pat_shurmur,,0,0,,eric_mangini,,1.0,0.0,0.0
2011,DAL,,jason_garrett,,jason_garrett,,0,0,,jason_garrett,,0.0,0.0,1.0
2011,DEN,,john_fox,,john_fox,,0,0,,eric_studesville,,1.0,0.0,1.0
2011,DET,,jim_schwartz,,jim_schwartz,,0,0,,jim_schwartz,,0.0,0.0,0.0
2011,GB,,mike_mccarthy,,mike_mccarthy,,0,0,,mike_mccarthy,,0.0,0.0,0.0
2011,HOU,,gary_kubiak,,gary_kubiak,,0,0,,gary_kubiak,,0.0,0.0,0.0
2011,IND,,jim_caldwell,,jim_caldwell,,0,0,,jim_caldwell,,0.0,0.0,0.0
2011,JAX,,jack_del_rio,,mel_tucker,,0,1,,jack_del_rio,,0.0,0.0,0.0
2011,KC,,todd_haley,,romeo_crennel,,0,1,,todd_haley,,0.0,0.0,0.0
2011,LA,,steve_spagnuolo,,steve_spagnuolo,,0,0,,steve_spagnuolo,,0.0,0.0,0.0
2011,LAC,,norv_turner,,norv_turner,,0,0,,norv_turner,,0.0,0.0,0.0
2011,LV,,hue_jackson,,hue_jackson,,0,0,,tom_cable,,1.0,0.0,0.0
2011,MIA,,tony_sparano,,todd_bowles,,0,1,,tony_sparano,,0.0,0.0,0.0
2011,MIN,,leslie_frazier,,leslie_frazier,,0,0,,leslie_frazier,,0.0,0.0,1.0
2011,NE,,bill_belichick,,bill_belichick,,0,0,,bill_belichick,,0.0,0.0,0.0
2011,NO,,sean_payton,,sean_payton,,0,0,,sean_payton,,0.0,0.0,0.0
2011,NYG,,tom_coughlin,,tom_coughlin,,0,0,,tom_coughlin,,0.0,0.0,0.0
2011,NYJ,,rex_ryan,,rex_ryan,,0,0,,rex_ryan,,0.0,0.0,0.0
2011,PHI,,andy_reid,,andy_reid,,0,0,,andy_reid,,0.0,0.0,0.0
2011,PIT,,mike_tomlin,,mike_tomlin,,0,0,,mike_tomlin,,0.0,0.0,0.0
2011,SEA,,pete_carroll,,pete_carroll,,0,0,,pete_carroll,,0.0,0.0,0.0
2011,SF,,jim_harbaugh,,jim_harbaugh,,0,0,,jim_tomsula,,1.0,0.0,1.0
2011,TB,,raheem_morris,,raheem_morris,,0,0,,raheem_morris,,0.0,0.0,0.0
2011,TEN,,mike_munchak,,mike_munchak,,0,0,,jeff_fisher,,1.0,0.0,0.0
2011,WAS,,mike_shanahan,,mike_shanahan,,0,0,,mike_shanahan,,0.0,0.0,0.0
2012,ARI,,ken_whisenhunt,,ken_whisenhunt,,0,0,,ken_whisenhunt,,0.0,0.0,0.0
2012,ATL,,mike_smith,,mike_smith,,0,0,,mike_smith,,0.0,0.0,0.0
2012,BAL,,john_harbaugh,,john_harbaugh,,0,0,,john_harbaugh,,0.0,0.0,0.0
2012,BUF,,chan_gailey,,chan_gailey,,0,0,,chan_gailey,,0.0,0.0,0.0
2012,CAR,,ron_rivera,,ron_rivera,,0,0,,ron_rivera,,0.0,0.0,0.0
2012,CHI,,lovie_smith,,lovie_smith,,0,0,,lovie_smith,,0.0,0.0,0.0
2012,CIN,,marvin_lewis,,marvin_lewis,,0,0,,marvin_lewis,,0.0,0.0,0.0
2012,CLE,,pat_shurmur,,pat_shurmur,,0,0,,pat_shurmur,,0.0,0.0,0.0
2012,DAL,,jason_garrett,,jason_garrett,,0,0,,jason_garrett,,0.0,0.0,0.0
2012,DEN,,john_fox,,john_fox,,0,0,,john_fox,,0.0,0.0,0.0
2012,DET,,jim_schwartz,,jim_schwartz,,0,0,,jim_schwartz,,0.0,0.0,0.0
2012,GB,,mike_mccarthy,,mike_mccarthy,,0,0,,mike_mccarthy,,0.0,0.0,0.0
2012,HOU,,gary_kubiak,,gary_kubiak,,0,0,,gary_kubiak,,0.0,0.0,0.0
2012,IND,,chuck_pagano,,chuck_pagano,,0,0,,jim_caldwell,,1.0,0.0,0.0
2012,JAX,,mike_mularkey,,mike_mularkey,,0,0,,mel_tucker,,1.0,0.0,1.0
2012,KC,,romeo_crennel,,romeo_crennel,,0,0,,romeo_crennel,,0.0,0.0,1.0
2012,LA,,jeff_fisher,,jeff_fisher,,0,0,,steve_spagnuolo,,1.0,0.0,0.0
2012,LAC,,norv_turner,,norv_turner,,0,0,,norv_turner,,0.0,0.0,0.0
2012,LV,,dennis_allen,,dennis_allen,,0,0,,hue_jackson,,1.0,0.0,0.0
2012,MIA,,joe_philbin,,joe_philbin,,0,0,,todd_bowles,,1.0,0.0,1.0
2012,MIN,,leslie_frazier,,leslie_frazier,,0,0,,leslie_frazier,,0.0,0.0,0.0
2012,NE,,bill_belichick,,bill_belichick,,0,0,,bill_belichick,,0.0,0.0,0.0
2012,NO,,aaron_kromer,,joe_vitt,,0,1,,sean_payton,,1.0,0.0,0.0
2012,NYG,,tom_coughlin,,tom_coughlin,,0,0,,tom_coughlin,,0.0,0.0,0.0
2012,NYJ,,rex_ryan,,rex_ryan,,0,0,,rex_ryan,,0.0,0.0,0.0
2012,PHI,,andy_reid,,andy_reid,,0,0,,andy_reid,,0.0,0.0,0.0
2012,PIT,,mike_tomlin,,mike_tomlin,,0,0,,mike_tomlin,,0.0,0.0,0.0
2012,SEA,,pete_carroll,,pete_carroll,,0,0,,pete_carroll,,0.0,0.0,0.0
2012,SF,,jim_harbaugh,,jim_harbaugh,,0,0,,jim_harbaugh,,0.0,0.0,0.0
2012,TB,,greg_schiano,,greg_schiano,,0,0,,raheem_morris,,1.0,0.0,0.0
2012,TEN,,mike_munchak,,mike_munchak,,0,0,,mike_munchak,,0.0,0.0,0.0
2012,WAS,,mike_shanahan,,mike_shanahan,,0,0,,mike_shanahan,,0.0,0.0,0.0
2013,ARI,,bruce_arians,,bruce_arians,,0,0,,ken_whisenhunt,,1.0,0.0,0.0
2013,ATL,,mike_smith,,mike_smith,,0,0,,mike_smith,,0.0,0.0,0.0
2013,BAL,,john_harbaugh,,john_harbaugh,,0,0,,john_harbaugh,,0.0,0.0,0.0
2013,BUF,,doug_marrone,,doug_marrone,,0,0,,chan_gailey,,1.0,0.0,0.0
2013,CAR,,ron_rivera,,ron_rivera,,0,0,,ron_rivera,,0.0,0.0,0.0
2013,CHI,,marc_trestman,,marc_trestman,,0,0,,lovie_smith,,1.0,0.0,0.0
2013,CIN,,marvin_lewis,,marvin_lewis,,0,0,,marvin_lewis,,0.0,0.0,0.0
2013,CLE,,rob_chudzinski,,rob_chudzinski,,0,0,,pat_shurmur,,1.0,0.0,0.0
2013,DAL,,jason_garrett,,jason_garrett,,0,0,,jason_garrett,,0.0,0.0,0.0
2013,DEN,,john_fox,,john_fox,,0,0,,john_fox,,0.0,0.0,0.0
2013,DET,,jim_schwartz,,jim_schwartz,,0,0,,jim_schwartz,,0.0,0.0,0.0
2013,GB,,mike_mccarthy,,mike_mccarthy,,0,0,,mike_mccarthy,,0.0,0.0,0.0
2013,HOU,,gary_kubiak,,wade_phillips,,0,1,,gary_kubiak,,0.0,0.0,0.0
2013,IND,,chuck_pagano,,chuck_pagano,,0,0,,chuck_pagano,,0.0,0.0,0.0
2013,JAX,,gus_bradley,,gus_bradley,,0,0,,mike_mularkey,,1.0,0.0,0.0
2013,KC,,andy_reid,,andy_reid,,0,0,,romeo_crennel,,1.0,0.0,0.0
2013,LA,,jeff_fisher,,jeff_fisher,,0,0,,jeff_fisher,,0.0,0.0,0.0
2013,LAC,,mike_mccoy,,mike_mccoy,,0,0,,norv_turner,,1.0,0.0,0.0
2013,LV,,dennis_allen,,dennis_allen,,0,0,,dennis_allen,,0.0,0.0,0.0
2013,MIA,,joe_philbin,,joe_philbin,,0,0,,joe_philbin,,0.0,0.0,0.0
2013,MIN,,leslie_frazier,,leslie_frazier,,0,0,,leslie_frazier,,0.0,0.0,0.0
2013,NE,,bill_belichick,,bill_belichick,,0,0,,bill_belichick,,0.0,0.0,0.0
2013,NO,,sean_payton,,sean_payton,,0,0,,joe_vitt,,1.0,0.0,1.0
2013,NYG,,tom_coughlin,,tom_coughlin,,0,0,,tom_coughlin,,0.0,0.0,0.0
2013,NYJ,,rex_ryan,,rex_ryan,,0,0,,rex_ryan,,0.0,0.0,0.0
2013,PHI,,chip_kelly,,chip_kelly,,0,0,,andy_reid,,1.0,0.0,0.0
2013,PIT,,mike_tomlin,,mike_tomlin,,0,0,,mike_tomlin,,0.0,0.0,0.0
2013,SEA,,pete_carroll,,pete_carroll,,0,0,,pete_carroll,,0.0,0.0,0.0
2013,SF,,jim_harbaugh,,jim_harbaugh,,0,0,,jim_harbaugh,,0.0,0.0,0.0
2013,TB,,greg_schiano,,greg_schiano,,0,0,,greg_schiano,,0.0,0.0,0.0
2013,TEN,,mike_munchak,,mike_munchak,,0,0,,mike_munchak,,0.0,0.0,0.0
2013,WAS,,mike_shanahan,,mike_shanahan,,0,0,,mike_shanahan,,0.0,0.0,0.0
2014,ARI,,bruce_arians,,bruce_arians,,0,0,,bruce_arians,,0.0,0.0,0.0
2014,ATL,dirk_koetter,mike_smith,dirk_koetter,mike_smith,dirk_koetter,0,0,,mike_smith,,0.0,0.0,0.0
2014,BAL,gary_kubiak,john_harbaugh,gary_kubiak,john_harbaugh,gary_kubiak,0,0,,john_harbaugh,,0.0,0.0,0.0
2014,BUF,nathaniel_hackett,doug_marrone,nathaniel_hackett,doug_marrone,nathaniel_hackett,0,0,,doug_marrone,,0.0,0.0,0.0
2014,CAR,mike_shula,ron_rivera,mike_shula,ron_rivera,mike_shula,0,0,,ron_rivera,,0.0,0.0,0.0
2014,CHI,,marc_trestman,,marc_trestman,,0,0,,marc_trestman,,0.0,0.0,0.0
2014,CIN,hue_jackson,marvin_lewis,hue_jackson,marvin_lewis,hue_jackson,0,0,,marvin_lewis,,0.0,0.0,0.0
2014,CLE,kyle_shanahan,mike_pettine,kyle_shanahan,mike_pettine,kyle_shanahan,0,0,,rob_chudzinski,,1.0,0.0,0.0
2014,DAL,scott_linehan,jason_garrett,scott_linehan,jason_garrett,scott_linehan,0,0,,jason_garrett,,0.0,0.0,0.0
2014,DEN,adam_gase,john_fox,adam_gase,john_fox,adam_gase,0,0,,john_fox,,0.0,0.0,0.0
2014,DET,joe_lombardi,jim_caldwell,joe_lombardi,jim_caldwell,joe_lombardi,0,0,,jim_schwartz,,1.0,0.0,0.0
2014,GB,mike_mccarthy,mike_mccarthy,mike_mccarthy,mike_mccarthy,mike_mccarthy,0,0,,mike_mccarthy,,0.0,0.0,0.0
2014,HOU,bill_obrien,bill_obrien,bill_obrien,bill_obrien,bill_obrien,0,0,,wade_phillips,,1.0,0.0,1.0
2014,IND,pep_hamilton,chuck_pagano,pep_hamilton,chuck_pagano,pep_hamilton,0,0,,chuck_pagano,,0.0,0.0,0.0
2014,JAX,,gus_bradley,,gus_bradley,,0,0,,gus_bradley,,0.0,0.0,0.0
2014,KC,andy_reid,andy_reid,andy_reid,andy_reid,andy_reid,0,0,,andy_reid,,0.0,0.0,0.0
2014,LA,brian_schottenheimer,jeff_fisher,brian_schottenheimer,jeff_fisher,brian_schottenheimer,0,0,,jeff_fisher,,0.0,0.0,0.0
2014,LAC,frank_reich,mike_mccoy,frank_reich,mike_mccoy,frank_reich,0,0,,mike_mccoy,,0.0,0.0,0.0
2014,LV,,dennis_allen,,tony_sparano,,0,1,,dennis_allen,,0.0,0.0,0.0
2014,MIA,bill_lazor,joe_philbin,bill_lazor,joe_philbin,bill_lazor,0,0,,joe_philbin,,0.0,0.0,0.0
2014,MIN,norv_turner,mike_zimmer,norv_turner,mike_zimmer,norv_turner,0,0,,leslie_frazier,,1.0,0.0,0.0
2014,NE,josh_mcdaniels,bill_belichick,josh_mcdaniels,bill_belichick,josh_mcdaniels,0,0,,bill_belichick,,0.0,0.0,0.0
2014,NO,sean_payton,sean_payton,sean_payton,sean_payton,sean_payton,0,0,,sean_payton,,0.0,0.0,0.0
2014,NYG,ben_mcadoo,tom_coughlin,ben_mcadoo,tom_coughlin,ben_mcadoo,0,0,,tom_coughlin,,0.0,0.0,0.0
2014,NYJ,marty_mornhinweg,rex_ryan,marty_mornhinweg,rex_ryan,marty_mornhinweg,0,0,,rex_ryan,,0.0,0.0,0.0
2014,PHI,chip_kelly,chip_kelly,chip_kelly,chip_kelly,chip_kelly,0,0,,chip_kelly,,0.0,0.0,0.0
2014,PIT,todd_haley,mike_tomlin,todd_haley,mike_tomlin,todd_haley,0,0,,mike_tomlin,,0.0,0.0,0.0
2014,SEA,darrell_bevell,pete_carroll,darrell_bevell,pete_carroll,darrell_bevell,0,0,,pete_carroll,,0.0,0.0,0.0
2014,SF,,jim_harbaugh,,jim_harbaugh,,0,0,,jim_harbaugh,,0.0,0.0,0.0
2014,TB,marcus_arroyo,lovie_smith,marcus_arroyo,lovie_smith,marcus_arroyo,0,0,,greg_schiano,,1.0,0.0,0.0
2014,TEN,ken_whisenhunt,ken_whisenhunt,ken_whisenhunt,ken_whisenhunt,ken_whisenhunt,0,0,,mike_munchak,,1.0,0.0,0.0
2014,WAS,jay_gruden,jay_gruden,jay_gruden,jay_gruden,jay_gruden,0,0,,mike_shanahan,,1.0,0.0,0.0
2015,ARI,bruce_arians,bruce_arians,bruce_arians,bruce_arians,bruce_arians,0,0,,bruce_arians,,0.0,0.0,0.0
2015,ATL,kyle_shanahan,dan_quinn,kyle_shanahan,dan_quinn,kyle_shanahan,0,0,dirk_koetter,mike_smith,1.0,1.0,0.0,0.0
2015,BAL,marc_trestman,john_harbaugh,marc_trestman,john_harbaugh,marc_trestman,0,0,gary_kubiak,john_harbaugh,1.0,0.0,0.0,0.0
2015,BUF,greg_roman,rex_ryan,greg_roman,rex_ryan,greg_roman,0,0,nathaniel_hackett,doug_marrone,1.0,1.0,0.0,0.0
2015,CAR,mike_shula,ron_rivera,mike_shula,ron_rivera,mike_shula,0,0,mike_shula,ron_rivera,0.0,0.0,0.0,0.0
2015,CHI,adam_gase,john_fox,adam_gase,john_fox,adam_gase,0,0,,marc_trestman,,1.0,0.0,0.0
2015,CIN,,marvin_lewis,,marvin_lewis,,0,0,hue_jackson,marvin_lewis,,0.0,0.0,0.0
2015,CLE,,mike_pettine,,mike_pettine,,0,0,kyle_shanahan,mike_pettine,,0.0,0.0,0.0
2015,DAL,scott_linehan,jason_garrett,scott_linehan,jason_garrett,scott_linehan,0,0,scott_linehan,jason_garrett,0.0,0.0,0.0,0.0
2015,DEN,gary_kubiak,gary_kubiak,gary_kubiak,gary_kubiak,gary_kubiak,0,0,adam_gase,john_fox,1.0,1.0,0.0,0.0
2015,DET,joe_lombardi,jim_caldwell,jim_bob_cooter,jim_caldwell,jim_bob_cooter,1,0,joe_lombardi,jim_caldwell,0.0,0.0,0.0,0.0
2015,GB,tom_clements,mike_mccarthy,mike_mccarthy,mike_mccarthy,tom_clements,1,0,mike_mccarthy,mike_mccarthy,1.0,0.0,0.0,0.0
2015,HOU,george_godsey,bill_obrien,george_godsey,bill_obrien,george_godsey,0,0,bill_obrien,bill_obrien,1.0,0.0,0.0,0.0
2015,IND,pep_hamilton,chuck_pagano,rob_chudzinski,chuck_pagano,pep_hamilton,1,0,pep_hamilton,chuck_pagano,0.0,0.0,0.0,0.0
2015,JAX,greg_olson,gus_bradley,greg_olson,gus_bradley,greg_olson,0,0,,gus_bradley,,0.0,0.0,0.0
2015,KC,andy_reid,andy_reid,andy_reid,andy_reid,andy_reid,0,0,andy_reid,andy_reid,0.0,0.0,0.0,0.0
2015,LA,frank_cignetti,jeff_fisher,rob_boras,jeff_fisher,frank_cignetti,1,0,brian_schottenheimer,jeff_fisher,1.0,0.0,0.0,0.0
2015,LAC,frank_reich,mike_mccoy,frank_reich,mike_mccoy,frank_reich,0,0,frank_reich,mike_mccoy,0.0,0.0,0.0,0.0
2015,LV,bill_musgrave,jack_del_rio,bill_musgrave,jack_del_rio,bill_musgrave,0,0,,tony_sparano,,1.0,0.0,1.0
2015,MIA,bill_lazor,joe_philbin,zac_taylor,joe_philbin,bill_lazor,1,0,bill_lazor,joe_philbin,0.0,0.0,0.0,0.0
2015,MIN,norv_turner,mike_zimmer,norv_turner,mike_zimmer,norv_turner,0,0,norv_turner,mike_zimmer,0.0,0.0,0.0,0.0
2015,NE,josh_mcdaniels,bill_belichick,josh_mcdaniels,bill_belichick,josh_mcdaniels,0,0,josh_mcdaniels,bill_belichick,0.0,0.0,0.0,0.0
2015,NO,sean_payton,sean_payton,sean_payton,sean_payton,sean_payton,0,0,sean_payton,sean_payton,0.0,0.0,0.0,0.0
2015,NYG,ben_mcadoo,tom_coughlin,ben_mcadoo,tom_coughlin,ben_mcadoo,0,0,ben_mcadoo,tom_coughlin,0.0,0.0,0.0,0.0
2015,NYJ,chan_gailey,todd_bowles,chan_gailey,todd_bowles,chan_gailey,0,0,marty_mornhinweg,rex_ryan,1.0,1.0,0.0,0.0
2015,PHI,chip_kelly,chip_kelly,chip_kelly,pat_shurmur,chip_kelly,0,1,chip_kelly,chip_kelly,0.0,0.0,0.0,0.0
2015,PIT,todd_haley,mike_tomlin,todd_haley,mike_tomlin,todd_haley,0,0,todd_haley,mike_tomlin,0.0,0.0,0.0,0.0
2015,SEA,darrell_bevell,pete_carroll,darrell_bevell,pete_carroll,darrell_bevell,0,0,darrell_bevell,pete_carroll,0.0,0.0,0.0,0.0
2015,SF,geep_chryst,jim_tomsula,geep_chryst,jim_tomsula,geep_chryst,0,0,,jim_harbaugh,,1.0,0.0,0.0
2015,TB,dirk_koetter,lovie_smith,dirk_koetter,lovie_smith,dirk_koetter,0,0,marcus_arroyo,lovie_smith,1.0,0.0,0.0,0.0
2015,TEN,ken_whisenhunt,ken_whisenhunt,jason_michael,ken_whisenhunt,jason_michael,1,0,ken_whisenhunt,ken_whisenhunt,0.0,0.0,0.0,0.0
2015,WAS,sean_mcvay,jay_gruden,sean_mcvay,jay_gruden,sean_mcvay,0,0,jay_gruden,jay_gruden,1.0,0.0,0.0,0.0
2016,ARI,bruce_arians,bruce_arians,bruce_arians,bruce_arians,bruce_arians,0,0,bruce_arians,bruce_arians,0.0,0.0,0.0,0.0
2016,ATL,kyle_shanahan,dan_quinn,kyle_shanahan,dan_quinn,kyle_shanahan,0,0,kyle_shanahan,dan_quinn,0.0,0.0,0.0,0.0
2016,BAL,marc_trestman,john_harbaugh,marty_mornhinweg,john_harbaugh,marty_mornhinweg,1,0,marc_trestman,john_harbaugh,0.0,0.0,0.0,0.0
2016,BUF,greg_roman,rex_ryan,anthony_lynn,anthony_lynn,anthony_lynn,1,1,greg_roman,rex_ryan,0.0,0.0,0.0,0.0
2016,CAR,mike_shula,ron_rivera,mike_shula,ron_rivera,mike_shula,0,0,mike_shula,ron_rivera,0.0,0.0,0.0,0.0
2016,CHI,,john_fox,,john_fox,,0,0,adam_gase,john_fox,,0.0,0.0,0.0
2016,CIN,,marvin_lewis,,marvin_lewis,,0,0,,marvin_lewis,,0.0,0.0,0.0
2016,CLE,hue_jackson,hue_jackson,hue_jackson,hue_jackson,hue_jackson,0,0,,mike_pettine,,1.0,0.0,0.0
2016,DAL,scott_linehan,jason_garrett,scott_linehan,jason_garrett,scott_linehan,0,0,scott_linehan,jason_garrett,0.0,0.0,0.0,0.0
2016,DEN,,gary_kubiak,,gary_kubiak,,0,0,gary_kubiak,gary_kubiak,,0.0,0.0,0.0
2016,DET,jim_bob_cooter,jim_caldwell,jim_bob_cooter,jim_caldwell,jim_bob_cooter,0,0,jim_bob_cooter,jim_caldwell,0.0,0.0,1.0,0.0
2016,GB,mike_mccarthy,mike_mccarthy,mike_mccarthy,mike_mccarthy,mike_mccarthy,0,0,mike_mccarthy,mike_mccarthy,0.0,0.0,1.0,0.0
2016,HOU,george_godsey,bill_obrien,bill_obrien,bill_obrien,bill_obrien,1,0,george_godsey,bill_obrien,0.0,0.0,0.0,0.0
2016,IND,rob_chudzinski,chuck_pagano,rob_chudzinski,chuck_pagano,rob_chudzinski,0,0,rob_chudzinski,chuck_pagano,0.0,0.0,1.0,0.0
2016,JAX,greg_olson,gus_bradley,nathaniel_hackett,doug_marrone,nathaniel_hackett,1,1,greg_olson,gus_bradley,0.0,0.0,0.0,0.0
2016,KC,andy_reid,andy_reid,andy_reid,andy_reid,andy_reid,0,0,andy_reid,andy_reid,0.0,0.0,0.0,0.0
2016,LA,rob_boras,jeff_fisher,rob_boras,jeff_fisher,rob_boras,0,0,rob_boras,jeff_fisher,0.0,0.0,1.0,0.0
2016,LAC,,mike_mccoy,,mike_mccoy,,0,0,frank_reich,mike_mccoy,,0.0,0.0,0.0
2016,LV,bill_musgrave,jack_del_rio,bill_musgrave,jack_del_rio,bill_musgrave,0,0,bill_musgrave,jack_del_rio,0.0,0.0,0.0,0.0
2016,MIA,adam_gase,adam_gase,adam_gase,adam_gase,adam_gase,0,0,zac_taylor,joe_philbin,1.0,1.0,1.0,0.0
2016,MIN,norv_turner,mike_zimmer,pat_shurmur,mike_zimmer,pat_shurmur,1,0,norv_turner,mike_zimmer,0.0,0.0,0.0,0.0
2016,NE,josh_mcdaniels,bill_belichick,josh_mcdaniels,bill_belichick,josh_mcdaniels,0,0,josh_mcdaniels,bill_belichick,0.0,0.0,0.0,0.0
2016,NO,,sean_payton,,sean_payton,,0,0,sean_payton,sean_payton,,0.0,0.0,0.0
2016,NYG,ben_mcadoo,ben_mcadoo,ben_mcadoo,ben_mcadoo,ben_mcadoo,0,0,ben_mcadoo,tom_coughlin,0.0,1.0,0.0,0.0
2016,NYJ,chan_gailey,todd_bowles,chan_gailey,todd_bowles,chan_gailey,0,0,chan_gailey,todd_bowles,0.0,0.0,0.0,0.0
2016,PHI,doug_pederson,doug_pederson,doug_pederson,doug_pederson,doug_pederson,0,0,chip_kelly,pat_shurmur,1.0,1.0,0.0,1.0
2016,PIT,todd_haley,mike_tomlin,todd_haley,mike_tomlin,todd_haley,0,0,todd_haley,mike_tomlin,0.0,0.0,0.0,0.0
2016,SEA,darrell_bevell,pete_carroll,darrell_bevell,pete_carroll,darrell_bevell,0,0,darrell_bevell,pete_carroll,0.0,0.0,0.0,0.0
2016,SF,chip_kelly,chip_kelly,chip_kelly,chip_kelly,chip_kelly,0,0,geep_chryst,jim_tomsula,1.0,1.0,0.0,0.0
2016,TB,dirk_koetter,dirk_koetter,dirk_koetter,dirk_koetter,dirk_koetter,0,0,dirk_koetter,lovie_smith,0.0,1.0,0.0,0.0
2016,TEN,terry_robiskie,mike_mularkey,terry_robiskie,mike_mularkey,terry_robiskie,0,0,jason_michael,ken_whisenhunt,1.0,1.0,1.0,0.0
2016,WAS,sean_mcvay,jay_gruden,sean_mcvay,jay_gruden,sean_mcvay,0,0,sean_mcvay,jay_gruden,0.0,0.0,0.0,0.0
2017,ARI,bruce_arians,bruce_arians,bruce_arians,bruce_arians,bruce_arians,0,0,bruce_arians,bruce_arians,0.0,0.0,0.0,0.0
2017,ATL,steve_sarkisian,dan_quinn,steve_sarkisian,dan_quinn,steve_sarkisian,0,0,kyle_shanahan,dan_quinn,1.0,0.0,0.0,0.0
2017,BAL,marty_mornhinweg,john_harbaugh,marty_mornhinweg,john_harbaugh,marty_mornhinweg,0,0,marty_mornhinweg,john_harbaugh,0.0,0.0,1.0,0.0
2017,BUF,rick_dennison,sean_mcdermott,rick_dennison,sean_mcdermott,rick_dennison,0,0,anthony_lynn,anthony_lynn,1.0,1.0,1.0,1.0
2017,CAR,mike_shula,ron_rivera,mike_shula,ron_rivera,mike_shula,0,0,mike_shula,ron_rivera,0.0,0.0,0.0,0.0
2017,CHI,dowell_loggains,john_fox,dowell_loggains,john_fox,dowell_loggains,0,0,,john_fox,,0.0,0.0,0.0
2017,CIN,ken_zampese,marvin_lewis,bill_lazor,marvin_lewis,bill_lazor,1,0,,marvin_lewis,,0.0,0.0,0.0
2017,CLE,hue_jackson,hue_jackson,hue_jackson,hue_jackson,hue_jackson,0,0,hue_jackson,hue_jackson,0.0,0.0,0.0,0.0
2017,DAL,scott_linehan,jason_garrett,scott_linehan,jason_garrett,scott_linehan,0,0,scott_linehan,jason_garrett,0.0,0.0,0.0,0.0
2017,DEN,mike_mccoy,vance_joseph,mike_mccoy,vance_joseph,mike_mccoy,0,0,,gary_kubiak,,1.0,0.0,0.0
2017,DET,jim_bob_cooter,jim_caldwell,jim_bob_cooter,jim_caldwell,jim_bob_cooter,0,0,jim_bob_cooter,jim_caldwell,0.0,0.0,0.0,0.0
2017,GB,mike_mccarthy,mike_mccarthy,mike_mccarthy,mike_mccarthy,mike_mccarthy,0,0,mike_mccarthy,mike_mccarthy,0.0,0.0,0.0,0.0
2017,HOU,bill_obrien,bill_obrien,bill_obrien,bill_obrien,bill_obrien,0,0,bill_obrien,bill_obrien,0.0,0.0,1.0,0.0
2017,IND,rob_chudzinski,chuck_pagano,rob_chudzinski,chuck_pagano,rob_chudzinski,0,0,rob_chudzinski,chuck_pagano,0.0,0.0,0.0,0.0
2017,JAX,nathaniel_hackett,doug_marrone,nathaniel_hackett,doug_marrone,nathaniel_hackett,0,0,nathaniel_hackett,doug_marrone,0.0,0.0,1.0,1.0
2017,KC,andy_reid,andy_reid,matt_nagy,andy_reid,andy_reid,1,0,andy_reid,andy_reid,0.0,0.0,0.0,0.0
2017,LA,sean_mcvay,sean_mcvay,sean_mcvay,sean_mcvay,sean_mcvay,0,0,rob_boras,jeff_fisher,1.0,1.0,0.0,0.0
2017,LAC,ken_whisenhunt,anthony_lynn,ken_whisenhunt,anthony_lynn,ken_whisenhunt,0,0,,mike_mccoy,,1.0,0.0,0.0
2017,LV,todd_downing,jack_del_rio,todd_downing,jack_del_rio,todd_downing,0,0,bill_musgrave,jack_del_rio,1.0,0.0,0.0,0.0
2017,MIA,adam_gase,adam_gase,adam_gase,adam_gase,adam_gase,0,0,adam_gase,adam_gase,0.0,0.0,0.0,0.0
2017,MIN,pat_shurmur,mike_zimmer,pat_shurmur,mike_zimmer,pat_shurmur,0,0,pat_shurmur,mike_zimmer,0.0,0.0,1.0,0.0
2017,NE,josh_mcdaniels,bill_belichick,josh_mcdaniels,bill_belichick,josh_mcdaniels,0,0,josh_mcdaniels,bill_belichick,0.0,0.0,0.0,0.0
2017,NO,sean_payton,sean_payton,sean_payton,sean_payton,sean_payton,0,0,,sean_payton,,0.0,0.0,0.0
2017,NYG,ben_mcadoo,ben_mcadoo,mike_sullivan,steve_spagnuolo,mike_sullivan,1,1,ben_mcadoo,ben_mcadoo,0.0,0.0,0.0,0.0
2017,NYJ,john_morton,todd_bowles,john_morton,todd_bowles,john_morton,0,0,chan_gailey,todd_bowles,1.0,0.0,0.0,0.0
2017,PHI,doug_pederson,doug_pederson,doug_pederson,doug_pederson,doug_pederson,0,0,doug_pederson,doug_pederson,0.0,0.0,0.0,0.0
2017,PIT,todd_haley,mike_tomlin,todd_haley,mike_tomlin,todd_haley,0,0,todd_haley,mike_tomlin,0.0,0.0,0.0,0.0
2017,SEA,darrell_bevell,pete_carroll,darrell_bevell,pete_carroll,darrell_bevell,0,0,darrell_bevell,pete_carroll,0.0,0.0,0.0,0.0
2017,SF,kyle_shanahan,kyle_shanahan,kyle_shanahan,kyle_shanahan,kyle_shanahan,0,0,chip_kelly,chip_kelly,1.0,1.0,0.0,0.0
2017,TB,dirk_koetter,dirk_koetter,dirk_koetter,dirk_koetter,dirk_koetter,0,0,dirk_koetter,dirk_koetter,0.0,0.0,0.0,0.0
2017,TEN,terry_robiskie,mike_mularkey,terry_robiskie,mike_mularkey,terry_robiskie,0,0,terry_robiskie,mike_mularkey,0.0,0.0,0.0,0.0
2017,WAS,jay_gruden,jay_gruden,jay_gruden,jay_gruden,jay_gruden,0,0,sean_mcvay,jay_gruden,1.0,0.0,0.0,0.0
2018,ARI,mike_mccoy,steve_wilks,mike_mccoy,steve_wilks,mike_mccoy,0,0,bruce_arians,bruce_arians,1.0,1.0,0.0,0.0
2018,ATL,steve_sarkisian,dan_quinn,steve_sarkisian,dan_quinn,steve_sarkisian,0,0,steve_sarkisian,dan_quinn,0.0,0.0,0.0,0.0
2018,BAL,marty_mornhinweg,john_harbaugh,marty_mornhinweg,john_harbaugh,marty_mornhinweg,0,0,marty_mornhinweg,john_harbaugh,0.0,0.0,0.0,0.0
2018,BUF,brian_daboll,sean_mcdermott,brian_daboll,sean_mcdermott,brian_daboll,0,0,rick_dennison,sean_mcdermott,1.0,0.0,0.0,0.0
2018,CAR,norv_turner,ron_rivera,norv_turner,ron_rivera,norv_turner,0,0,mike_shula,ron_rivera,1.0,0.0,0.0,0.0
2018,CHI,matt_nagy,matt_nagy,matt_nagy,matt_nagy,matt_nagy,0,0,dowell_loggains,john_fox,1.0,1.0,0.0,0.0
2018,CIN,bill_lazor,marvin_lewis,bill_lazor,marvin_lewis,bill_lazor,0,0,bill_lazor,marvin_lewis,0.0,0.0,1.0,0.0
2018,CLE,todd_haley,hue_jackson,freddie_kitchens,gregg_williams,todd_haley,1,1,hue_jackson,hue_jackson,1.0,0.0,0.0,0.0
2018,DAL,scott_linehan,jason_garrett,scott_linehan,jason_garrett,scott_linehan,0,0,scott_linehan,jason_garrett,0.0,0.0,0.0,0.0
2018,DEN,bill_musgrave,vance_joseph,bill_musgrave,vance_joseph,bill_musgrave,0,0,mike_mccoy,vance_joseph,1.0,0.0,0.0,0.0
2018,DET,jim_bob_cooter,matt_patricia,jim_bob_cooter,matt_patricia,jim_bob_cooter,0,0,jim_bob_cooter,jim_caldwell,0.0,1.0,0.0,0.0
2018,GB,mike_mccarthy,mike_mccarthy,mike_mccarthy,joe_philbin,mike_mccarthy,0,1,mike_mccarthy,mike_mccarthy,0.0,0.0,0.0,0.0
2018,HOU,bill_obrien,bill_obrien,bill_obrien,bill_obrien,bill_obrien,0,0,bill_obrien,bill_obrien,0.0,0.0,0.0,0.0
2018,IND,frank_reich,frank_reich,frank_reich,frank_reich,frank_reich,0,0,rob_chudzinski,chuck_pagano,1.0,1.0,0.0,0.0
2018,JAX,nathaniel_hackett,doug_marrone,nathaniel_hackett,doug_marrone,nathaniel_hackett,0,0,nathaniel_hackett,doug_marrone,0.0,0.0,0.0,0.0
2018,KC,andy_reid,andy_reid,andy_reid,andy_reid,andy_reid,0,0,matt_nagy,andy_reid,1.0,0.0,1.0,0.0
2018,LA,sean_mcvay,sean_mcvay,sean_mcvay,sean_mcvay,sean_mcvay,0,0,sean_mcvay,sean_mcvay,0.0,0.0,0.0,0.0
2018,LAC,ken_whisenhunt,anthony_lynn,ken_whisenhunt,anthony_lynn,ken_whisenhunt,0,0,ken_whisenhunt,anthony_lynn,0.0,0.0,0.0,0.0
2018,LV,jon_gruden,jon_gruden,jon_gruden,jon_gruden,jon_gruden,0,0,todd_downing,jack_del_rio,1.0,1.0,0.0,0.0
2018,MIA,adam_gase,adam_gase,adam_gase,adam_gase,adam_gase,0,0,adam_gase,adam_gase,0.0,0.0,0.0,0.0
2018,MIN,john_defilippo,mike_zimmer,john_defilippo,mike_zimmer,john_defilippo,0,0,pat_shurmur,mike_zimmer,1.0,0.0,0.0,0.0
2018,NE,josh_mcdaniels,bill_belichick,josh_mcdaniels,bill_belichick,josh_mcdaniels,0,0,josh_mcdaniels,bill_belichick,0.0,0.0,0.0,0.0
2018,NO,sean_payton,sean_payton,sean_payton,sean_payton,sean_payton,0,0,sean_payton,sean_payton,0.0,0.0,0.0,0.0
2018,NYG,pat_shurmur,pat_shurmur,pat_shurmur,pat_shurmur,pat_shurmur,0,0,mike_sullivan,steve_spagnuolo,1.0,1.0,1.0,1.0
2018,NYJ,jeremy_bates,todd_bowles,jeremy_bates,todd_bowles,jeremy_bates,0,0,john_morton,todd_bowles,1.0,0.0,0.0,0.0
2018,PHI,doug_pederson,doug_pederson,doug_pederson,doug_pederson,doug_pederson,0,0,doug_pederson,doug_pederson,0.0,0.0,0.0,0.0
2018,PIT,randy_fichtner,mike_tomlin,randy_fichtner,mike_tomlin,randy_fichtner,0,0,todd_haley,mike_tomlin,1.0,0.0,0.0,0.0
2018,SEA,brian_schottenheimer,pete_carroll,brian_schottenheimer,pete_carroll,brian_schottenheimer,0,0,darrell_bevell,pete_carroll,1.0,0.0,0.0,0.0
2018,SF,kyle_shanahan,kyle_shanahan,kyle_shanahan,kyle_shanahan,kyle_shanahan,0,0,kyle_shanahan,kyle_shanahan,0.0,0.0,0.0,0.0
2018,TB,dirk_koetter,dirk_koetter,dirk_koetter,dirk_koetter,dirk_koetter,0,0,dirk_koetter,dirk_koetter,0.0,0.0,0.0,0.0
2018,TEN,matt_lafleur,mike_vrabel,matt_lafleur,mike_vrabel,matt_lafleur,0,0,terry_robiskie,mike_mularkey,1.0,1.0,0.0,0.0
2018,WAS,jay_gruden,jay_gruden,jay_gruden,jay_gruden,jay_gruden,0,0,jay_gruden,jay_gruden,0.0,0.0,0.0,0.0
2019,ARI,,kliff_kingsbury,,kliff_kingsbury,,0,0,mike_mccoy,steve_wilks,,1.0,0.0,0.0
2019,ATL,,dan_quinn,,dan_quinn,,0,0,steve_sarkisian,dan_quinn,,0.0,0.0,0.0
2019,BAL,,john_harbaugh,,john_harbaugh,,0,0,marty_mornhinweg,john_harbaugh,,0.0,0.0,0.0
2019,BUF,,sean_mcdermott,,sean_mcdermott,,0,0,brian_daboll,sean_mcdermott,,0.0,0.0,0.0
2019,CAR,norv_turner,ron_rivera,norv_turner,ron_rivera,norv_turner,0,0,norv_turner,ron_rivera,0.0,0.0,0.0,0.0
2019,CHI,matt_nagy,matt_nagy,matt_nagy,matt_nagy,matt_nagy,0,0,matt_nagy,matt_nagy,0.0,0.0,0.0,0.0
2019,CIN,zac_taylor,zac_taylor,zac_taylor,zac_taylor,zac_taylor,0,0,bill_lazor,marvin_lewis,1.0,1.0,0.0,0.0
2019,CLE,freddie_kitchens,freddie_kitchens,freddie_kitchens,freddie_kitchens,freddie_kitchens,0,0,freddie_kitchens,gregg_williams,0.0,1.0,1.0,1.0
2019,DAL,kellen_moore,jason_garrett,kellen_moore,jason_garrett,kellen_moore,0,0,scott_linehan,jason_garrett,1.0,0.0,0.0,0.0
2019,DEN,rich_scangarello,vic_fangio,rich_scangarello,vic_fangio,rich_scangarello,0,0,bill_musgrave,vance_joseph,1.0,1.0,0.0,0.0
2019,DET,,matt_patricia,,matt_patricia,,0,0,jim_bob_cooter,matt_patricia,,0.0,0.0,0.0
2019,GB,matt_lafleur,matt_lafleur,matt_lafleur,matt_lafleur,matt_lafleur,0,0,mike_mccarthy,joe_philbin,1.0,1.0,0.0,1.0
2019,HOU,bill_obrien,bill_obrien,bill_obrien,bill_obrien,bill_obrien,0,0,bill_obrien,bill_obrien,0.0,0.0,0.0,0.0
2019,IND,frank_reich,frank_reich,frank_reich,frank_reich,frank_reich,0,0,frank_reich,frank_reich,0.0,0.0,0.0,0.0
2019,JAX,john_defilippo,doug_marrone,john_defilippo,doug_marrone,john_defilippo,0,0,nathaniel_hackett,doug_marrone,1.0,0.0,0.0,0.0
2019,KC,andy_reid,andy_reid,andy_reid,andy_reid,andy_reid,0,0,andy_reid,andy_reid,0.0,0.0,0.0,0.0
2019,LA,sean_mcvay,sean_mcvay,sean_mcvay,sean_mcvay,sean_mcvay,0,0,sean_mcvay,sean_mcvay,0.0,0.0,0.0,0.0
2019,LAC,ken_whisenhunt,anthony_lynn,shane_steichen,anthony_lynn,shane_steichen,1,0,ken_whisenhunt,anthony_lynn,0.0,0.0,0.0,0.0
2019,LV,jon_gruden,jon_gruden,jon_gruden,jon_gruden,jon_gruden,0,0,jon_gruden,jon_gruden,0.0,0.0,0.0,0.0
2019,MIA,chad_oshea,brian_flores,chad_oshea,brian_flores,chad_oshea,0,0,adam_gase,adam_gase,1.0,1.0,0.0,0.0
2019,MIN,kevin_stefanski,mike_zimmer,kevin_stefanski,mike_zimmer,kevin_stefanski,0,0,john_defilippo,mike_zimmer,1.0,0.0,0.0,0.0
2019,NE,,bill_belichick,,bill_belichick,,0,0,josh_mcdaniels,bill_belichick,,0.0,0.0,0.0
2019,NO,,sean_payton,,sean_payton,,0,0,sean_payton,sean_payton,,0.0,0.0,0.0
2019,NYG,,pat_shurmur,,pat_shurmur,,0,0,pat_shurmur,pat_shurmur,,0.0,0.0,0.0
2019,NYJ,adam_gase,adam_gase,adam_gase,adam_gase,adam_gase,0,0,jeremy_bates,todd_bowles,1.0,1.0,0.0,0.0
2019,PHI,doug_pederson,doug_pederson,doug_pederson,doug_pederson,doug_pederson,0,0,doug_pederson,doug_pederson,0.0,0.0,0.0,0.0
2019,PIT,randy_fichtner,mike_tomlin,randy_fichtner,mike_tomlin,randy_fichtner,0,0,randy_fichtner,mike_tomlin,0.0,0.0,0.0,0.0
2019,SEA,brian_schottenheimer,pete_carroll,brian_schottenheimer,pete_carroll,brian_schottenheimer,0,0,brian_schottenheimer,pete_carroll,0.0,0.0,0.0,0.0
2019,SF,kyle_shanahan,kyle_shanahan,kyle_shanahan,kyle_shanahan,kyle_shanahan,0,0,kyle_shanahan,kyle_shanahan,0.0,0.0,0.0,0.0
2019,TB,byron_leftwich,bruce_arians,byron_leftwich,bruce_arians,byron_leftwich,0,0,dirk_koetter,dirk_koetter,1.0,1.0,0.0,0.0
2019,TEN,arthur_smith,mike_vrabel,arthur_smith,mike_vrabel,arthur_smith,0,0,matt_lafleur,mike_vrabel,1.0,0.0,0.0,0.0
2019,WAS,jay_gruden,jay_gruden,kevin_oconnell,bill_callahan,kevin_oconnell,1,1,jay_gruden,jay_gruden,0.0,0.0,0.0,0.0
2020,ARI,kliff_kingsbury,kliff_kingsbury,kliff_kingsbury,kliff_kingsbury,kliff_kingsbury,0,0,,kliff_kingsbury,,0.0,0.0,0.0
2020,ATL,dirk_koetter,dan_quinn,dirk_koetter,raheem_morris,dirk_koetter,0,1,,dan_quinn,,0.0,0.0,0.0
2020,BAL,greg_roman,john_harbaugh,greg_roman,john_harbaugh,greg_roman,0,0,,john_harbaugh,,0.0,0.0,0.0
2020,BUF,brian_daboll,sean_mcdermott,brian_daboll,sean_mcdermott,brian_daboll,0,0,,sean_mcdermott,,0.0,0.0,0.0
2020,CAR,joe_brady,matt_rhule,joe_brady,matt_rhule,joe_brady,0,0,norv_turner,ron_rivera,1.0,1.0,0.0,0.0
2020,CHI,matt_nagy,matt_nagy,bill_lazor,matt_nagy,matt_nagy,1,0,matt_nagy,matt_nagy,0.0,0.0,0.0,0.0
2020,CIN,zac_taylor,zac_taylor,zac_taylor,zac_taylor,zac_taylor,0,0,zac_taylor,zac_taylor,0.0,0.0,0.0,0.0
2020,CLE,kevin_stefanski,kevin_stefanski,kevin_stefanski,kevin_stefanski,kevin_stefanski,0,0,freddie_kitchens,freddie_kitchens,1.0,1.0,0.0,0.0
2020,DAL,kellen_moore,mike_mccarthy,kellen_moore,mike_mccarthy,kellen_moore,0,0,kellen_moore,jason_garrett,0.0,1.0,0.0,0.0
2020,DEN,pat_shurmur,vic_fangio,pat_shurmur,vic_fangio,pat_shurmur,0,0,rich_scangarello,vic_fangio,1.0,0.0,0.0,0.0
2020,DET,darrell_bevell,matt_patricia,darrell_bevell,darrell_bevell,darrell_bevell,0,1,,matt_patricia,,0.0,0.0,0.0
2020,GB,matt_lafleur,matt_lafleur,matt_lafleur,matt_lafleur,matt_lafleur,0,0,matt_lafleur,matt_lafleur,0.0,0.0,0.0,0.0
2020,HOU,tim_kelly,bill_obrien,tim_kelly,romeo_crennel,tim_kelly,0,1,bill_obrien,bill_obrien,1.0,0.0,0.0,0.0
2020,IND,frank_reich,frank_reich,frank_reich,frank_reich,frank_reich,0,0,frank_reich,frank_reich,0.0,0.0,0.0,0.0
2020,JAX,jay_gruden,doug_marrone,jay_gruden,doug_marrone,jay_gruden,0,0,john_defilippo,doug_marrone,1.0,0.0,0.0,0.0
2020,KC,andy_reid,andy_reid,andy_reid,andy_reid,andy_reid,0,0,andy_reid,andy_reid,0.0,0.0,0.0,0.0
2020,LA,sean_mcvay,sean_mcvay,sean_mcvay,sean_mcvay,sean_mcvay,0,0,sean_mcvay,sean_mcvay,0.0,0.0,0.0,0.0
2020,LAC,shane_steichen,anthony_lynn,shane_steichen,anthony_lynn,shane_steichen,0,0,shane_steichen,anthony_lynn,0.0,0.0,1.0,0.0
2020,LV,jon_gruden,jon_gruden,jon_gruden,jon_gruden,jon_gruden,0,0,jon_gruden,jon_gruden,0.0,0.0,0.0,0.0
2020,MIA,chan_gailey,brian_flores,chan_gailey,brian_flores,chan_gailey,0,0,chad_oshea,brian_flores,1.0,0.0,0.0,0.0
2020,MIN,gary_kubiak,mike_zimmer,gary_kubiak,mike_zimmer,gary_kubiak,0,0,kevin_stefanski,mike_zimmer,1.0,0.0,0.0,0.0
2020,NE,josh_mcdaniels,bill_belichick,josh_mcdaniels,bill_belichick,josh_mcdaniels,0,0,,bill_belichick,,0.0,0.0,0.0
2020,NO,sean_payton,sean_payton,sean_payton,sean_payton,sean_payton,0,0,,sean_payton,,0.0,0.0,0.0
2020,NYG,jason_garrett,joe_judge,jason_garrett,joe_judge,jason_garrett,0,0,,pat_shurmur,,1.0,0.0,0.0
2020,NYJ,adam_gase,adam_gase,adam_gase,adam_gase,adam_gase,0,0,adam_gase,adam_gase,0.0,0.0,0.0,0.0
2020,PHI,doug_pederson,doug_pederson,doug_pederson,doug_pederson,doug_pederson,0,0,doug_pederson,doug_pederson,0.0,0.0,0.0,0.0
2020,PIT,randy_fichtner,mike_tomlin,randy_fichtner,mike_tomlin,randy_fichtner,0,0,randy_fichtner,mike_tomlin,0.0,0.0,0.0,0.0
2020,SEA,brian_schottenheimer,pete_carroll,brian_schottenheimer,pete_carroll,brian_schottenheimer,0,0,brian_schottenheimer,pete_carroll,0.0,0.0,0.0,0.0
2020,SF,kyle_shanahan,kyle_shanahan,kyle_shanahan,kyle_shanahan,kyle_shanahan,0,0,kyle_shanahan,kyle_shanahan,0.0,0.0,0.0,0.0
2020,TB,byron_leftwich,bruce_arians,byron_leftwich,bruce_arians,byron_leftwich,0,0,byron_leftwich,bruce_arians,0.0,0.0,0.0,0.0
2020,TEN,arthur_smith,mike_vrabel,arthur_smith,mike_vrabel,arthur_smith,0,0,arthur_smith,mike_vrabel,0.0,0.0,0.0,0.0
2020,WAS,scott_turner,ron_rivera,scott_turner,ron_rivera,scott_turner,0,0,kevin_oconnell,bill_callahan,1.0,1.0,1.0,1.0
2021,ARI,kliff_kingsbury,kliff_kingsbury,kliff_kingsbury,kliff_kingsbury,kliff_kingsbury,0,0,kliff_kingsbury,kliff_kingsbury,0.0,0.0,0.0,0.0
2021,ATL,arthur_smith,arthur_smith,arthur_smith,arthur_smith,arthur_smith,0,0,dirk_koetter,raheem_morris,1.0,1.0,0.0,1.0
2021,BAL,greg_roman,john_harbaugh,greg_roman,john_harbaugh,greg_roman,0,0,greg_roman,john_harbaugh,0.0,0.0,0.0,0.0
2021,BUF,brian_daboll,sean_mcdermott,brian_daboll,sean_mcdermott,brian_daboll,0,0,brian_daboll,sean_mcdermott,0.0,0.0,0.0,0.0
2021,CAR,joe_brady,matt_rhule,joe_brady,matt_rhule,joe_brady,0,0,joe_brady,matt_rhule,0.0,0.0,0.0,0.0
2021,CHI,matt_nagy,matt_nagy,matt_nagy,matt_nagy,matt_nagy,0,0,bill_lazor,matt_nagy,1.0,0.0,1.0,0.0
2021,CIN,zac_taylor,zac_taylor,zac_taylor,zac_taylor,zac_taylor,0,0,zac_taylor,zac_taylor,0.0,0.0,0.0,0.0
2021,CLE,kevin_stefanski,kevin_stefanski,kevin_stefanski,kevin_stefanski,kevin_stefanski,0,0,kevin_stefanski,kevin_stefanski,0.0,0.0,0.0,0.0
2021,DAL,kellen_moore,mike_mccarthy,kellen_moore,mike_mccarthy,kellen_moore,0,0,kellen_moore,mike_mccarthy,0.0,0.0,0.0,0.0
2021,DEN,pat_shurmur,vic_fangio,pat_shurmur,vic_fangio,pat_shurmur,0,0,pat_shurmur,vic_fangio,0.0,0.0,0.0,0.0
2021,DET,,dan_campbell,,dan_campbell,,0,0,darrell_bevell,darrell_bevell,,1.0,0.0,1.0
2021,GB,matt_lafleur,matt_lafleur,matt_lafleur,matt_lafleur,matt_lafleur,0,0,matt_lafleur,matt_lafleur,0.0,0.0,0.0,0.0
2021,HOU,tim_kelly,david_culley,tim_kelly,david_culley,tim_kelly,0,0,tim_kelly,romeo_crennel,0.0,1.0,0.0,1.0
2021,IND,frank_reich,frank_reich,frank_reich,frank_reich,frank_reich,0,0,frank_reich,frank_reich,0.0,0.0,0.0,0.0
2021,JAX,darrell_bevell,urban_meyer,darrell_bevell,darrell_bevell,darrell_bevell,0,1,jay_gruden,doug_marrone,1.0,1.0,0.0,0.0
2021,KC,andy_reid,andy_reid,andy_reid,andy_reid,andy_reid,0,0,andy_reid,andy_reid,0.0,0.0,0.0,0.0
2021,LA,sean_mcvay,sean_mcvay,sean_mcvay,sean_mcvay,sean_mcvay,0,0,sean_mcvay,sean_mcvay,0.0,0.0,0.0,0.0
2021,LAC,joe_lombardi,brandon_staley,joe_lombardi,brandon_staley,joe_lombardi,0,0,shane_steichen,anthony_lynn,1.0,1.0,0.0,0.0
2021,LV,jon_gruden,jon_gruden,jon_gruden,rich_bisaccia,jon_gruden,0,1,jon_gruden,jon_gruden,0.0,0.0,0.0,0.0
2021,MIA,,brian_flores,,brian_flores,,0,0,chan_gailey,brian_flores,,0.0,0.0,0.0
2021,MIN,klint_kubiak,mike_zimmer,klint_kubiak,mike_zimmer,klint_kubiak,0,0,gary_kubiak,mike_zimmer,1.0,0.0,0.0,0.0
2021,NE,josh_mcdaniels,bill_belichick,josh_mcdaniels,bill_belichick,josh_mcdaniels,0,0,josh_mcdaniels,bill_belichick,0.0,0.0,0.0,0.0
2021,NO,sean_payton,sean_payton,sean_payton,sean_payton,sean_payton,0,0,sean_payton,sean_payton,0.0,0.0,0.0,0.0
2021,NYG,jason_garrett,joe_judge,jason_garrett,joe_judge,jason_garrett,0,0,jason_garrett,joe_judge,0.0,0.0,0.0,0.0
2021,NYJ,mike_lafleur,robert_saleh,mike_lafleur,robert_saleh,mike_lafleur,0,0,adam_gase,adam_gase,1.0,1.0,0.0,0.0
2021,PHI,nick_sirianni,nick_sirianni,nick_sirianni,nick_sirianni,nick_sirianni,0,0,doug_pederson,doug_pederson,1.0,1.0,0.0,0.0
2021,PIT,matt_canada,mike_tomlin,matt_canada,mike_tomlin,matt_canada,0,0,randy_fichtner,mike_tomlin,1.0,0.0,0.0,0.0
2021,SEA,shane_waldron,pete_carroll,shane_waldron,pete_carroll,shane_waldron,0,0,brian_schottenheimer,pete_carroll,1.0,0.0,0.0,0.0
2021,SF,kyle_shanahan,kyle_shanahan,kyle_shanahan,kyle_shanahan,kyle_shanahan,0,0,kyle_shanahan,kyle_shanahan,0.0,0.0,0.0,0.0
2021,TB,byron_leftwich,bruce_arians,byron_leftwich,bruce_arians,byron_leftwich,0,0,byron_leftwich,bruce_arians,0.0,0.0,0.0,0.0
2021,TEN,todd_downing,mike_vrabel,todd_downing,mike_vrabel,todd_downing,0,0,arthur_smith,mike_vrabel,1.0,0.0,0.0,0.0
2021,WAS,scott_turner,ron_rivera,scott_turner,ron_rivera,scott_turner,0,0,scott_turner,ron_rivera,0.0,0.0,0.0,0.0
2022,ARI,kliff_kingsbury,kliff_kingsbury,kliff_kingsbury,kliff_kingsbury,kliff_kingsbury,0,0,kliff_kingsbury,kliff_kingsbury,0.0,0.0,0.0,0.0
2022,ATL,arthur_smith,arthur_smith,arthur_smith,arthur_smith,arthur_smith,0,0,arthur_smith,arthur_smith,0.0,0.0,0.0,0.0
2022,BAL,greg_roman,john_harbaugh,greg_roman,john_harbaugh,greg_roman,0,0,greg_roman,john_harbaugh,0.0,0.0,0.0,0.0
2022,BUF,ken_dorsey,sean_mcdermott,ken_dorsey,sean_mcdermott,ken_dorsey,0,0,brian_daboll,sean_mcdermott,1.0,0.0,0.0,0.0
2022,CAR,ben_mcadoo,matt_rhule,ben_mcadoo,steve_wilks,ben_mcadoo,0,1,joe_brady,matt_rhule,1.0,0.0,0.0,0.0
2022,CHI,luke_getsy,matt_eberflus,luke_getsy,matt_eberflus,luke_getsy,0,0,matt_nagy,matt_nagy,1.0,1.0,0.0,0.0
2022,CIN,zac_taylor,zac_taylor,zac_taylor,zac_taylor,zac_taylor,0,0,zac_taylor,zac_taylor,0.0,0.0,0.0,0.0
2022,CLE,kevin_stefanski,kevin_stefanski,kevin_stefanski,kevin_stefanski,kevin_stefanski,0,0,kevin_stefanski,kevin_stefanski,0.0,0.0,0.0,0.0
2022,DAL,kellen_moore,mike_mccarthy,kellen_moore,mike_mccarthy,kellen_moore,0,0,kellen_moore,mike_mccarthy,0.0,0.0,0.0,0.0
2022,DEN,nathaniel_hackett,nathaniel_hackett,nathaniel_hackett,jay_rosburg,nathaniel_hackett,0,1,pat_shurmur,vic_fangio,1.0,1.0,0.0,0.0
2022,DET,ben_johnson,dan_campbell,ben_johnson,dan_campbell,ben_johnson,0,0,,dan_campbell,,0.0,0.0,0.0
2022,GB,matt_lafleur,matt_lafleur,matt_lafleur,matt_lafleur,matt_lafleur,0,0,matt_lafleur,matt_lafleur,0.0,0.0,0.0,0.0
2022,HOU,pep_hamilton,lovie_smith,pep_hamilton,lovie_smith,pep_hamilton,0,0,tim_kelly,david_culley,1.0,1.0,0.0,0.0
2022,IND,frank_reich,frank_reich,frank_reich,jeff_saturday,frank_reich,0,1,frank_reich,frank_reich,0.0,0.0,0.0,0.0
2022,JAX,doug_pederson,doug_pederson,doug_pederson,doug_pederson,doug_pederson,0,0,darrell_bevell,darrell_bevell,1.0,1.0,0.0,1.0
2022,KC,andy_reid,andy_reid,andy_reid,andy_reid,andy_reid,0,0,andy_reid,andy_reid,0.0,0.0,0.0,0.0
2022,LA,sean_mcvay,sean_mcvay,sean_mcvay,sean_mcvay,sean_mcvay,0,0,sean_mcvay,sean_mcvay,0.0,0.0,0.0,0.0
2022,LAC,joe_lombardi,brandon_staley,joe_lombardi,brandon_staley,joe_lombardi,0,0,joe_lombardi,brandon_staley,0.0,0.0,0.0,0.0
2022,LV,josh_mcdaniels,josh_mcdaniels,josh_mcdaniels,josh_mcdaniels,josh_mcdaniels,0,0,jon_gruden,rich_bisaccia,1.0,1.0,0.0,1.0
2022,MIA,mike_mcdaniel,mike_mcdaniel,mike_mcdaniel,mike_mcdaniel,mike_mcdaniel,0,0,,brian_flores,,1.0,0.0,0.0
2022,MIN,kevin_oconnell,kevin_oconnell,kevin_oconnell,kevin_oconnell,kevin_oconnell,0,0,klint_kubiak,mike_zimmer,1.0,1.0,0.0,0.0
2022,NE,,bill_belichick,,bill_belichick,,0,0,josh_mcdaniels,bill_belichick,,0.0,0.0,0.0
2022,NO,pete_carmichael,dennis_allen,pete_carmichael,dennis_allen,pete_carmichael,0,0,sean_payton,sean_payton,1.0,1.0,0.0,0.0
2022,NYG,mike_kafka,brian_daboll,mike_kafka,brian_daboll,mike_kafka,0,0,jason_garrett,joe_judge,1.0,1.0,0.0,0.0
2022,NYJ,mike_lafleur,robert_saleh,mike_lafleur,robert_saleh,mike_lafleur,0,0,mike_lafleur,robert_saleh,0.0,0.0,0.0,0.0
2022,PHI,,nick_sirianni,,nick_sirianni,,0,0,nick_sirianni,nick_sirianni,,0.0,0.0,0.0
2022,PIT,matt_canada,mike_tomlin,matt_canada,mike_tomlin,matt_canada,0,0,matt_canada,mike_tomlin,0.0,0.0,0.0,0.0
2022,SEA,shane_waldron,pete_carroll,shane_waldron,pete_carroll,shane_waldron,0,0,shane_waldron,pete_carroll,0.0,0.0,0.0,0.0
2022,SF,kyle_shanahan,kyle_shanahan,kyle_shanahan,kyle_shanahan,kyle_shanahan,0,0,kyle_shanahan,kyle_shanahan,0.0,0.0,0.0,0.0
2022,TB,byron_leftwich,todd_bowles,byron_leftwich,todd_bowles,byron_leftwich,0,0,byron_leftwich,bruce_arians,0.0,1.0,0.0,0.0
2022,TEN,todd_downing,mike_vrabel,todd_downing,mike_vrabel,todd_downing,0,0,todd_downing,mike_vrabel,0.0,0.0,0.0,0.0
2022,WAS,scott_turner,ron_rivera,scott_turner,ron_rivera,scott_turner,0,0,scott_turner,ron_rivera,0.0,0.0,0.0,0.0
2023,ARI,drew_petzing,jonathan_gannon,drew_petzing,jonathan_gannon,drew_petzing,0,0,kliff_kingsbury,kliff_kingsbury,1.0,1.0,0.0,0.0
2023,ATL,arthur_smith,arthur_smith,arthur_smith,arthur_smith,arthur_smith,0,0,arthur_smith,arthur_smith,0.0,0.0,0.0,0.0
2023,BAL,todd_monken,john_harbaugh,todd_monken,john_harbaugh,todd_monken,0,0,greg_roman,john_harbaugh,1.0,0.0,0.0,0.0
2023,BUF,ken_dorsey,sean_mcdermott,ken_dorsey,sean_mcdermott,ken_dorsey,0,0,ken_dorsey,sean_mcdermott,0.0,0.0,0.0,0.0
2023,CAR,frank_reich,frank_reich,frank_reich,chris_tabor,frank_reich,0,1,ben_mcadoo,steve_wilks,1.0,1.0,0.0,1.0
2023,CHI,luke_getsy,matt_eberflus,luke_getsy,matt_eberflus,luke_getsy,0,0,luke_getsy,matt_eberflus,0.0,0.0,0.0,0.0
2023,CIN,zac_taylor,zac_taylor,zac_taylor,zac_taylor,zac_taylor,0,0,zac_taylor,zac_taylor,0.0,0.0,0.0,0.0
2023,CLE,kevin_stefanski,kevin_stefanski,kevin_stefanski,kevin_stefanski,kevin_stefanski,0,0,kevin_stefanski,kevin_stefanski,0.0,0.0,0.0,0.0
2023,DAL,mike_mccarthy,mike_mccarthy,mike_mccarthy,mike_mccarthy,mike_mccarthy,0,0,kellen_moore,mike_mccarthy,1.0,0.0,0.0,0.0
2023,DEN,sean_payton,sean_payton,sean_payton,sean_payton,sean_payton,0,0,nathaniel_hackett,jay_rosburg,1.0,1.0,0.0,1.0
2023,DET,ben_johnson,dan_campbell,ben_johnson,dan_campbell,ben_johnson,0,0,ben_johnson,dan_campbell,0.0,0.0,0.0,0.0
2023,GB,matt_lafleur,matt_lafleur,matt_lafleur,matt_lafleur,matt_lafleur,0,0,matt_lafleur,matt_lafleur,0.0,0.0,0.0,0.0
2023,HOU,bobby_slowik,demeco_ryans,bobby_slowik,demeco_ryans,bobby_slowik,0,0,pep_hamilton,lovie_smith,1.0,1.0,0.0,0.0
2023,IND,shane_steichen,shane_steichen,shane_steichen,shane_steichen,shane_steichen,0,0,frank_reich,jeff_saturday,1.0,1.0,0.0,1.0
2023,JAX,doug_pederson,doug_pederson,doug_pederson,doug_pederson,doug_pederson,0,0,doug_pederson,doug_pederson,0.0,0.0,0.0,0.0
2023,KC,andy_reid,andy_reid,andy_reid,andy_reid,andy_reid,0,0,andy_reid,andy_reid,0.0,0.0,0.0,0.0
2023,LA,sean_mcvay,sean_mcvay,sean_mcvay,sean_mcvay,sean_mcvay,0,0,sean_mcvay,sean_mcvay,0.0,0.0,0.0,0.0
2023,LAC,kellen_moore,brandon_staley,kellen_moore,giff_smith,kellen_moore,0,1,joe_lombardi,brandon_staley,1.0,0.0,0.0,0.0
2023,LV,josh_mcdaniels,josh_mcdaniels,josh_mcdaniels,antonio_pierce,josh_mcdaniels,0,1,josh_mcdaniels,josh_mcdaniels,0.0,0.0,0.0,0.0
2023,MIA,mike_mcdaniel,mike_mcdaniel,mike_mcdaniel,mike_mcdaniel,mike_mcdaniel,0,0,mike_mcdaniel,mike_mcdaniel,0.0,0.0,0.0,0.0
2023,MIN,kevin_oconnell,kevin_oconnell,kevin_oconnell,kevin_oconnell,kevin_oconnell,0,0,kevin_oconnell,kevin_oconnell,0.0,0.0,0.0,0.0
2023,NE,bill_obrien,bill_belichick,bill_obrien,bill_belichick,bill_obrien,0,0,,bill_belichick,,0.0,0.0,0.0
2023,NO,pete_carmichael,dennis_allen,pete_carmichael,dennis_allen,pete_carmichael,0,0,pete_carmichael,dennis_allen,0.0,0.0,0.0,0.0
2023,NYG,mike_kafka,brian_daboll,mike_kafka,brian_daboll,mike_kafka,0,0,mike_kafka,brian_daboll,0.0,0.0,0.0,0.0
2023,NYJ,nathaniel_hackett,robert_saleh,nathaniel_hackett,robert_saleh,nathaniel_hackett,0,0,mike_lafleur,robert_saleh,1.0,0.0,0.0,0.0
2023,PHI,brian_johnson,nick_sirianni,brian_johnson,nick_sirianni,brian_johnson,0,0,,nick_sirianni,,0.0,0.0,0.0
2023,PIT,matt_canada,mike_tomlin,matt_canada,mike_tomlin,matt_canada,0,0,matt_canada,mike_tomlin,0.0,0.0,0.0,0.0
2023,SEA,shane_waldron,pete_carroll,shane_waldron,pete_carroll,shane_waldron,0,0,shane_waldron,pete_carroll,0.0,0.0,0.0,0.0
2023,SF,kyle_shanahan,kyle_shanahan,kyle_shanahan,kyle_shanahan,kyle_shanahan,0,0,kyle_shanahan,kyle_shanahan,0.0,0.0,0.0,0.0
2023,TB,dave_canales,todd_bowles,dave_canales,todd_bowles,dave_canales,0,0,byron_leftwich,todd_bowles,1.0,0.0,0.0,0.0
2023,TEN,tim_kelly,mike_vrabel,tim_kelly,mike_vrabel,tim_kelly,0,0,todd_downing,mike_vrabel,1.0,0.0,0.0,0.0
2023,WAS,eric_bieniemy,ron_rivera,eric_bieniemy,ron_rivera,eric_bieniemy,0,0,scott_turner,ron_rivera,1.0,0.0,0.0,0.0
2024,ARI,drew_petzing,jonathan_gannon,drew_petzing,jonathan_gannon,drew_petzing,0,0,drew_petzing,jonathan_gannon,0.0,0.0,0.0,0.0
2024,ATL,zac_robinson,raheem_morris,zac_robinson,raheem_morris,zac_robinson,0,0,arthur_smith,arthur_smith,1.0,1.0,0.0,0.0
2024,BAL,todd_monken,john_harbaugh,todd_monken,john_harbaugh,todd_monken,0,0,todd_monken,john_harbaugh,0.0,0.0,0.0,0.0
2024,BUF,joe_brady,sean_mcdermott,joe_brady,sean_mcdermott,joe_brady,0,0,ken_dorsey,sean_mcdermott,1.0,0.0,0.0,0.0
2024,CAR,dave_canales,dave_canales,dave_canales,dave_canales,dave_canales,0,0,frank_reich,chris_tabor,1.0,1.0,0.0,1.0
2024,CHI,shane_waldron,matt_eberflus,shane_waldron,matt_eberflus,shane_waldron,0,0,luke_getsy,matt_eberflus,1.0,0.0,0.0,0.0
2024,CIN,zac_taylor,zac_taylor,zac_taylor,zac_taylor,zac_taylor,0,0,zac_taylor,zac_taylor,0.0,0.0,0.0,0.0
2024,CLE,kevin_stefanski,kevin_stefanski,kevin_stefanski,kevin_stefanski,kevin_stefanski,0,0,kevin_stefanski,kevin_stefanski,0.0,0.0,0.0,0.0
2024,DAL,mike_mccarthy,mike_mccarthy,mike_mccarthy,mike_mccarthy,mike_mccarthy,0,0,mike_mccarthy,mike_mccarthy,0.0,0.0,0.0,0.0
2024,DEN,sean_payton,sean_payton,sean_payton,sean_payton,sean_payton,0,0,sean_payton,sean_payton,0.0,0.0,0.0,0.0
2024,DET,ben_johnson,dan_campbell,ben_johnson,dan_campbell,ben_johnson,0,0,ben_johnson,dan_campbell,0.0,0.0,0.0,0.0
2024,GB,matt_lafleur,matt_lafleur,matt_lafleur,matt_lafleur,matt_lafleur,0,0,matt_lafleur,matt_lafleur,0.0,0.0,0.0,0.0
2024,HOU,bobby_slowik,demeco_ryans,bobby_slowik,demeco_ryans,bobby_slowik,0,0,bobby_slowik,demeco_ryans,0.0,0.0,0.0,0.0
2024,IND,shane_steichen,shane_steichen,shane_steichen,shane_steichen,shane_steichen,0,0,shane_steichen,shane_steichen,0.0,0.0,0.0,0.0
2024,JAX,press_taylor,doug_pederson,press_taylor,doug_pederson,press_taylor,0,0,doug_pederson,doug_pederson,1.0,0.0,0.0,0.0
2024,KC,andy_reid,andy_reid,andy_reid,andy_reid,andy_reid,0,0,andy_reid,andy_reid,0.0,0.0,0.0,0.0
2024,LA,sean_mcvay,sean_mcvay,sean_mcvay,sean_mcvay,sean_mcvay,0,0,sean_mcvay,sean_mcvay,0.0,0.0,0.0,0.0
2024,LAC,greg_roman,jim_harbaugh,greg_roman,jim_harbaugh,greg_roman,0,0,kellen_moore,giff_smith,1.0,1.0,0.0,1.0
2024,LV,luke_getsy,antonio_pierce,luke_getsy,antonio_pierce,luke_getsy,0,0,josh_mcdaniels,antonio_pierce,1.0,0.0,0.0,1.0
2024,MIA,mike_mcdaniel,mike_mcdaniel,mike_mcdaniel,mike_mcdaniel,mike_mcdaniel,0,0,mike_mcdaniel,mike_mcdaniel,0.0,0.0,0.0,0.0
2024,MIN,kevin_oconnell,kevin_oconnell,kevin_oconnell,kevin_oconnell,kevin_oconnell,0,0,kevin_oconnell,kevin_oconnell,0.0,0.0,0.0,0.0
2024,NE,alex_van_pelt,jerod_mayo,alex_van_pelt,jerod_mayo,alex_van_pelt,0,0,bill_obrien,bill_belichick,1.0,1.0,0.0,0.0
2024,NO,klint_kubiak,dennis_allen,klint_kubiak,dennis_allen,klint_kubiak,0,0,pete_carmichael,dennis_allen,1.0,0.0,0.0,0.0
2024,NYG,brian_daboll,brian_daboll,brian_daboll,brian_daboll,brian_daboll,0,0,mike_kafka,brian_daboll,1.0,0.0,0.0,0.0
2024,NYJ,nathaniel_hackett,robert_saleh,nathaniel_hackett,robert_saleh,nathaniel_hackett,0,0,nathaniel_hackett,robert_saleh,0.0,0.0,0.0,0.0
2024,PHI,kellen_moore,nick_sirianni,kellen_moore,nick_sirianni,kellen_moore,0,0,brian_johnson,nick_sirianni,1.0,0.0,0.0,0.0
2024,PIT,arthur_smith,mike_tomlin,arthur_smith,mike_tomlin,arthur_smith,0,0,matt_canada,mike_tomlin,1.0,0.0,0.0,0.0
2024,SEA,ryan_grubb,mike_macdonald,ryan_grubb,mike_macdonald,ryan_grubb,0,0,shane_waldron,pete_carroll,1.0,1.0,0.0,0.0
2024,SF,kyle_shanahan,kyle_shanahan,kyle_shanahan,kyle_shanahan,kyle_shanahan,0,0,kyle_shanahan,kyle_shanahan,0.0,0.0,0.0,0.0
2024,TB,liam_coen,todd_bowles,liam_coen,todd_bowles,liam_coen,0,0,dave_canales,todd_bowles,1.0,0.0,0.0,0.0
2024,TEN,brian_callahan,brian_callahan,brian_callahan,brian_callahan,brian_callahan,0,0,tim_kelly,mike_vrabel,1.0,1.0,0.0,0.0
2024,WAS,kliff_kingsbury,dan_quinn,kliff_kingsbury,dan_quinn,kliff_kingsbury,0,0,eric_bieniemy,ron_rivera,1.0,1.0,0.0,0.0
2025,ARI,drew_petzing,jonathan_gannon,drew_petzing,jonathan_gannon,drew_petzing,0,0,drew_petzing,jonathan_gannon,0.0,0.0,0.0,0.0
2025,ATL,zac_robinson,raheem_morris,zac_robinson,raheem_morris,zac_robinson,0,0,zac_robinson,raheem_morris,0.0,0.0,0.0,0.0
2025,BAL,todd_monken,john_harbaugh,todd_monken,john_harbaugh,todd_monken,0,0,todd_monken,john_harbaugh,0.0,0.0,0.0,0.0
2025,BUF,joe_brady,sean_mcdermott,joe_brady,sean_mcdermott,joe_brady,0,0,joe_brady,sean_mcdermott,0.0,0.0,0.0,0.0
2025,CAR,dave_canales,dave_canales,dave_canales,dave_canales,dave_canales,0,0,dave_canales,dave_canales,0.0,0.0,0.0,0.0
2025,CHI,ben_johnson,ben_johnson,ben_johnson,ben_johnson,ben_johnson,0,0,shane_waldron,matt_eberflus,1.0,1.0,0.0,0.0
2025,CIN,zac_taylor,zac_taylor,zac_taylor,zac_taylor,zac_taylor,0,0,zac_taylor,zac_taylor,0.0,0.0,0.0,0.0
2025,CLE,kevin_stefanski,kevin_stefanski,kevin_stefanski,kevin_stefanski,kevin_stefanski,0,0,kevin_stefanski,kevin_stefanski,0.0,0.0,0.0,0.0
2025,DAL,brian_schottenheimer,brian_schottenheimer,brian_schottenheimer,brian_schottenheimer,brian_schottenheimer,0,0,mike_mccarthy,mike_mccarthy,1.0,1.0,0.0,0.0
2025,DEN,sean_payton,sean_payton,sean_payton,sean_payton,sean_payton,0,0,sean_payton,sean_payton,0.0,0.0,0.0,0.0
2025,DET,john_morton,dan_campbell,john_morton,dan_campbell,john_morton,0,0,ben_johnson,dan_campbell,1.0,0.0,0.0,0.0
2025,GB,matt_lafleur,matt_lafleur,matt_lafleur,matt_lafleur,matt_lafleur,0,0,matt_lafleur,matt_lafleur,0.0,0.0,0.0,0.0
2025,HOU,nick_caley,demeco_ryans,nick_caley,demeco_ryans,nick_caley,0,0,bobby_slowik,demeco_ryans,1.0,0.0,0.0,0.0
2025,IND,shane_steichen,shane_steichen,shane_steichen,shane_steichen,shane_steichen,0,0,shane_steichen,shane_steichen,0.0,0.0,0.0,0.0
2025,JAX,liam_coen,liam_coen,liam_coen,liam_coen,liam_coen,0,0,press_taylor,doug_pederson,1.0,1.0,0.0,0.0
2025,KC,andy_reid,andy_reid,andy_reid,andy_reid,andy_reid,0,0,andy_reid,andy_reid,0.0,0.0,0.0,0.0
2025,LA,sean_mcvay,sean_mcvay,sean_mcvay,sean_mcvay,sean_mcvay,0,0,sean_mcvay,sean_mcvay,0.0,0.0,0.0,0.0
2025,LAC,greg_roman,jim_harbaugh,greg_roman,jim_harbaugh,greg_roman,0,0,greg_roman,jim_harbaugh,0.0,0.0,0.0,0.0
2025,LV,chip_kelly,pete_carroll,chip_kelly,pete_carroll,chip_kelly,0,0,luke_getsy,antonio_pierce,1.0,1.0,0.0,0.0
2025,MIA,mike_mcdaniel,mike_mcdaniel,mike_mcdaniel,mike_mcdaniel,mike_mcdaniel,0,0,mike_mcdaniel,mike_mcdaniel,0.0,0.0,0.0,0.0
2025,MIN,kevin_oconnell,kevin_oconnell,kevin_oconnell,kevin_oconnell,kevin_oconnell,0,0,kevin_oconnell,kevin_oconnell,0.0,0.0,0.0,0.0
2025,NE,josh_mcdaniels,mike_vrabel,josh_mcdaniels,mike_vrabel,josh_mcdaniels,0,0,alex_van_pelt,jerod_mayo,1.0,1.0,0.0,0.0
2025,NO,kellen_moore,kellen_moore,kellen_moore,kellen_moore,kellen_moore,0,0,klint_kubiak,dennis_allen,1.0,1.0,0.0,0.0
2025,NYG,mike_kafka,brian_daboll,mike_kafka,brian_daboll,mike_kafka,0,0,brian_daboll,brian_daboll,1.0,0.0,0.0,0.0
2025,NYJ,tanner_engstrand,aaron_glenn,tanner_engstrand,aaron_glenn,tanner_engstrand,0,0,nathaniel_hackett,robert_saleh,1.0,1.0,0.0,0.0
2025,PHI,kevin_patullo,nick_sirianni,kevin_patullo,nick_sirianni,kevin_patullo,0,0,kellen_moore,nick_sirianni,1.0,0.0,0.0,0.0
2025,PIT,arthur_smith,mike_tomlin,arthur_smith,mike_tomlin,arthur_smith,0,0,arthur_smith,mike_tomlin,0.0,0.0,0.0,0.0
2025,SEA,klint_kubiak,mike_macdonald,klint_kubiak,mike_macdonald,klint_kubiak,0,0,ryan_grubb,mike_macdonald,1.0,0.0,0.0,0.0
2025,SF,kyle_shanahan,kyle_shanahan,kyle_shanahan,kyle_shanahan,kyle_shanahan,0,0,kyle_shanahan,kyle_shanahan,0.0,0.0,0.0,0.0
2025,TB,josh_grizzard,todd_bowles,josh_grizzard,todd_bowles,josh_grizzard,0,0,liam_coen,todd_bowles,1.0,0.0,0.0,0.0
2025,TEN,brian_callahan,brian_callahan,brian_callahan,brian_callahan,brian_callahan,0,0,brian_callahan,brian_callahan,0.0,0.0,0.0,0.0
2025,WAS,kliff_kingsbury,dan_quinn,kliff_kingsbury,dan_quinn,kliff_kingsbury,0,0,kliff_kingsbury,dan_quinn,0.0,0.0,0.0,0.0
2026,ARI,mike_lafleur,jonathan_gannon,mike_lafleur,jonathan_gannon,mike_lafleur,0,0,drew_petzing,jonathan_gannon,1.0,0.0,0.0,0.0
2026,ATL,tommy_rees,raheem_morris,tommy_rees,raheem_morris,tommy_rees,0,0,zac_robinson,raheem_morris,1.0,0.0,0.0,0.0
2026,BAL,declan_doyle,jesse_minter,declan_doyle,jesse_minter,declan_doyle,0,0,todd_monken,john_harbaugh,1.0,1.0,0.0,0.0
2026,BUF,joe_brady,sean_mcdermott,joe_brady,sean_mcdermott,joe_brady,0,0,joe_brady,sean_mcdermott,0.0,0.0,0.0,0.0
2026,CAR,dave_canales,dave_canales,dave_canales,dave_canales,dave_canales,0,0,dave_canales,dave_canales,0.0,0.0,0.0,0.0
2026,CHI,ben_johnson,ben_johnson,ben_johnson,ben_johnson,ben_johnson,0,0,ben_johnson,ben_johnson,0.0,0.0,0.0,0.0
2026,CIN,zac_taylor,zac_taylor,zac_taylor,zac_taylor,zac_taylor,0,0,zac_taylor,zac_taylor,0.0,0.0,0.0,0.0
2026,CLE,todd_monken,todd_monken,todd_monken,todd_monken,todd_monken,0,0,kevin_stefanski,kevin_stefanski,1.0,1.0,0.0,0.0
2026,DAL,brian_schottenheimer,brian_schottenheimer,brian_schottenheimer,brian_schottenheimer,brian_schottenheimer,0,0,brian_schottenheimer,brian_schottenheimer,0.0,0.0,0.0,0.0
2026,DEN,sean_payton,sean_payton,sean_payton,sean_payton,sean_payton,0,0,sean_payton,sean_payton,0.0,0.0,0.0,0.0
2026,DET,drew_petzing,dan_campbell,drew_petzing,dan_campbell,drew_petzing,0,0,john_morton,dan_campbell,1.0,0.0,0.0,0.0
2026,GB,matt_lafleur,matt_lafleur,matt_lafleur,matt_lafleur,matt_lafleur,0,0,matt_lafleur,matt_lafleur,0.0,0.0,0.0,0.0
2026,HOU,nick_caley,demeco_ryans,nick_caley,demeco_ryans,nick_caley,0,0,nick_caley,demeco_ryans,0.0,0.0,0.0,0.0
2026,IND,shane_steichen,shane_steichen,shane_steichen,shane_steichen,shane_steichen,0,0,shane_steichen,shane_steichen,0.0,0.0,0.0,0.0
2026,JAX,liam_coen,liam_coen,liam_coen,liam_coen,liam_coen,0,0,liam_coen,liam_coen,0.0,0.0,0.0,0.0
2026,KC,andy_reid,andy_reid,andy_reid,andy_reid,andy_reid,0,0,andy_reid,andy_reid,0.0,0.0,0.0,0.0
2026,LA,sean_mcvay,sean_mcvay,sean_mcvay,sean_mcvay,sean_mcvay,0,0,sean_mcvay,sean_mcvay,0.0,0.0,0.0,0.0
2026,LAC,mike_mcdaniel,jim_harbaugh,mike_mcdaniel,jim_harbaugh,mike_mcdaniel,0,0,greg_roman,jim_harbaugh,1.0,0.0,0.0,0.0
2026,LV,klint_kubiak,klint_kubliak,klint_kubiak,klint_kubliak,klint_kubiak,0,0,chip_kelly,pete_carroll,1.0,1.0,0.0,0.0
2026,MIA,bobby_slowik,jeff_hafley,bobby_slowik,jeff_hafley,bobby_slowik,0,0,mike_mcdaniel,mike_mcdaniel,1.0,1.0,0.0,0.0
2026,MIN,kevin_oconnell,kevin_oconnell,kevin_oconnell,kevin_oconnell,kevin_oconnell,0,0,kevin_oconnell,kevin_oconnell,0.0,0.0,0.0,0.0
2026,NE,josh_mcdaniels,mike_vrabel,josh_mcdaniels,mike_vrabel,josh_mcdaniels,0,0,josh_mcdaniels,mike_vrabel,0.0,0.0,0.0,0.0
2026,NO,kellen_moore,kellen_moore,kellen_moore,kellen_moore,kellen_moore,0,0,kellen_moore,kellen_moore,0.0,0.0,0.0,0.0
2026,NYG,matt_nagy,john_harbaugh,matt_nagy,john_harbaugh,matt_nagy,0,0,mike_kafka,brian_daboll,1.0,1.0,0.0,0.0
2026,NYJ,frank_reich,aaron_glenn,frank_reich,aaron_glenn,frank_reich,0,0,tanner_engstrand,aaron_glenn,1.0,0.0,0.0,0.0
2026,PHI,sean_mannion,nick_sirianni,sean_mannion,nick_sirianni,sean_mannion,0,0,kevin_patullo,nick_sirianni,1.0,0.0,0.0,0.0
2026,PIT,mike_mccarthy,mike_mccarthy,mike_mccarthy,mike_mccarthy,mike_mccarthy,0,0,arthur_smith,mike_tomlin,1.0,1.0,0.0,0.0
2026,SEA,brian_fleury,mike_macdonald,brian_fleury,mike_macdonald,brian_fleury,0,0,klint_kubiak,mike_macdonald,1.0,0.0,0.0,0.0
2026,SF,kyle_shanahan,kyle_shanahan,kyle_shanahan,kyle_shanahan,kyle_shanahan,0,0,kyle_shanahan,kyle_shanahan,0.0,0.0,0.0,0.0
2026,TB,zac_robinson,todd_bowles,zac_robinson,todd_bowles,zac_robinson,0,0,josh_grizzard,todd_bowles,1.0,0.0,0.0,0.0
2026,TEN,brian_daboll,robert_saleh,brian_daboll,robert_saleh,brian_daboll,0,0,brian_callahan,brian_callahan,1.0,1.0,0.0,0.0
2026,WAS,david_blough,dan_quinn,david_blough,dan_quinn,david_blough,0,0,kliff_kingsbury,dan_quinn,1.0,0.0,0.0,0.0
