season,team,projection_cutoff,expected_opening_caller_id,eligible_at_cutoff,unknown_reason,fact_known_date,evidence_source_url,evidence_publisher,evidence_source_raw_date,evidence_source_date,evidence_source_precision,evidence_source_upper_bound,evidence_source_class,evidence_statement,conflict_status,n_evidence_items,attributing_source_key,attributing_source_upper_bound,attributing_source_precision,attributing_source_clears_cutoff,recovered_by_targeted_research,research_status,research_complete,retrospective_opening_caller_id,expectation_matched_actual
2018,CLE,2018-09-05,,False,post_cutoff_evidence_only,,,,,,,,,,none,0,newsweek2018cle,2018-10-29,exact_day,False,False,not_individually_researched,False,todd_haley,
2019,ARI,2019-09-04,,False,unresolved_historical_attribution,,,,,,,,,,none,0,,,missing,False,False,source_date_unverifiable,True,,
2019,ATL,2019-09-04,,False,unresolved_historical_attribution,,,,,,,,,,none,0,,,missing,False,False,source_date_unverifiable,True,,
2019,BAL,2019-09-04,,False,unresolved_historical_attribution,,,,,,,,,,none,0,,,missing,False,False,searched_no_qualifying_source,True,,
2019,BUF,2019-09-04,,False,unresolved_historical_attribution,,,,,,,,,,none,0,,,missing,False,False,searched_no_qualifying_source,True,,
2019,CHI,2019-09-04,,False,post_cutoff_evidence_only,,,,,,,,,,none,0,espn2020chi,2020-01-13,exact_day,False,False,searched_no_qualifying_source,True,matt_nagy,
2019,CIN,2019-09-04,,False,post_cutoff_evidence_only,,,,,,,,,,none,0,espn2020cin,2020-11-12,exact_day,False,False,source_date_unverifiable,True,zac_taylor,
2019,DEN,2019-09-04,,False,post_cutoff_evidence_only,,,,,,,,,,none,0,si2019den,2019-12-09,exact_day,False,False,source_date_unverifiable,True,rich_scangarello,
2019,DET,2019-09-04,,False,unresolved_historical_attribution,,,,,,,,,,none,0,,,missing,False,False,source_date_unverifiable,True,,
2019,HOU,2019-09-04,,False,post_cutoff_evidence_only,,,,,,,,,,none,0,espn2020hou,2020-02-25,exact_day,False,False,searched_no_qualifying_source,True,bill_obrien,
2019,IND,2019-09-04,,False,post_cutoff_evidence_only,,,,,,,,,,none,0,nbcp2021ind,2021-01-22,exact_day,False,False,searched_no_qualifying_source,True,frank_reich,
2019,JAX,2019-09-04,,False,post_cutoff_evidence_only,,,,,,,,,,none,0,si2020jax,2020-01-16,exact_day,False,False,source_date_unverifiable,True,john_defilippo,
2019,KC,2019-09-04,,False,post_cutoff_evidence_only,,,,,,,,,,none,0,forbes2026kc,2026-01-27,exact_day,False,False,searched_no_qualifying_source,True,andy_reid,
2019,LA,2019-09-04,,False,post_cutoff_evidence_only,,,,,,,,,,none,0,nbcla2019la,2019-09-16,exact_day,False,False,searched_no_qualifying_source,True,sean_mcvay,
2019,LAC,2019-09-04,,False,missing_or_uncertain_date,,,,,,,,,,none,0,,,missing,False,False,searched_no_qualifying_source,True,ken_whisenhunt,
2019,LV,2019-09-04,,False,post_cutoff_evidence_only,,,,,,,,,,none,0,nbc2021lv,2021-10-13,exact_day,False,False,searched_no_qualifying_source,True,jon_gruden,
2019,NE,2019-09-04,,False,unresolved_historical_attribution,,,,,,,,,,none,0,,,missing,False,False,searched_no_qualifying_source,True,,
2019,NO,2019-09-04,,False,unresolved_historical_attribution,,,,,,,,,,none,0,,,missing,False,False,searched_no_qualifying_source,True,,
2019,NYG,2019-09-04,,False,unresolved_historical_attribution,,,,,,,,,,none,0,,,missing,False,False,searched_no_qualifying_source,True,,
2019,NYJ,2019-09-04,,False,post_cutoff_evidence_only,,,,,,,,,,none,0,cbs2020nyj,2020-10-26,exact_day,False,False,source_date_unverifiable,True,adam_gase,
2019,PHI,2019-09-04,,False,post_cutoff_evidence_only,,,,,,,,,,none,0,inq2020phi,2020-01-09,exact_day,False,False,searched_no_qualifying_source,True,doug_pederson,
2019,PIT,2019-09-04,,False,post_cutoff_evidence_only,,,,,,,,,,none,0,steelersdepot2019pit,2019-12-22,exact_day,False,False,searched_no_qualifying_source,True,randy_fichtner,
2019,SEA,2019-09-04,,False,post_cutoff_evidence_only,,,,,,,,,,none,0,sea2019two,2021-01-12,exact_day,False,False,searched_no_qualifying_source,True,brian_schottenheimer,
2019,SF,2019-09-04,,False,post_cutoff_evidence_only,,,,,,,,,,none,0,espn2020sf,2020-02-06,exact_day,False,False,searched_no_qualifying_source,True,kyle_shanahan,
2019,TEN,2019-09-04,,False,post_cutoff_evidence_only,,,,,,,,,,none,0,cbs2020ten,2020-01-19,exact_day,False,False,searched_no_qualifying_source,True,arthur_smith,
2019,WAS,2019-09-04,,False,missing_or_uncertain_date,,,,,,,,,,none,0,,,missing,False,False,searched_no_qualifying_source,True,jay_gruden,
2020,ATL,2020-09-09,,False,post_cutoff_evidence_only,,,,,,,,,,none,0,yardbarker2020,2020-10-22,exact_day,False,False,not_individually_researched,False,dirk_koetter,
2020,BUF,2020-09-09,,False,post_cutoff_evidence_only,,,,,,,,,,none,0,yardbarker2020,2020-10-22,exact_day,False,False,not_individually_researched,False,brian_daboll,
2020,CHI,2020-09-09,,False,missing_or_uncertain_date,,,,,,,,,,none,0,,,missing,False,False,not_individually_researched,False,matt_nagy,
2020,CIN,2020-09-09,,False,post_cutoff_evidence_only,,,,,,,,,,none,0,yardbarker2020,2020-10-22,exact_day,False,False,not_individually_researched,False,zac_taylor,
2020,CLE,2020-09-09,,False,post_cutoff_evidence_only,,,,,,,,,,none,0,yardbarker2020,2020-10-22,exact_day,False,False,not_individually_researched,False,kevin_stefanski,
2020,DEN,2020-09-09,,False,post_cutoff_evidence_only,,,,,,,,,,none,0,yardbarker2020,2020-10-22,exact_day,False,False,not_individually_researched,False,pat_shurmur,
2020,DET,2020-09-09,,False,post_cutoff_evidence_only,,,,,,,,,,none,0,yardbarker2020,2020-10-22,exact_day,False,False,not_individually_researched,False,darrell_bevell,
2020,GB,2020-09-09,,False,post_cutoff_evidence_only,,,,,,,,,,none,0,yardbarker2020,2020-10-22,exact_day,False,False,not_individually_researched,False,matt_lafleur,
2020,HOU,2020-09-09,,False,post_cutoff_evidence_only,,,,,,,,,,none,0,yardbarker2020,2020-10-22,exact_day,False,False,not_individually_researched,False,tim_kelly,
2020,IND,2020-09-09,,False,post_cutoff_evidence_only,,,,,,,,,,none,0,yardbarker2020,2020-10-22,exact_day,False,False,not_individually_researched,False,frank_reich,
2020,JAX,2020-09-09,,False,post_cutoff_evidence_only,,,,,,,,,,none,0,yardbarker2020,2020-10-22,exact_day,False,False,not_individually_researched,False,jay_gruden,
2020,LA,2020-09-09,,False,post_cutoff_evidence_only,,,,,,,,,,none,0,yardbarker2020,2020-10-22,exact_day,False,False,not_individually_researched,False,sean_mcvay,
2020,LAC,2020-09-09,,False,post_cutoff_evidence_only,,,,,,,,,,none,0,yardbarker2020,2020-10-22,exact_day,False,False,not_individually_researched,False,shane_steichen,
2020,LV,2020-09-09,,False,post_cutoff_evidence_only,,,,,,,,,,none,0,yardbarker2020,2020-10-22,exact_day,False,False,not_individually_researched,False,jon_gruden,
2020,MIA,2020-09-09,,False,post_cutoff_evidence_only,,,,,,,,,,none,0,yardbarker2020,2020-10-22,exact_day,False,False,not_individually_researched,False,chan_gailey,
2020,MIN,2020-09-09,,False,post_cutoff_evidence_only,,,,,,,,,,none,0,yardbarker2020,2020-10-22,exact_day,False,False,not_individually_researched,False,gary_kubiak,
2020,NE,2020-09-09,,False,post_cutoff_evidence_only,,,,,,,,,,none,0,yardbarker2020,2020-10-22,exact_day,False,False,not_individually_researched,False,josh_mcdaniels,
2020,NO,2020-09-09,,False,post_cutoff_evidence_only,,,,,,,,,,none,0,yardbarker2020,2020-10-22,exact_day,False,False,not_individually_researched,False,sean_payton,
2020,NYG,2020-09-09,,False,post_cutoff_evidence_only,,,,,,,,,,none,0,yardbarker2020,2020-10-22,exact_day,False,False,not_individually_researched,False,jason_garrett,
2020,NYJ,2020-09-09,,False,post_cutoff_evidence_only,,,,,,,,,,none,0,yardbarker2020,2020-10-22,exact_day,False,False,not_individually_researched,False,adam_gase,
2020,PHI,2020-09-09,,False,post_cutoff_evidence_only,,,,,,,,,,none,0,yardbarker2020,2020-10-22,exact_day,False,False,not_individually_researched,False,doug_pederson,
2020,PIT,2020-09-09,,False,post_cutoff_evidence_only,,,,,,,,,,none,0,yardbarker2020,2020-10-22,exact_day,False,False,not_individually_researched,False,randy_fichtner,
2020,SEA,2020-09-09,,False,post_cutoff_evidence_only,,,,,,,,,,none,0,yardbarker2020,2020-10-22,exact_day,False,False,not_individually_researched,False,brian_schottenheimer,
2020,TB,2020-09-09,,False,post_cutoff_evidence_only,,,,,,,,,,none,0,yardbarker2020,2020-10-22,exact_day,False,False,not_individually_researched,False,byron_leftwich,
2020,TEN,2020-09-09,,False,post_cutoff_evidence_only,,,,,,,,,,none,0,yardbarker2020,2020-10-22,exact_day,False,False,not_individually_researched,False,arthur_smith,
2020,WAS,2020-09-09,,False,post_cutoff_evidence_only,,,,,,,,,,none,0,yardbarker2020,2020-10-22,exact_day,False,False,not_individually_researched,False,scott_turner,
2021,ARI,2021-09-08,,False,post_cutoff_evidence_only,,,,,,,,,,none,0,yardbarker2021,2021-10-18,exact_day,False,False,not_individually_researched,False,kliff_kingsbury,
2021,ATL,2021-09-08,,False,post_cutoff_evidence_only,,,,,,,,,,none,0,yardbarker2021,2021-10-18,exact_day,False,False,not_individually_researched,False,arthur_smith,
2021,BAL,2021-09-08,,False,post_cutoff_evidence_only,,,,,,,,,,none,0,yardbarker2021,2021-10-18,exact_day,False,False,not_individually_researched,False,greg_roman,
2021,CIN,2021-09-08,,False,post_cutoff_evidence_only,,,,,,,,,,none,0,yardbarker2021,2021-10-18,exact_day,False,False,not_individually_researched,False,zac_taylor,
2021,CLE,2021-09-08,,False,post_cutoff_evidence_only,,,,,,,,,,none,0,yardbarker2021,2021-10-18,exact_day,False,False,not_individually_researched,False,kevin_stefanski,
2021,DAL,2021-09-08,,False,post_cutoff_evidence_only,,,,,,,,,,none,0,yardbarker2021,2021-10-18,exact_day,False,False,not_individually_researched,False,kellen_moore,
2021,DEN,2021-09-08,,False,post_cutoff_evidence_only,,,,,,,,,,none,0,yardbarker2021,2021-10-18,exact_day,False,False,not_individually_researched,False,pat_shurmur,
2021,DET,2021-09-08,,False,unresolved_historical_attribution,,,,,,,,,,none,0,,,missing,False,False,not_individually_researched,False,,
2021,HOU,2021-09-08,,False,post_cutoff_evidence_only,,,,,,,,,,none,0,yardbarker2021,2021-10-18,exact_day,False,False,not_individually_researched,False,tim_kelly,
2021,IND,2021-09-08,,False,post_cutoff_evidence_only,,,,,,,,,,none,0,yardbarker2021,2021-10-18,exact_day,False,False,not_individually_researched,False,frank_reich,
2021,JAX,2021-09-08,,False,post_cutoff_evidence_only,,,,,,,,,,none,0,yardbarker2021,2021-10-18,exact_day,False,False,not_individually_researched,False,darrell_bevell,
2021,LA,2021-09-08,,False,post_cutoff_evidence_only,,,,,,,,,,none,0,yardbarker2021,2021-10-18,exact_day,False,False,not_individually_researched,False,sean_mcvay,
2021,LAC,2021-09-08,,False,post_cutoff_evidence_only,,,,,,,,,,none,0,yardbarker2021,2021-10-18,exact_day,False,False,not_individually_researched,False,joe_lombardi,
2021,MIA,2021-09-08,,False,unresolved_historical_attribution,,,,,,,,,,none,0,yardbarker2021,2021-10-18,exact_day,False,False,not_individually_researched,False,,
2021,MIN,2021-09-08,,False,post_cutoff_evidence_only,,,,,,,,,,none,0,yardbarker2021,2021-10-18,exact_day,False,False,not_individually_researched,False,klint_kubiak,
2021,NE,2021-09-08,,False,post_cutoff_evidence_only,,,,,,,,,,none,0,yardbarker2021,2021-10-18,exact_day,False,False,not_individually_researched,False,josh_mcdaniels,
2021,NO,2021-09-08,,False,post_cutoff_evidence_only,,,,,,,,,,none,0,yardbarker2021,2021-10-18,exact_day,False,False,not_individually_researched,False,sean_payton,
2021,NYG,2021-09-08,,False,post_cutoff_evidence_only,,,,,,,,,,none,0,yardbarker2021,2021-10-18,exact_day,False,False,not_individually_researched,False,jason_garrett,
2021,NYJ,2021-09-08,,False,post_cutoff_evidence_only,,,,,,,,,,none,0,yardbarker2021,2021-10-18,exact_day,False,False,not_individually_researched,False,mike_lafleur,
2021,PHI,2021-09-08,,False,post_cutoff_evidence_only,,,,,,,,,,none,0,yardbarker2021,2021-10-18,exact_day,False,False,not_individually_researched,False,nick_sirianni,
2021,PIT,2021-09-08,,False,post_cutoff_evidence_only,,,,,,,,,,none,0,yardbarker2021,2021-10-18,exact_day,False,False,not_individually_researched,False,matt_canada,
2021,SEA,2021-09-08,,False,post_cutoff_evidence_only,,,,,,,,,,none,0,yardbarker2021,2021-10-18,exact_day,False,False,not_individually_researched,False,shane_waldron,
2021,SF,2021-09-08,,False,post_cutoff_evidence_only,,,,,,,,,,none,0,yardbarker2021,2021-10-18,exact_day,False,False,not_individually_researched,False,kyle_shanahan,
2021,TEN,2021-09-08,,False,post_cutoff_evidence_only,,,,,,,,,,none,0,yardbarker2021,2021-10-18,exact_day,False,False,not_individually_researched,False,todd_downing,
2021,WAS,2021-09-08,,False,post_cutoff_evidence_only,,,,,,,,,,none,0,yardbarker2021,2021-10-18,exact_day,False,False,not_individually_researched,False,scott_turner,
2022,ARI,2022-09-07,,False,post_cutoff_evidence_only,,,,,,,,,,none,0,yardbarker2022,2022-12-05,exact_day,False,False,not_individually_researched,False,kliff_kingsbury,
2022,ATL,2022-09-07,,False,post_cutoff_evidence_only,,,,,,,,,,none,0,yardbarker2022,2022-12-05,exact_day,False,False,not_individually_researched,False,arthur_smith,
2022,BAL,2022-09-07,,False,post_cutoff_evidence_only,,,,,,,,,,none,0,yardbarker2022,2022-12-05,exact_day,False,False,not_individually_researched,False,greg_roman,
2022,BUF,2022-09-07,,False,post_cutoff_evidence_only,,,,,,,,,,none,0,yardbarker2022,2022-12-05,exact_day,False,False,not_individually_researched,False,ken_dorsey,
2022,CAR,2022-09-07,,False,post_cutoff_evidence_only,,,,,,,,,,none,0,yardbarker2022,2022-12-05,exact_day,False,False,not_individually_researched,False,ben_mcadoo,
2022,CHI,2022-09-07,,False,post_cutoff_evidence_only,,,,,,,,,,none,0,yardbarker2022,2022-12-05,exact_day,False,False,not_individually_researched,False,luke_getsy,
2022,CIN,2022-09-07,,False,post_cutoff_evidence_only,,,,,,,,,,none,0,yardbarker2022,2022-12-05,exact_day,False,False,not_individually_researched,False,zac_taylor,
2022,CLE,2022-09-07,,False,post_cutoff_evidence_only,,,,,,,,,,none,0,yardbarker2022,2022-12-05,exact_day,False,False,not_individually_researched,False,kevin_stefanski,
2022,DEN,2022-09-07,,False,post_cutoff_evidence_only,,,,,,,,,,none,0,yardbarker2022,2022-12-05,exact_day,False,False,not_individually_researched,False,nathaniel_hackett,
2022,DET,2022-09-07,,False,post_cutoff_evidence_only,,,,,,,,,,none,0,yardbarker2022,2022-12-05,exact_day,False,False,not_individually_researched,False,ben_johnson,
2022,HOU,2022-09-07,,False,post_cutoff_evidence_only,,,,,,,,,,none,0,yardbarker2022,2022-12-05,exact_day,False,False,not_individually_researched,False,pep_hamilton,
2022,IND,2022-09-07,,False,post_cutoff_evidence_only,,,,,,,,,,none,0,yardbarker2022,2022-12-05,exact_day,False,False,not_individually_researched,False,frank_reich,
2022,JAX,2022-09-07,,False,post_cutoff_evidence_only,,,,,,,,,,none,0,yardbarker2022,2022-12-05,exact_day,False,False,not_individually_researched,False,doug_pederson,
2022,LAC,2022-09-07,,False,post_cutoff_evidence_only,,,,,,,,,,none,0,yardbarker2022,2022-12-05,exact_day,False,False,not_individually_researched,False,joe_lombardi,
2022,LV,2022-09-07,,False,post_cutoff_evidence_only,,,,,,,,,,none,0,yardbarker2022,2022-12-05,exact_day,False,False,not_individually_researched,False,josh_mcdaniels,
2022,MIA,2022-09-07,,False,post_cutoff_evidence_only,,,,,,,,,,none,0,yardbarker2022,2022-12-05,exact_day,False,False,not_individually_researched,False,mike_mcdaniel,
2022,MIN,2022-09-07,,False,post_cutoff_evidence_only,,,,,,,,,,none,0,yardbarker2022,2022-12-05,exact_day,False,False,not_individually_researched,False,kevin_oconnell,
2022,NE,2022-09-07,,False,unresolved_historical_attribution,,,,,,,,,,none,0,yardbarker2022,2022-12-05,exact_day,False,False,not_individually_researched,False,,
2022,NO,2022-09-07,,False,post_cutoff_evidence_only,,,,,,,,,,none,0,yardbarker2022,2022-12-05,exact_day,False,False,not_individually_researched,False,pete_carmichael,
2022,NYG,2022-09-07,,False,post_cutoff_evidence_only,,,,,,,,,,none,0,yardbarker2022,2022-12-05,exact_day,False,False,not_individually_researched,False,mike_kafka,
2022,NYJ,2022-09-07,,False,post_cutoff_evidence_only,,,,,,,,,,none,0,yardbarker2022,2022-12-05,exact_day,False,False,not_individually_researched,False,mike_lafleur,
2022,PHI,2022-09-07,,False,unresolved_historical_attribution,,,,,,,,,,none,0,cbs2022phi,,missing,False,False,not_individually_researched,False,,
2022,PIT,2022-09-07,,False,post_cutoff_evidence_only,,,,,,,,,,none,0,yardbarker2022,2022-12-05,exact_day,False,False,not_individually_researched,False,matt_canada,
2022,SEA,2022-09-07,,False,post_cutoff_evidence_only,,,,,,,,,,none,0,yardbarker2022,2022-12-05,exact_day,False,False,not_individually_researched,False,shane_waldron,
2022,TEN,2022-09-07,,False,post_cutoff_evidence_only,,,,,,,,,,none,0,yardbarker2022,2022-12-05,exact_day,False,False,not_individually_researched,False,todd_downing,
2022,WAS,2022-09-07,,False,post_cutoff_evidence_only,,,,,,,,,,none,0,yardbarker2022,2022-12-05,exact_day,False,False,not_individually_researched,False,scott_turner,
2025,NYG,2025-09-03,,False,pre_cutoff_ambiguity,2025-06-25,https://www.profootballnetwork.com/2025-nfl-offensive-play-caller-rankings/,Pro Football Network,"June 25, 2025 | 10:15 AM EDT",2025-06-25,exact_day,2025-06-25,preseason_publication,"AMBIGUOUS: the entry reads 'Brian Daboll/Mike Kafka, New York Giants' -- it names TWO people and does not resolve which would call plays. Not a contradiction of the retrospective opener (mike_kafka), but not an unambiguous identification either, so it is flagged and REFUSED rather than resolved in favour of coverage.",ambiguous_pre_cutoff_source,1,espn2025,2025-09-09,exact_day,False,False,not_individually_researched,False,mike_kafka,
