"player","position","team","bye_week","points","sd_pts","dropoff","floor","ceiling","points_vor","floor_vor","ceiling_vor","rank","floor_rank","ceiling_rank","position_rank","tier","age","adp","aav","uncertainty","experience"
"Christian McCaffrey","RB","CAR",13,358,31.4,35.9,308,395,232,207,236,1,1,1,1,"1",30,1.23,69.4,36,4
"Dalvin Cook","RB","MIN",7,323,25,14.9,289,346,196,188,186,2,2,2,2,"1",30,2.54,61.6,17,4
"Alvin Kamara","RB","NO",6,308,33.3,9.4,262,345,181,161,186,3,4,3,3,"2",30,4.05,58.8,54,4
"Derrick Henry","RB","TEN",13,298,19.4,36.4,271,324,171,171,164,4,3,4,4,"3",32,3.74,57.1,7,5
"Saquon Barkley","RB","NYG",10,262,30.1,0.632,231,314,135,131,154,5,6,5,5,"3",29,11.5,48,53,3
"Aaron Jones","RB","GB",13,261,17.2,1.62,234,279,134,133,119,6,5,11,6,"3",31,8.98,49.7,1,4
"Austin Ekeler","RB","LAC",7,260,25.7,0.705,220,286,133,120,126,7,8,9,7,"3",31,11.9,46,33,NA
"Ezekiel Elliott","RB","DAL",7,259,31.4,8.69,215,302,132,115,142,8,11,7,8,"4",30,6.69,53.6,50,5
"Travis Kelce","TE","KC",12,253,23.4,26.3,218,278,131,113,136,9,12,8,1,"1",36,10,45.6,31,8
"Nick Chubb","RB","CLE",13,250,28.9,1.98,210,286,123,109,126,10,14,10,9,"4",30,9.08,49.3,44,3
"Jonathan Taylor","RB","IND",14,248,35.4,5.37,202,304,121,102,144,11,17,6,10,"4",27,10.5,48,66,1
"Davante Adams","WR","GB",13,286,16.6,4.68,260,305,117,117,105,12,10,17,1,"1",33,9.26,49.1,7,7
"Joe Mixon","RB","CIN",10,243,19.6,7.81,224,274,116,123,114,13,7,13,11,"4",29,20.3,36.9,14,4
"Tyreek Hill","WR","KC",12,282,16.4,11.4,262,300,112,118,100,14,9,19,2,"1",32,11.6,47.5,10,5
"Najee Harris","RB","PIT",7,235,23.7,4.84,211,269,108,110,109,15,13,14,12,"5",28,15.4,42.1,23,0
"Darren Waller","TE","LVR",8,226,15.7,22.8,213,257,105,108,115,16,15,12,2,"2",33,24.2,30.3,6,6
"Antonio Gibson","RB","WAS",9,230,34.2,7.67,176,268,103,74.8,108,17,30,15,13,"5",28,17.8,42.3,59,1
"Stefon Diggs","WR","BUF",7,270,29.5,8.79,232,307,101,88.6,107,18,23,16,3,"1",32,15.2,43.5,50,6
"D'Andre Swift","RB","DET",9,222,28.3,2.97,186,254,95.6,85.4,94.5,19,26,22,14,"5",27,39.3,19.7,51,1
"Patrick Mahomes","QB","KC",12,399,20.1,1.57,378,430,93.6,98.4,87,20,19,26,1,"1",30,16.2,35.2,1,4
"Clyde Edwards-Helaire","RB","KC",12,220,23.9,0.105,196,255,92.7,94.8,94.8,21,20,20,15,"5",56,24.4,33.7,21,1
"David Montgomery","RB","CHI",10,219,28,0.362,187,263,92.6,86.3,103,22,25,18,16,"5",29,31.1,26.6,41,2
"Chris Carson","RB","SEA",9,219,19.4,3.9,201,249,92.2,100,89.7,23,18,25,17,"5",31,33.6,26.6,10,4
"Josh Allen","QB","BUF",7,398,18.5,15.4,370,417,92.1,90.8,74.2,24,21,29,2,"1",30,27.1,26.9,3,3
"Calvin Ridley","WR","ATL",6,262,13.6,7.69,245,280,91.9,102,80.1,25,16,28,4,"2",31,20.3,37.1,1,3
"James Robinson","RB","JAC",7,215,15.4,1.88,188,229,88.3,86.8,69.6,26,24,32,18,"5",56,40.2,22.2,6,1
"Miles Sanders","RB","PHI",14,213,29.8,7.99,170,253,86.4,69.5,93.2,27,34,23,19,"6",29,43.5,19.3,57,2
"DeAndre Hopkins","WR","ARI",12,254,22.7,13.9,232,294,84.2,89,94.6,28,22,21,5,"3",34,19.9,38,29,8
"George Kittle","TE","SF",6,204,21.4,39.1,179,232,82.4,73.5,90.3,29,32,24,3,"3",32,28.9,25.3,29,4
"Josh Jacobs","RB","LVR",8,205,27.8,4.9,163,243,78.4,62.2,82.7,30,39,27,20,"6",28,37.4,18.3,40,2
"Kyler Murray","QB","ARI",12,382,20.3,4.61,356,413,76.6,77.2,70.2,31,28,31,3,"2",28,39.9,19.4,8,2
"Mike Davis","RB","ATL",6,200,14.5,6.47,177,220,73.5,76.5,59.9,32,29,36,21,"6",33,51.7,13.7,1,6
"Lamar Jackson","QB","BAL",8,378,12.5,18.1,358,390,72,78.5,46.8,33,27,43,4,"3",29,42.6,18.5,11,3
"Justin Jefferson","WR","MIN",7,240,19.7,1.01,218,271,70.4,74.5,71.5,34,31,30,6,"3",27,24.5,32.6,21,1
"DK Metcalf","WR","SEA",9,239,19.8,9.33,209,263,69.4,65.4,62.9,35,36,35,7,"3",28,20.9,34.7,22,2
"Myles Gaskin","RB","MIA",14,194,23.9,4.85,165,229,67.1,64.1,68.9,36,38,33,22,"7",56,52.3,13.3,34,2
"Chase Edmonds","RB","ARI",12,189,14.3,10.7,168,211,62.2,67.2,51.6,37,35,39,23,"7",30,70.6,10.6,4,3
"A.J. Brown","WR","TEN",13,230,18.5,4.13,208,251,60,64.5,51.4,38,37,40,8,"3",29,26.1,30.3,18,2
"Keenan Allen","WR","LAC",7,225,27,9.86,184,266,55.9,40.2,66.6,39,52,34,9,"4",34,30.8,26.5,49,8
"Russell Wilson","QB","SEA",9,360,11.8,5.04,350,382,53.9,70.9,39.1,40,33,50,5,"3",37,56.7,14.1,6,9
"Damien Harris","RB","NE",14,178,15.4,3.93,152,195,51.5,51.3,35.2,41,43,53,24,"7",56,69.6,10.9,9,2
"Dak Prescott","QB","DAL",7,355,19.6,0.735,321,375,48.8,42.2,32.1,42,49,57,6,"3",32,53.4,14.1,22,5
"Justin Herbert","QB","LAC",7,354,19.8,2.44,327,372,48.1,47.6,29,43,45,65,7,"3",28,57.9,11.6,17,1
"Gus Edwards","RB","BAL",8,174,31.4,2.05,122,201,47.6,21.2,40.9,44,72,47,25,"7",31,66.2,15.5,70,3
"Allen Robinson","WR","CHI",10,216,13.4,3.52,200,237,46,56.8,36.9,45,41,52,10,"4",32,34.7,24.2,4,7
"Aaron Rodgers","QB","GB",13,351,13.6,12.6,338,374,45.6,58.5,31.1,46,40,61,8,"4",42,53.4,13.3,14,16
"Darrell Henderson","RB","LAR",11,172,21.4,1.61,144,199,45.6,43.4,39.4,47,48,48,26,"7",56,59.7,14.9,26,2
"Kareem Hunt","RB","CLE",13,171,27.7,0.0126,123,203,44,21.9,43,48,71,46,27,"7",30,59.9,10.9,43,4
"Raheem Mostert","RB","SF",6,171,22.3,12.2,146,207,43.9,44.9,47,49,47,42,28,"8",34,69,8.52,31,NA
"Mark Andrews","TE","BAL",8,165,13.6,9.58,152,188,43.3,47.2,46.5,50,46,44,4,"4",30,51,12.7,3,3
"Terry McLaurin","WR","WAS",9,212,26.2,0.625,172,238,42.5,28.8,38.6,51,63,51,11,"4",30,32.5,26.1,46,2
"Mike Evans","WR","TB",9,211,19.2,0.302,181,232,41.9,37.1,31.9,52,54,58,12,"4",32,39.4,17.9,28,7
"CeeDee Lamb","WR","DAL",7,211,30.5,0.334,170,258,41.6,26.1,58.1,53,65,37,13,"4",27,34.7,24.5,57,1
"Amari Cooper","WR","DAL",7,211,11.5,0.656,195,226,41.2,51.8,26.2,54,42,69,14,"4",32,44.6,15.5,3,6
"Robert Woods","WR","LAR",11,210,17.5,2.44,182,232,40.6,38.4,32.2,55,53,55,15,"4",34,41.6,16.2,24,8
"Chris Godwin","WR","TB",9,208,21.9,5.87,180,232,38.2,36.5,32.3,56,56,54,16,"4",30,43.9,17.1,35,4
"T.J. Hockenson","TE","DET",9,155,11.4,11.9,140,170,33.7,35,27.8,57,57,66,5,"5",29,58.5,11.4,1,2
"Tom Brady","QB","TB",9,339,16.8,10.7,311,357,33,32.1,13.4,58,59,84,9,"5",48,66.1,9.25,31,21
"Julio Jones","WR","TEN",13,202,20.8,0.0361,170,227,32.3,26.1,27.4,59,66,68,17,"4",37,48.8,13.1,38,10
"Tyler Lockett","WR","SEA",9,202,13,1.51,185,216,32.3,41.4,16.3,60,51,78,18,"5",33,52.5,12.8,11,6
"Melvin Gordon","RB","DEN",11,159,41,8.01,107,214,31.8,5.95,53.8,61,106,38,29,"8",33,83.9,5.7,84,6
"Diontae Johnson","WR","PIT",7,200,17.6,0.296,186,231,30.7,42.1,31.4,62,50,60,19,"5",NA,59,11,31,2
"Cooper Kupp","WR","LAR",11,200,13.7,0.735,180,214,30.5,36.5,14.7,63,55,81,20,"5",33,49.6,14.8,14,4
"Adam Thielen","WR","MIN",7,199,8.24,7.05,191,211,29.7,47.9,11.6,64,44,87,21,"5",35,55.1,11.8,1,7
"Javonte Williams","RB","DEN",11,151,38.4,5.04,81.3,189,23.8,-19.5,29.4,65,282,64,30,"9",26,68.3,10.5,77,0
"Devin White","LB","TB",9,140,21,7.85,120,159,23.7,22.3,22,66,68,71,1,"1",28,NA,NA,37,2
"D.J. Moore","WR","CAR",13,192,11.1,4.54,177,205,22.7,33.1,4.94,67,58,103,22,"5",29,59.4,11.4,8,3
"Ryan Tannehill","QB","TEN",13,328,17.1,5.98,310,354,22.3,31,10.9,68,60,91,10,"5",37,90.4,7.47,19,9
"Logan Thomas","TE","WAS",9,143,12.5,0.498,135,169,21.9,30.3,27.5,69,61,67,6,"5",35,81.3,5.86,17,7
"Kyle Pitts","TE","ATL",6,143,46.3,7.54,53.3,185,21.4,-51.7,43.1,70,506,45,7,"5",25,48.5,14.6,91,0
"Budda Baker","DB","ARI",12,118,23.4,6.57,97.9,143,20,10.7,30.7,71,87,62,1,"1",30,NA,NA,79,4
"Leonard Fournette","RB","TB",9,146,32.3,3.26,123,210,18.7,21.9,49.9,72,70,41,31,"9",30,94.4,3.38,71,4
"Tee Higgins","WR","CIN",10,188,18.1,0.162,156,205,18.1,12.7,5.36,73,83,102,23,"5",27,74.2,7.54,32,1
"Justin Tucker","K","BAL",8,160,7.88,6.36,150,171,18.1,19,14.5,74,75,82,1,"1",36,114,2.86,1,9
"Odell Beckham","WR","CLE",13,188,12.6,0.0298,173,206,18,29.2,6.05,75,62,101,24,"5",33,77.4,6.76,19,7
"Brandon Aiyuk","WR","SF",6,188,16.7,1.76,166,207,17.9,22.2,7.59,76,69,95,25,"5",28,64.6,8.9,26,1
"Jalen Hurts","QB","PHI",14,322,18.1,11.3,292,345,16.3,12.6,1.63,77,84,122,11,"6",27,92.7,7.59,36,1
"Kenny Golladay","WR","NYG",10,186,25,3.02,150,224,16.2,6.14,24.3,78,103,70,26,"5",33,85.6,5.26,60,4
"K.J. Wright","LB","FA",NA,133,NA,1.08,NA,NA,15.8,NA,NA,79,NA,NA,2,"1",36,NA,NA,97,10
"Ronald Jones","RB","TB",9,142,31.1,12,121,199,15.5,20.2,39.2,80,74,49,32,"9",28,91,5.16,60,3
"Darius Leonard","LB","IND",14,131,15.6,0.883,123,149,14.8,25.3,12.4,81,67,86,3,"1",NA,NA,NA,12,3
"Zach Cunningham","LB","HOU",10,131,33.1,1.69,110,168,13.9,12.9,31.5,82,82,59,4,"1",31,NA,NA,86,4
"Noah Fant","TE","DEN",11,135,11,3.06,118,147,13.8,13.1,4.85,83,81,104,8,"5",28,92.8,3.67,9,2
"Jamal Adams","DB","SEA",9,111,10.9,3.54,101,122,13.4,14.1,9.62,84,78,93,2,"1",30,NA,NA,19,4
"JuJu Smith-Schuster","WR","PIT",7,183,11.5,0.905,170,197,13.2,26.4,-3.15,85,64,144,27,"5",29,81,4.59,15,4
"Deebo Samuel","WR","SF",6,182,17.8,0.304,157,203,12.3,14,2.86,86,79,115,28,"5",30,99,4.04,40,2
"Roquan Smith","LB","CHI",10,129,23.8,6.79,115,156,12.2,17.8,19.2,87,76,73,5,"1",29,NA,NA,55,3
"Brandin Cooks","WR","HOU",10,182,26,0.952,159,230,11.9,15.3,30.6,88,77,63,29,"6",32,107,2.84,64,7
"Harrison Butker","K","KC",12,153,9.22,1.42,138,164,11.8,7.14,6.85,89,100,98,2,"1",30,118,2.65,3,4
"Chase Claypool","WR","PIT",7,181,27.6,4.26,140,212,11,-3.11,12.7,90,155,85,30,"6",56,71.4,6.16,61,1
"Robert Tonyan","TE","GB",13,132,11.2,0.106,114,142,10.8,8.46,0,92,94,130,9,"5",32,90.4,3.96,11,4
"Bradley Chubb","DL","DEN",11,76,NA,2.62,NA,NA,10.8,NA,NA,91,NA,NA,1,"1",30,NA,NA,92,3
"Bradley Chubb","DL","DEN",11,76,NA,2.62,NA,NA,10.8,NA,NA,91,NA,NA,1,"1",30,NA,NA,78,3
"Tyler Higbee","TE","LAR",11,132,12.3,2.14,116,150,10.6,10.7,8.56,93,88,94,10,"6",33,107,3.34,26,5
"Younghoe Koo","K","ATL",6,152,11.8,0.517,140,173,10.3,9.31,16.1,94,93,79,3,"1",31,124,1.8,53,4
"Justin Simmons","DB","DEN",11,108,14.2,4.77,95.3,123,9.84,8.18,10.1,95,96,92,3,"1",32,NA,NA,46,5
"Greg Zuerlein","K","DAL",7,151,18.9,0.231,126,176,9.83,-4.97,19.5,96,168,72,4,"1",38,135,1.22,30,9
"Tyler Bass","K","BUF",7,151,11.9,8.09,132,160,9.6,1.26,3.03,97,123,113,5,"1",29,125,1.3,63,1
"Dallas Goedert","TE","PHI",14,130,12.9,0.205,116,153,8.51,11,11,98,86,90,11,"6",31,102,2.66,23,3
"Mike Gesicki","TE","MIA",14,130,11,8.3,116,148,8.3,11.4,6.49,99,85,99,12,"6",30,114,2.1,14,3
"Danielle Hunter","DL","MIN",7,73.4,10,0.674,66,79.9,8.16,7.62,3.87,100,98,111,2,"1",31,NA,NA,34,6
"Jason Pierre-Paul","DL","TB",9,72.7,6.5,1.92,68.1,80.1,7.49,9.65,4.1,101,92,108,3,"1",37,NA,NA,58,11
"Jason Pierre-Paul","DL","TB",9,72.7,6.5,1.92,68.1,80.1,7.49,9.65,4.1,101,92,108,3,"1",37,NA,NA,32,11
"Rams","DST","LAR",11,105,18.3,6.9,86.9,130,7.18,0.305,16.7,102,127,76,1,"1",NA,98.1,2.9,77,NA
"Courtland Sutton","WR","DEN",11,176,20.3,3.35,149,207,6.74,5.6,7.19,103,107,96,31,"6",30,87.5,4.58,44,3
"Brian Burns","DL","CAR",13,70.8,6.42,0.0997,65.7,78,5.57,7.3,2,104,99,119,4,"1",28,NA,NA,31,2
"Brian Burns","DL","CAR",13,70.8,6.42,0.0997,65.7,78,5.57,7.3,2,104,99,119,4,"1",28,NA,NA,74,2
"Joey Bosa","DL","LAC",7,70.7,6.66,0.202,63.2,74.9,5.47,4.75,-1.08,105,113,135,5,"1",31,NA,NA,6,5
"Joe Schobert","LB","PIT",7,122,25.6,1.81,102,150,5.4,5.07,13.5,106,110,83,6,"1",NA,NA,NA,66,5
"Cameron Jordan","DL","NO",6,70.5,9.58,0.466,61.4,80.3,5.27,2.98,4.37,107,118,106,6,"1",37,NA,NA,37,10
"Jordan Poyer","DB","BUF",7,103,18.4,0.549,88.8,124,5.07,1.7,11.1,108,121,88,4,"1",35,NA,NA,65,8
"Kirk Cousins","QB","MIN",7,311,15,5.02,293,335,5.02,13.7,-7.77,109,80,163,12,"6",37,138,3.58,42,9
"Aaron Donald","DL","LAR",11,70.1,8.88,0.307,63.4,80.1,4.8,5.01,4.09,110,111,109,7,"1",35,NA,NA,20,7
"John Johnson","DB","CLE",13,102,13.1,0.545,92.2,117,4.52,5.07,4.37,111,109,107,5,"1",32,NA,NA,39,4
"DeForest Buckner","DL","IND",14,69.8,7.79,1.51,62.5,77.9,4.5,4.11,1.92,112,114,120,8,"1",32,NA,NA,17,5
"Kevin Byard","DB","TEN",13,102,10.1,0.901,93.2,113,3.98,6.08,0.0917,113,104,128,6,"1",32,NA,NA,25,5
"Blake Martinez","LB","NYG",10,120,28.4,0.93,102,153,3.6,4.92,15.8,114,112,80,7,"1",32,NA,NA,72,5
"Trey Sermon","RB","SF",6,130,37.6,3.05,65,167,3.44,-35.7,7.06,115,432,97,33,"9",56,83.4,7.79,83,0
"Robby Anderson","WR","CAR",13,173,7.16,1.95,165,185,3.38,21.1,-14.7,116,73,218,32,"6",33,86.8,5.14,6,5
"Jessie Bates","DB","CIN",10,101,6.01,1.04,97.1,105,3.08,9.97,-7.17,117,89,159,7,"1",29,NA,NA,9,3
"Myles Garrett","DL","CLE",13,68.2,13.4,2.99,58.4,76.8,2.99,0,0.823,118,130,125,9,"2",30,NA,NA,46,4
"Bobby Wagner","LB","SEA",9,119,25,0.196,104,148,2.67,6.85,11,119,102,89,8,"1",36,NA,NA,65,9
"Fred Warner","LB","SF",6,119,14.8,2.47,107,135,2.47,9.94,-1.66,120,90,138,9,"1",29,NA,NA,15,3
"Malcolm Jenkins","DB","NO",6,99.9,12.6,0.818,88.3,112,2.04,1.19,-0.0784,121,124,131,8,"1",38,NA,NA,49,12
"Jason Sanders","K","MIA",14,143,9.99,0.499,131,159,1.5,0,2.06,122,130,117,6,"1",30,147,1.12,13,3
"Marvin Jones","WR","JAC",7,171,26.5,0.297,142,216,1.43,-1.91,16.4,123,144,77,33,"6",36,126,1.8,68,9
"Derwin James","DB","LAC",7,99.1,17.6,1.22,81.5,116,1.22,-5.59,3.95,124,172,110,9,"2",29,NA,NA,72,3
"Jerry Jeudy","WR","DEN",11,171,28.7,0.929,124,204,1.13,-19.6,4.7,125,285,105,34,"6",27,77.4,7.26,71,1
"Ryan Succop","K","TB",9,142,11.3,1,122,154,1,-8.84,-3.09,126,203,142,7,"2",39,143,1.44,50,12
"Zack Moss","RB","BUF",7,127,25.2,0.392,97.6,159,0.392,-3.15,-0.518,127,156,132,34,"9",56,102,2.96,49,1
"Steelers","DST","PIT",7,98.4,12.8,0.282,81.8,114,0.282,-4.78,0,128,165,130,2,"1",NA,102,2.76,84,NA
"Tyler Boyd","WR","CIN",10,170,10.9,0.205,150,181,0.205,6.96,-18.9,129,101,247,35,"6",31,100,3.66,12,5
"Matthew Stafford","QB","LAR",11,306,20.5,5.14,279,329,0,0,-14.2,130,130,212,13,"6",38,87.3,7.94,25,12
"Matthew Stafford","QB","LAR",11,306,20.5,5.14,279,329,0,0,-14.2,130,130,212,13,"6",38,87.3,7.94,25,12
"J.D. McKissic","RB","WAS",9,127,12.4,1.4,109,147,0,8.26,-12.6,130,95,202,35,"9",32,130,2.27,11,5
"Corey Davis","WR","NYJ",6,170,25.1,1.14,137,203,0,-6.54,3.02,130,183,114,36,"6",31,108,4.2,67,4
"Jared Cook","TE","LAC",7,121,12.6,3.44,106,141,0,0.614,-1.03,130,125,134,13,"6",39,141,1.13,43,12
"Daniel Carlson","K","LVR",8,141,8.19,1.3,134,157,0,3.88,0,130,115,130,8,"2",31,162,1.23,27,3
"Commanders","DST","WAS",9,98.1,12.8,1.96,82.6,110,0,-4.01,-4.09,130,160,146,3,"2",NA,117,2.9,74,NA
"J.J. Watt","DL","ARI",12,65.3,9.19,0.475,55.4,72.8,0,-3.03,-3.14,130,154,143,10,"2",37,NA,NA,29,10
"Demario Davis","LB","NO",6,117,19.4,7.35,105,139,0,7.79,2,130,97,118,10,"2",37,NA,NA,42,9
"Adrian Amos","DB","GB",13,97.9,12.8,0.361,90.1,113,0,2.95,0,130,119,130,10,"2",33,NA,NA,42,6
"Amani Hooker","DB","TEN",13,97.5,NA,2.87,NA,NA,-0.361,NA,NA,131,NA,NA,11,"2",28,NA,NA,44,2
"Nick Bosa","DL","SF",6,64.8,6.43,0.714,60.1,68.9,-0.475,1.63,-7.07,132,122,158,11,"2",28,NA,NA,12,2
"Michael Gallup","WR","DAL",7,168,9.83,0.00766,153,179,-1.14,9.93,-20.5,133,91,262,37,"6",30,128,1.6,17,3
"Michael Thomas","WR","NO",6,168,25.3,0.00246,134,206,-1.14,-8.98,6.48,134,207,100,38,"6",31,91.1,7.12,86,5
"Jarvis Landry","WR","CLE",13,168,17.6,0.837,142,195,-1.15,-1.56,-4.91,135,141,148,39,"6",33,118,2.38,42,7
"Haason Reddick","DL","CAR",13,64.1,9.05,0.623,57.4,69.9,-1.19,-1.01,-6.11,136,137,155,12,"2",31,NA,NA,45,4
"Haason Reddick","DL","CAR",13,64.1,9.05,0.623,57.4,69.9,-1.19,-1.01,-6.11,136,137,155,12,"2",31,NA,NA,35,4
"Jason Myers","K","SEA",9,140,3.51,3.59,136,145,-1.3,5.08,-12.2,137,108,196,9,"2",35,169,1,7,NA
"Devin Singletary","RB","BUF",7,125,17,0.564,107,152,-1.4,6.08,-8.06,138,105,165,36,"9",28,112,2.51,16,2
"Sam Hubbard","DL","CIN",10,63.4,7.77,0.108,56.7,71.9,-1.81,-1.73,-4.13,139,143,147,13,"2",NA,NA,NA,26,3
"Cameron Heyward","DL","PIT",7,63.3,4.42,0.856,58.7,67.4,-1.92,0.259,-8.62,140,128,167,14,"2",37,NA,NA,11,10
"David Johnson","RB","HOU",10,125,32.2,1.54,78.1,177,-1.96,-22.7,17.1,142,316,75,37,"10",34,122,1.8,80,6
"Buccaneers","DST","TB",9,96.1,7.94,0.294,85.5,104,-1.96,-1.17,-9.64,141,140,177,4,"3",NA,113,2.74,52,NA
"Ja'Marr Chase","WR","CIN",10,168,18,4.1,143,188,-1.98,0,-11.4,143,130,192,40,"6",26,85.5,3.92,43,0
"Bills","DST","BUF",7,95.8,11.2,2.57,86.6,114,-2.25,0,0.219,144,130,127,5,"4",NA,137,1.81,65,NA
"Romeo Okwara","DL","DET",9,62.5,9.9,0.474,56.1,69.8,-2.78,-2.28,-6.22,145,150,156,15,"2",31,NA,NA,49,5
"Romeo Okwara","DL","DET",9,62.5,9.9,0.474,56.1,69.8,-2.78,-2.28,-6.22,145,150,156,15,"2",31,NA,NA,72,5
"Adrian Phillips","DB","NE",14,94.6,15.9,0.952,85.1,113,-3.24,-2.04,0.343,146,146,126,12,"2",34,NA,NA,67,7
"Markus Golden","DL","ARI",12,62,NA,0.737,NA,NA,-3.25,NA,NA,147,NA,NA,16,"2",NA,NA,NA,83,NA
"Jonnu Smith","TE","NE",14,118,11.1,0.093,102,129,-3.44,-3.38,-12.7,148,158,203,14,"6",30,126,1.6,20,4
"James Conner","RB","ARI",12,123,25.5,3.67,78,150,-3.51,-22.8,-9.69,149,319,178,38,"10",31,102,2.98,47,4
"Evan Engram","TE","NYG",10,118,10.9,3.69,105,135,-3.54,0,-6.86,150,130,157,15,"7",31,151,1.31,34,4
"Demarcus Lawrence","DL","DAL",7,61.3,10.3,1.93,52.5,72.6,-3.99,-5.89,-3.41,151,177,145,17,"3",34,NA,NA,40,7
"Jabrill Peppers","DB","NYG",10,93.7,8.85,0.114,86.2,103,-4.19,-0.948,-9.42,152,135,174,13,"2",30,NA,NA,21,4
"Marlon Humphrey","DB","BAL",8,93.6,14.6,0.953,85.1,110,-4.3,-2.06,-2.18,153,147,140,14,"2",30,NA,NA,58,4
"Dolphins","DST","MIA",14,93.2,7.91,1.34,86.7,104,-4.82,0.129,-9.73,154,129,179,6,"5",NA,154,1,94,NA
"Rodrigo Blankenship","K","IND",14,137,15.4,0.144,116,147,-4.89,-15,-10.3,155,243,182,10,"2",56,127,NA,73,1
"Matt Gay","K","LAR",11,136,3.5,2.45,133,142,-5.03,2.22,-15.2,156,120,221,11,"2",32,165,NA,67,2
"Matt Ryan","QB","ATL",6,301,16.8,0.927,274,317,-5.14,-5.61,-26.2,157,174,317,14,"6",41,128,3.88,39,13
"Khari Willis","DB","IND",14,92.6,16.2,0.373,82.2,105,-5.25,-4.88,-8.02,158,167,164,15,"2",56,NA,NA,82,2
"Johnathan Abram","DB","LVR",8,92.2,7.99,0.293,87.1,98.1,-5.63,0,-14.4,159,130,215,16,"2",56,NA,NA,16,2
"Chris Jones","DL","KC",12,59.3,15.6,0.176,45.4,76,-5.92,-13,0,160,230,130,18,"3",32,NA,NA,80,5
"Tracy Walker","DB","DET",9,91.9,17.2,0.398,79.2,111,-5.92,-7.9,-1.32,161,196,137,17,"2",31,NA,NA,70,3
"Joe Burrow","QB","CIN",10,300,16.8,0.21,274,315,-6.07,-5.61,-27.8,162,173,340,15,"6",29,111,4.86,33,1
"Marquise Brown","WR","BAL",8,164,16.2,0.0955,144,189,-6.09,0.471,-10.5,163,126,184,41,"6",29,129,1.58,39,2
"Stephon Tuitt","DL","PIT",7,59.2,7.95,0.427,54.1,65.1,-6.09,-4.31,-10.9,164,163,189,19,"3",33,NA,NA,62,7
"Patriots","DST","NE",14,91.9,6.6,0.0469,82.6,99,-6.16,-4.02,-14.6,165,161,217,7,"5",NA,145,1.81,23,NA
"Curtis Samuel","WR","WAS",9,163,23.1,1.35,126,194,-6.18,-17,-6.04,166,256,154,42,"6",29,128,1.76,62,4
"Colts","DST","IND",14,91.9,5.82,0.359,84.6,98,-6.21,-2.02,-15.7,167,145,223,8,"5",NA,139,2.05,35,NA
"Trevor Lawrence","QB","JAC",7,299,26.3,5.33,263,337,-6.28,-16.6,-5.78,168,250,152,16,"7",26,122,3.73,53,0
"Kareem Jackson","DB","DEN",11,91.5,10.2,0.0842,84.9,103,-6.32,-2.23,-9.37,169,149,173,18,"2",38,NA,NA,23,11
"Justin Reid","DB","HOU",10,91.5,7.25,0.527,86,99.6,-6.4,-1.1,-12.9,170,138,205,19,"2",29,NA,NA,18,3
"Montez Sweat","DL","WAS",9,58.7,1.13,0.152,58,59.6,-6.52,-0.411,-16.4,171,134,228,20,"3",29,NA,NA,2,2
"Packers","DST","GB",13,91.5,9.57,0.178,78.6,100,-6.57,-7.98,-13.3,172,198,207,9,"5",NA,174,1.17,42,NA
"Dre'Mont Jones","DL","DEN",11,58.6,4.6,0.21,55.2,61.5,-6.67,-3.21,-14.4,173,157,216,21,"3",29,NA,NA,69,2
"Saints","DST","NO",6,91.3,15.3,1.51,70.4,108,-6.75,-16.2,-5.35,174,248,151,10,"6",NA,157,1.25,97,NA
"Leonard Williams","DL","NYG",10,58.4,6.78,1.84,51,64.1,-6.88,-7.41,-11.9,175,192,195,22,"3",32,NA,NA,38,6
"Harrison Smith","DB","MIN",7,90.9,12.2,1.17,79.3,103,-6.93,-7.79,-9.92,176,195,180,20,"2",37,NA,NA,30,9
"Jamaal Williams","RB","DET",9,120,15.2,0.368,101,142,-7.18,0,-18.1,177,130,242,39,"10",NA,112,3.02,13,4
"Rob Gronkowski","TE","TB",9,114,12.2,2.12,92.9,129,-7.22,-12.1,-12.8,178,223,204,16,"7",37,114,1.51,37,11
"Tremaine Edmunds","LB","BUF",7,109,17.8,0.189,96.2,129,-7.35,-1.13,-7.55,179,139,162,11,"2",28,NA,NA,32,3
"Brandon McManus","K","DEN",11,134,12.2,0.272,122,154,-7.48,-8.95,-2.73,180,206,141,12,"2",34,172,NA,33,7
"D.J. Chark","WR","JAC",7,162,25.1,1.26,126,198,-7.53,-17.4,-1.26,181,265,136,43,"6",29,110,2.52,72,3
"Eric Kendricks","LB","MIN",7,109,14.4,0.753,96.3,124,-7.54,-0.979,-13,182,136,206,12,"2",34,NA,NA,17,6
"Nyheim Hines","RB","IND",14,119,11,1.27,104,134,-7.55,3.13,-26.1,183,116,316,40,"10",29,129,2.22,3,3
"Matt Prater","K","ARI",12,134,6.63,0.0312,122,140,-7.76,-8.91,-16.9,184,205,234,13,"2",41,175,2,17,15
"Mason Crosby","K","GB",13,134,12.3,0.743,117,150,-7.79,-13.2,-7.28,185,231,160,14,"2",41,167,1,47,14
"Vonn Bell","DB","CIN",10,89.8,15.5,0.0806,79.5,107,-8.09,-7.67,-5.04,186,194,149,21,"2",31,NA,NA,56,5
"Carlton Davis","DB","TB",9,89.7,7.2,0.521,82.3,94.2,-8.18,-4.84,-18.3,187,166,243,22,"2",29,NA,NA,35,3
"Eagles","DST","PHI",14,89.8,11,0.71,83.6,108,-8.26,-3,-5.97,188,153,153,11,"7",NA,194,NA,61,NA
"Jadeveon Clowney","LB","CLE",13,108,NA,0.537,NA,NA,-8.29,NA,NA,189,NA,NA,13,"2",33,NA,NA,71,7
"Robbie Gould","K","SF",6,133,9.28,3.19,122,144,-8.53,-8.88,-12.6,190,204,201,15,"3",43,184,1,23,16
"Logan Ryan","DB","NYG",10,89.2,22.5,0.0781,70.3,114,-8.7,-16.8,1.3,191,255,124,23,"2",35,NA,NA,86,8
"Shelby Harris","DL","DEN",11,56.5,6.93,0.29,52.1,61.6,-8.72,-6.32,-14.3,192,181,214,23,"3",34,NA,NA,43,7
"Tyrann Mathieu","DB","KC",12,89.1,2.29,0.649,87.1,91.4,-8.77,-0.0675,-21.1,193,131,268,24,"2",34,NA,NA,5,8
"DeVante Parker","WR","MIA",14,161,13.9,2.06,146,184,-8.79,3.01,-15.7,194,117,224,44,"7",33,140,1.62,36,6
"Kenyan Drake","RB","LVR",8,118,20.9,1.09,82.2,137,-8.82,-18.6,-22.7,195,276,284,41,"10",NA,114,2.78,27,5
"Jerome Baker","LB","MIA",14,108,25.5,0.714,90.6,137,-8.83,-6.73,0,196,185,130,14,"2",29,NA,NA,69,3
"Cardinals","DST","ARI",12,89.1,7.59,0.624,78.4,97.1,-8.97,-8.26,-16.5,197,201,229,12,"8",NA,182,NA,90,NA
"Calais Campbell","DL","BAL",8,56.2,9.34,1.06,48.5,66.5,-9.01,-9.92,-9.46,198,211,176,24,"3",39,NA,NA,66,13
"Anthony Firkser","TE","TEN",13,112,10.3,0.6,102,130,-9.34,-3.43,-12.3,199,159,197,17,"7",31,195,1.25,46,3
"Kenny Moore","DB","IND",14,88.4,9.83,0.832,82.1,95.7,-9.42,-4.97,-16.9,200,169,233,25,"2",30,NA,NA,40,4
"Myles Jack","LB","JAC",7,107,10,0.519,97.3,116,-9.54,0,-20.8,201,130,264,15,"2",30,NA,NA,6,5
"Browns","DST","CLE",13,88.5,6.19,0.636,81.2,94.4,-9.59,-5.42,-19.2,202,171,251,13,"9",NA,164,1.33,81,NA
"Ty'Son Williams","RB","BAL",8,117,17.8,1.45,97.9,130,-9.91,-2.81,-29.8,203,152,367,42,"10",56,130,NA,79,1
"Austin Hooper","TE","CLE",13,111,13.7,1.8,93.5,128,-9.94,-11.6,-14.3,204,219,213,18,"7",31,156,1.35,40,5
"Yannick Ngakoue","DL","LVR",8,55.2,10.3,0.0253,49,67,-10.1,-9.38,-8.93,206,210,169,25,"3",31,NA,NA,85,5
"Jadeveon Clowney","DL","CLE",13,55.2,1.27,0.0588,54.2,56,-10.1,-4.2,-20,207,162,256,26,"3",33,NA,NA,25,7
"Jayon Brown","LB","TEN",13,107,17.4,0.567,97,127,-10.1,-0.265,-10.4,205,133,183,16,"2",31,NA,NA,38,4
"Chiefs","DST","KC",12,87.8,5.6,0.12,79.1,92.7,-10.2,-7.47,-20.9,209,193,265,14,"9",NA,156,1.21,26,NA
"Arik Armstead","DL","SF",6,55.1,10.9,0.118,45,66.5,-10.2,-13.4,-9.46,208,232,175,27,"3",32,NA,NA,63,6
"49ers","DST","SF",6,87.7,6.85,0.859,80.6,96.6,-10.3,-6.02,-17,212,179,237,15,"10",NA,134,2.19,19,NA
"Josh Allen","DL","JAC",7,55,4.6,0.139,51.6,57.9,-10.3,-6.81,-18,211,187,240,28,"3",28,NA,NA,23,2
"Eric Rowe","DB","MIA",14,87.6,14.2,0.414,74.4,101,-10.3,-12.8,-11.1,210,225,191,26,"2",33,NA,NA,77,6
"Jonathan Allen","DL","WAS",9,54.9,4.81,0.352,51.3,57.9,-10.4,-7.11,-18,213,190,241,29,"3",31,NA,NA,14,4
"Deion Jones","LB","ATL",6,106,18.2,0.899,90.7,126,-10.6,-6.58,-11.1,214,184,190,17,"2",31,NA,NA,34,5
"Rayshawn Jenkins","DB","JAC",7,87.2,23.2,0.0456,72.3,104,-10.7,-14.8,-8.3,215,241,166,27,"2",32,NA,NA,96,4
"Landon Collins","DB","WAS",9,87.1,4.68,0.465,82.6,91.8,-10.7,-4.56,-20.7,216,164,263,28,"2",32,NA,NA,7,6
"Brandon Graham","DL","PHI",14,54.5,3.82,0.12,51.7,56.9,-10.8,-6.73,-19,217,186,249,30,"3",38,NA,NA,48,11
"Antonio Brown","WR","TB",9,159,32.9,0.0355,107,201,-10.9,-36.2,1.64,218,437,121,45,"7",38,96.2,4.38,85,11
"Laviska Shenault","WR","JAC",7,159,29.3,3.1,109,199,-10.9,-34,-0.916,220,419,133,46,"7",56,110,3.98,79,1
"Kenny Clark","DL","GB",13,54.4,2.47,0.209,52.6,56,-10.9,-5.87,-20,219,176,258,31,"3",30,NA,NA,9,5
"Trey Hendrickson","DL","CIN",10,54.2,21.4,0.282,41.1,78.8,-11.1,-17.3,2.78,221,262,116,32,"3",31,NA,NA,88,4
"Broncos","DST","DEN",11,86.9,6.38,0.287,78.5,94.5,-11.2,-8.12,-19.1,223,200,250,16,"10",NA,157,1.63,87,NA
"Minkah Fitzpatrick","DB","PIT",7,86.7,10.4,0.281,79.9,98.6,-11.2,-7.23,-13.9,222,191,211,29,"2",29,NA,NA,33,3
"Sony Michel","RB","LAR",11,115,22.8,0.894,69.4,135,-11.4,-31.4,-25.1,224,401,305,43,"10",31,110,3.32,69,3
"Trey Flowers","DL","DET",9,53.9,1.7,1.06,52.6,55,-11.4,-5.79,-21,225,175,266,33,"4",32,NA,NA,8,6
"Trey Flowers","DL","DET",9,53.9,1.7,1.06,52.6,55,-11.4,-5.79,-21,225,175,266,33,"4",32,NA,NA,3,6
"Cowboys","DST","DAL",7,86.6,10.3,0.296,74.3,97.5,-11.5,-12.4,-16.1,227,224,227,17,"11",NA,181,NA,32,NA
"C.J. Mosley","LB","NYJ",6,105,14.2,0.644,97,121,-11.5,-0.259,-15.7,228,132,225,18,"2",34,NA,NA,43,7
"Taron Johnson","DB","BUF",7,86.4,NA,0.7,NA,NA,-11.5,NA,NA,226,NA,NA,30,"3",29,NA,NA,75,3
"Ben Roethlisberger","QB","PIT",7,294,24.5,3.68,271,323,-11.6,-7.91,-20.4,229,197,260,17,"7",44,143,3.84,64,17
"Hunter Henry","TE","NE",14,109,31.9,4.97,53.5,146,-11.7,-51.6,3.68,231,505,112,19,"7",31,138,1.28,86,5
"Cairo Santos","K","CHI",10,130,5.82,0.988,119,136,-11.7,-11.7,-21.1,230,220,269,16,"3",34,145,NA,40,7
"Seahawks","DST","SEA",9,86.3,2.64,2.65,84.1,90.4,-11.8,-2.53,-23.2,232,151,291,18,"12",NA,195,1,10,NA
"Mario Addison","LB","BUF",7,104,NA,1.72,NA,NA,-12.2,NA,NA,234,NA,NA,19,"2",38,NA,NA,28,10
"A.J. Bouye","DB","CAR",13,85.7,NA,0.825,NA,NA,-12.2,NA,NA,233,NA,NA,31,"3",34,NA,NA,89,8
"James White","RB","NE",14,115,21.2,2.93,86.4,143,-12.3,-14.4,-16.7,235,238,230,44,"10",34,139,1.42,37,7
"Sheldon Richardson","DL","MIN",7,52.8,20.2,0.911,41.1,76.1,-12.4,-17.4,0.0722,236,264,129,34,"4",35,NA,NA,98,8
"Graham Gano","K","NYG",10,129,7.26,1.82,122,140,-12.7,-9.03,-16.8,237,208,232,17,"3",39,223,1,43,12
"Michael Davis","DB","LAC",7,84.9,5.52,0.0868,81.1,88.7,-13,-6.02,-23.8,238,178,296,32,"3",30,NA,NA,32,4
"Daniel Sorensen","DB","KC",12,84.8,14.6,0.429,70.4,97.8,-13.1,-16.7,-14.8,239,252,219,33,"3",36,NA,NA,95,7
"Denico Autry","DL","TEN",13,51.9,10.9,0.314,44.1,64.2,-13.3,-14.3,-11.7,240,237,193,35,"4",35,NA,NA,65,NA
"Anthony Harris","DB","PHI",14,84.4,10.2,0.462,74.3,93.5,-13.5,-12.8,-19,241,227,248,34,"3",34,NA,NA,51,6
"Whitney Mercilus","DL","HOU",10,51.6,16.2,0.885,41.2,63.5,-13.7,-17.2,-12.5,242,260,199,36,"4",35,NA,NA,86,9
"Whitney Mercilus","DL","HOU",10,51.6,16.2,0.885,41.2,63.5,-13.7,-17.2,-12.5,242,260,199,36,"4",35,NA,NA,91,9
"Micah Kiser","LB","LAR",11,103,11.1,1.49,95.2,110,-13.9,-2.09,-26.5,243,148,324,20,"2",31,NA,NA,94,3
"Will Fuller","WR","MIA",14,156,28.8,4.94,114,191,-14,-29.8,-9.06,245,386,172,47,"7",32,116,2.07,76,5
"Kyle Fuller","DB","DEN",11,83.9,9.46,0.0659,73.2,90.3,-14,-13.9,-22.2,244,234,280,35,"3",34,NA,NA,60,7
"Vernon Hargreaves","DB","HOU",10,83.8,17.1,0.77,72.1,95.7,-14,-15,-16.8,246,242,231,36,"3",NA,NA,NA,88,5
"Ravens","DST","BAL",8,83.6,1.69,0.0543,81.4,85.4,-14.4,-5.21,-28.2,247,170,347,19,"12",NA,120,2.48,1,NA
"Dustin Hopkins","K","WAS",9,127,6.3,0.275,119,134,-14.5,-12,-22.8,249,222,286,18,"3",35,226,NA,20,8
"Panthers","DST","CAR",13,83.6,9.23,1.27,69.5,91.9,-14.5,-17.1,-21.7,248,259,271,20,"13",NA,197,1,71,NA
"Quinnen Williams","DL","NYJ",6,50.7,0.424,0.96,50.4,51,-14.5,-8.02,-25,250,199,304,37,"4",28,NA,NA,18,2
"Chris Boswell","K","PIT",7,127,5.67,4.01,120,135,-14.8,-10.8,-22.3,252,217,281,19,"3",35,160,NA,10,7
"Kevin King","DB","GB",13,83.1,9.57,0.0999,73.3,90.5,-14.8,-13.8,-22.1,251,233,276,37,"3",31,NA,NA,81,4
"Darnell Savage","DB","GB",13,83,3.11,0.204,80.7,85,-14.9,-6.44,-27.6,253,182,338,38,"3",28,NA,NA,4,2
"Donovan Wilson","DB","DAL",7,82.8,28.6,0.535,64.4,104,-15.1,-22.7,-8.73,254,317,168,39,"3",31,NA,NA,98,2
"Tony Pollard","RB","DAL",7,112,17.4,0.354,75.7,126,-15.2,-25.1,-33.7,255,337,404,45,"10",29,125,1.7,20,2
"Baker Mayfield","QB","CLE",13,290,24.6,2.31,267,336,-15.3,-11.8,-7.34,256,221,161,18,"7",31,136,3.64,58,3
"Nick Kwiatkoski","LB","LVR",8,101,11.3,0.234,90.3,112,-15.4,-6.97,-25.4,257,188,309,21,"2",33,NA,NA,58,5
"Michael Carter","RB","NYJ",6,111,40.3,1.02,54.4,160,-15.5,-46.4,0,259,481,130,46,"10",27,96.9,3.69,87,0
"Da'Ron Payne","DL","WAS",9,49.8,10.3,0.119,43.2,57.3,-15.5,-15.3,-18.6,258,245,246,38,"4",29,NA,NA,60,3
"Jarran Reed","DL","KC",12,49.6,22.3,0.921,34.4,65.1,-15.6,-24,-10.9,261,332,188,39,"4",33,NA,NA,94,5
"Tanoh Kpassagnon","LB","NO",6,101,NA,0.159,NA,NA,-15.6,NA,NA,260,NA,NA,22,"2",32,NA,NA,99,4
"Marcus Maye","DB","NYJ",6,82.2,22.7,0.122,59.7,102,-15.6,-27.4,-10.7,262,360,187,40,"3",32,NA,NA,91,4
"Giants","DST","NYG",10,82.3,7.42,1.86,72.2,90.4,-15.8,-14.5,-23.2,263,240,293,21,"14",NA,248,NA,48,NA
"Jaylon Smith","LB","DAL",7,101,48,0.901,68.4,156,-15.8,-28.9,18.6,265,374,74,23,"2",31,NA,NA,98,5
"Terrell Edmunds","DB","PIT",7,82.1,12.8,0.971,67.5,89.5,-15.8,-19.6,-23.1,264,283,288,41,"3",29,NA,NA,68,3
"Emmanuel Ogbah","DL","MIA",14,48.7,0.424,1,48.4,49,-16.5,-10,-27,266,212,331,40,"4",32,NA,NA,1,5
"Jeffery Wilson","RB","SF",6,110,56.4,4.57,72.4,149,-16.6,-28.4,-10.5,267,369,185,47,"10",56,NA,NA,99,3
"Zach Ertz","TE","PHI",14,104,26,0.2,59.4,128,-16.7,-45.7,-13.7,269,476,209,20,"7",35,143,1.19,74,8
"Emmanuel Ogbah","LB","MIA",14,100,NA,0.87,NA,NA,-16.7,NA,NA,268,NA,NA,24,"2",32,NA,NA,14,5
"Juston Burris","DB","CAR",13,81.1,6.46,0.0015,76.7,85.6,-16.7,-10.4,-26.9,270,215,330,42,"3",32,NA,NA,14,5
"Taylor Rapp","DB","LAR",11,81.1,4.38,0.387,77.9,83.9,-16.7,-9.21,-28.6,271,209,353,43,"3",28,NA,NA,12,2
"Eric Ebron","TE","PIT",7,104,20.7,6.71,67.8,133,-16.9,-37.3,-9.01,272,444,170,21,"8",33,161,1.3,51,7
"Eddie Jackson","DB","CHI",10,80.7,1.13,0.141,80,81.6,-17.1,-7.1,-31,273,189,378,44,"3",NA,NA,NA,2,4
"George Odum","DB","IND",14,80.6,NA,0.0898,NA,NA,-17.3,NA,NA,274,NA,NA,45,"3",32,NA,NA,NA,3
"Chuck Clark","DB","BAL",8,80.5,16.1,0.0236,70.3,98.9,-17.4,-16.8,-13.6,275,254,208,46,"3",31,NA,NA,74,4
"James Bradberry","DB","NYG",10,80.5,8.07,0.23,73.2,88.7,-17.4,-13.9,-23.8,276,235,297,47,"3",32,NA,NA,47,5
"Carlos Dunlap","DL","SEA",9,47.7,8.06,0.297,41.8,52.9,-17.5,-16.6,-23.1,277,251,289,41,"4",37,NA,NA,89,11
"Kamu Grugier-Hill","LB","HOU",10,99.1,NA,0.69,NA,NA,-17.5,NA,NA,278,NA,NA,25,"2",32,NA,NA,NA,5
"Ryan Fitzpatrick","QB","WAS",9,288,38,1.11,233,341,-17.6,-45.8,-1.81,279,477,139,19,"7",43,160,5.04,75,16
"Chargers","DST","LAC",7,80.5,7.78,0.34,69.2,88.3,-17.6,-17.5,-25.3,281,266,308,22,"15",NA,222,1.11,68,NA
"Xavien Howard","DB","MIA",14,80.3,12.9,0.0875,67.4,91.2,-17.6,-19.7,-21.4,280,287,270,48,"3",33,NA,NA,54,5
"Janoris Jenkins","DB","TEN",13,80.2,4.79,0.0843,77,85.6,-17.7,-10.1,-26.9,282,213,329,49,"3",37,NA,NA,26,9
"Maxx Crosby","DL","LVR",8,47.4,10,0.872,40,53.9,-17.8,-18.4,-22.1,284,273,277,42,"5",28,NA,NA,77,2
"Jonathan Jones","DB","NE",14,80.1,14.7,0.289,70.1,90.2,-17.8,-17,-22.3,283,257,282,50,"3",32,NA,NA,93,5
"Bears","DST","CHI",10,80.1,3.95,1.6,76.1,84.9,-18,-10.5,-28.7,285,216,355,23,"16",NA,183,1.09,39,NA
"Malcolm Butler","DB","ARI",12,79.8,1.84,0.00624,78.4,81,-18.1,-8.67,-31.6,286,202,385,51,"3",36,NA,NA,11,7
"Denzel Ward","DB","CLE",13,79.8,13,0.313,66.5,89.4,-18.1,-20.7,-23.2,287,295,290,52,"3",29,NA,NA,61,3
"Jerry Hughes","LB","BUF",7,98.4,NA,0.64,NA,NA,-18.2,NA,NA,288,NA,NA,26,"3",37,NA,NA,78,11
"Jaire Alexander","DB","GB",13,79.5,7.82,0.584,72.7,87.9,-18.4,-14.4,-24.6,289,239,301,53,"3",29,NA,NA,28,3
"Derek Carr","QB","LVR",8,287,24.1,2.45,262,328,-18.7,-17.3,-15.3,291,263,222,20,"7",35,147,2.87,67,7
"Akiem Hicks","DL","CHI",10,46.6,14.4,0.24,36,55.8,-18.7,-22.5,-20.2,290,314,259,43,"5",36,NA,NA,75,9
"Sam Ficken","K","TEN",13,123,11.6,0.257,107,138,-18.8,-23.2,-18.6,292,325,245,20,"3",33,NA,NA,80,6
"DeVonta Smith","WR","PHI",14,151,21.3,0.332,127,186,-18.9,-16.3,-13.8,294,249,210,48,"7",27,92.4,4.45,56,0
"Jeffery Simmons","DL","TEN",13,46.3,11.7,0.411,37.7,53.8,-18.9,-20.7,-22.2,295,296,278,44,"5",28,NA,NA,82,2
"Ogbonnia Okoronkwo","LB","LAR",11,97.8,NA,0.354,NA,NA,-18.9,NA,NA,293,NA,NA,27,"3",31,NA,NA,NA,3
"Marcus Peters","DB","BAL",8,78.9,5.22,0.882,74.1,84.1,-19,-13,-28.4,296,229,350,54,"3",33,NA,NA,1,6
"Josh Lambo","K","JAC",7,122,11,3.23,108,138,-19.1,-22.4,-19.2,297,311,252,21,"4",35,NA,NA,37,6
"Anthony Walker","LB","CLE",13,97.4,22.1,0.526,79.2,122,-19.2,-18.1,-15.2,298,270,220,28,"3",30,NA,NA,68,4
"Cole Beasley","WR","BUF",7,150,22.3,0.48,115,174,-19.3,-28.1,-25.8,299,367,310,49,"7",37,141,1.51,74,9
"Tyquan Lewis","DL","IND",14,45.9,NA,1.45,NA,NA,-19.4,NA,NA,300,NA,NA,45,"5",31,NA,NA,97,3
"Titans","DST","TEN",13,78.5,7.37,0.677,69.3,87.6,-19.6,-17.3,-26,301,261,314,24,"16",NA,249,NA,45,NA
"Mike Williams","WR","LAC",7,150,14.6,1.6,137,176,-19.7,-6.04,-23.4,302,180,295,50,"7",31,126,1.54,33,4
"Haason Reddick","LB","CAR",13,96.9,NA,0.512,NA,NA,-19.8,NA,NA,303,NA,NA,29,"3",31,NA,NA,25,4
"Haason Reddick","LB","CAR",13,96.9,NA,0.512,NA,NA,-19.8,NA,NA,303,NA,NA,29,"3",31,NA,NA,11,4
"TreDavious White","DB","BUF",7,78,7.87,0.1,71.6,86.7,-19.9,-15.6,-25.8,304,246,311,55,"3",31,NA,NA,37,4
"Anthony Averett","DB","BAL",8,77.9,NA,0.721,NA,NA,-20,NA,NA,305,NA,NA,56,"3",31,NA,NA,NA,3
"Falcons","DST","ATL",6,77.8,4.11,1.2,73.7,83.9,-20.2,-12.9,-29.7,306,228,366,25,"17",NA,NA,NA,6,NA
"Lavonte David","LB","TB",9,96.4,0.919,0.558,95.7,97,-20.3,-1.58,-40,307,142,458,30,"3",36,NA,NA,1,9
"Tre Herndon","DB","JAC",7,77.2,19.5,0.859,63.9,90.7,-20.7,-23.3,-21.8,308,327,273,57,"3",56,NA,NA,99,3
"Dante Fowler","DL","ATL",6,44.4,6.79,0.449,40.1,49.4,-20.8,-18.3,-26.5,309,272,326,46,"5",31,NA,NA,51,NA
"Whitney Mercilus","LB","HOU",10,95.8,NA,1.37,NA,NA,-20.8,NA,NA,310,NA,NA,31,"3",35,NA,NA,77,9
"Whitney Mercilus","LB","HOU",10,95.8,NA,1.37,NA,NA,-20.8,NA,NA,310,NA,NA,31,"3",35,NA,NA,91,9
"Latavius Murray","RB","NO",6,106,27.9,1.82,77.8,130,-21.1,-23,-30.2,311,320,371,48,"10",36,147,1.28,96,8
"Tua Tagovailoa","QB","MIA",14,285,23.3,2.93,257,311,-21.2,-22.3,-32.7,312,309,394,21,"7",28,145,2.56,61,1
"Tyrell Williams","WR","DET",9,148,20.2,1.55,124,173,-21.3,-19.9,-26.3,314,289,319,51,"7",NA,160,1.25,88,NA
"Frank Clark","DL","KC",12,44,21.4,0.147,23.6,64.2,-21.3,-34.8,-11.8,313,426,194,47,"5",33,NA,NA,95,6
"Jets","DST","NYJ",6,76.6,7.63,1.52,64.2,81.7,-21.4,-22.4,-31.9,316,312,386,26,"18",NA,NA,NA,29,NA
"Fletcher Cox","DL","PHI",14,43.9,4.81,0.204,40.3,46.9,-21.4,-18.1,-29,315,269,358,48,"5",35,NA,NA,68,9
"Jaquiski Tartt","DB","SF",6,76.3,4.6,0.164,73.2,79.5,-21.5,-13.9,-33,317,236,397,58,"3",34,NA,NA,53,6
"Grady Jarrett","DL","ATL",6,43.6,6.65,0.221,38.8,47.9,-21.6,-19.7,-28.1,318,286,344,49,"5",33,NA,NA,28,6
"J.C. Jackson","DB","NE",14,76.2,12.4,0.067,63.5,84.4,-21.7,-23.7,-28.1,319,329,345,59,"3",56,NA,NA,84,3
"Christian Wilkins","DL","MIA",14,43.4,2.4,0.812,41.7,45,-21.8,-16.8,-31,321,253,379,50,"5",56,NA,NA,15,2
"Shaq Griffin","DB","JAC",7,76.1,10.4,0.399,68.1,87.7,-21.8,-19,-24.9,320,277,303,60,"3",32,NA,NA,63,4
"Shaq Green-Thompson","LB","CAR",13,94.5,23.2,0.178,75.1,120,-22.2,-22.2,-17,323,306,236,32,"3",32,NA,NA,63,NA
"Kaimi Fairbairn","K","HOU",10,119,18.2,4.54,91.3,134,-22.3,-39.3,-22.7,324,458,283,22,"4",32,NA,NA,87,5
"Josh Allen","LB","JAC",7,94.3,NA,1.25,NA,NA,-22.4,NA,NA,325,NA,NA,33,"3",28,NA,NA,40,2
"Derek Barnett","DL","PHI",14,42.6,5.52,0.869,39.1,46.7,-22.6,-19.3,-29.3,327,280,360,51,"5",30,NA,NA,55,4
"Todd Gurley","RB","FA",NA,104,NA,0.915,NA,NA,-22.9,NA,NA,330,NA,NA,49,"10",31,223,NA,99,6
"Michael Pittman","WR","IND",14,147,20.2,0.658,123,178,-22.9,-20.6,-21.9,329,294,274,52,"7",28,109,3.64,54,1
"Vikings","DST","MIN",7,75.1,9.78,3.41,61.2,85.7,-23,-25.4,-27.9,331,344,342,27,"19",NA,201,1.33,55,NA
"Randy Gregory","DL","DAL",7,41.7,8.77,0.019,36.1,48.2,-23.5,-22.3,-27.8,337,308,341,52,"5",33,NA,NA,57,6
"Deatrich Wise","DL","NE",14,41.7,7.21,0.0782,37.1,47,-23.5,-21.3,-29,338,298,356,53,"5",31,NA,NA,5,4
"Henry Ruggs","WR","LVR",8,146,22.2,0.644,114,177,-23.6,-29,-22.9,339,375,287,53,"7",56,136,1.3,58,1
"Cole Kmet","TE","CHI",10,97.6,22.7,6.43,68.1,137,-23.6,-37,-5.28,342,438,150,22,"8",27,166,1.1,71,1
"Dexter Lawrence","DL","NYG",10,41.6,6.65,0.446,36.8,45.9,-23.6,-21.7,-30.1,340,302,370,54,"5",28,NA,NA,54,2
"Jamie Collins","LB","DET",9,93,16.2,2.87,77.2,109,-23.6,-20.1,-27.8,341,293,339,34,"3",36,NA,NA,48,8
"Tevin Coleman","RB","NYJ",6,103,13.6,1.56,80.9,117,-23.9,-19.9,-42.9,343,288,486,50,"11",33,135,1.84,29,6
"Jameis Winston","QB","NO",6,282,47.7,3.27,225,343,-24.1,-54.3,0,348,515,130,22,"8",32,144,3.22,83,6
"L.J. Collier","DL","SEA",9,41.2,NA,0.191,NA,NA,-24.1,NA,NA,347,NA,NA,55,"5",30,NA,NA,NA,2
"Russell Gage","WR","ATL",6,145,29.4,0.334,108,189,-24.2,-35.6,-10.2,349,431,181,54,"7",30,150,2.23,83,3
"Ed Oliver","DL","BUF",7,41,1.51,0.209,39.9,42,-24.3,-18.5,-34,350,275,406,56,"5",28,NA,NA,42,2
"Jakobi Meyers","WR","NE",14,145,26.1,0.00587,118,180,-24.5,-25.3,-19.5,354,340,253,55,"7",29,128,1.5,89,2
"Darnell Mooney","WR","CHI",10,145,18.4,0.96,121,169,-24.5,-22.4,-30.3,355,313,373,56,"7",28,127,2.14,47,1
"John Franklin-Myers","DL","NYJ",6,40.8,NA,0.108,NA,NA,-24.5,NA,NA,353,NA,NA,57,"5",29,NA,NA,99,3
"Ndamukong Suh","DL","TB",9,40.7,6.58,0.156,35.9,44.9,-24.6,-22.6,-31.1,356,315,380,58,"5",39,NA,NA,52,11
"Josh Sweat","DL","PHI",14,40.5,0.707,0.526,40,41,-24.7,-18.4,-35,358,274,418,59,"6",29,NA,NA,71,3
"Lawrence Guy","DL","NE",14,40,4.6,0.139,37.1,43.4,-25.2,-21.4,-32.6,360,299,393,60,"6",36,NA,NA,22,10
"Phillip Lindsay","RB","HOU",10,101,31.1,5.32,53.2,133,-25.4,-47.5,-26.5,364,485,323,51,"11",31,127,2.08,74,3
"Sterling Shepard","WR","NYG",10,144,29.4,1.61,106,189,-25.5,-37.2,-10.7,365,440,186,57,"7",33,150,1.25,82,5
"Jaguars","DST","JAC",7,71.7,8.82,3.45,60.8,81.5,-26.4,-25.8,-32.1,376,346,388,28,"20",NA,230,NA,3,NA
"Bobby Okereke","LB","IND",14,90.2,10.9,0.303,82.1,102,-26.5,-15.2,-34.5,377,244,415,35,"3",29,NA,NA,18,2
"Austin Seibert","K","CIN",10,115,19.6,0.193,98.4,148,-26.8,-32.2,-9.02,387,409,171,23,"4",NA,NA,NA,70,2
"Cory Littleton","LB","LVR",8,89.9,15.3,0.716,77.3,107,-26.8,-20,-30.2,386,291,372,36,"3",32,NA,NA,35,5
"Wil Lutz","K","NO",6,114,23.8,8.94,95.8,158,-27,-34.8,1.62,389,425,123,24,"5",32,124,1,93,5
"Emmanuel Sanders","WR","BUF",7,142,25.5,2.25,108,179,-27.1,-35.2,-20.4,390,429,261,58,"8",39,147,1.16,75,11
"Daniel Jones","QB","NYG",10,278,18,0.481,254,296,-27.4,-25.5,-46.7,392,345,518,23,"8",29,199,3.04,56,2
"Dre Greenlaw","LB","SF",6,89.2,9.25,0.0685,81.2,98.9,-27.5,-16.1,-38,394,247,448,37,"3",29,NA,NA,23,2
"Matt Milano","LB","BUF",7,89.1,3.18,1.59,87,91.4,-27.6,-10.3,-45.5,395,214,507,38,"3",31,NA,NA,5,4
"Carson Wentz","QB","IND",14,278,27.8,2.64,235,308,-27.8,-43.8,-35.2,399,472,420,24,"8",33,167,4.26,78,5
"Eric Wilson","LB","PHI",14,87.5,14.5,0.193,78.2,98.1,-29.2,-19.1,-38.8,408,279,453,39,"3",31,NA,NA,31,4
"Nelson Agholor","WR","NE",14,140,21.4,1.07,118,175,-29.4,-25.1,-24.6,410,338,302,59,"8",33,158,1.12,65,6
"Devin Bush","LB","PIT",7,87.3,12.5,0.425,75.8,100,-29.4,-21.5,-36.6,411,301,435,40,"3",27,NA,NA,20,2
"Lions","DST","DET",9,68.3,10.8,0.18,51.3,78.6,-29.8,-35.4,-35,420,430,417,29,"20",NA,NA,NA,16,NA
"Kenny Young","LB","LAR",11,86.9,19.7,0.367,74.3,101,-29.8,-23,-35.6,419,323,424,41,"3",30,NA,NA,92,3
"Raiders","DST","LVR",8,68.1,16.4,0.431,46.6,83.6,-30,-40,-30,422,460,368,30,"20",NA,NA,NA,99,NA
"Blake Jarwin","TE","DAL",7,91.2,22.8,2.01,62.3,124,-30.1,-42.8,-17.8,423,470,238,23,"8",31,173,1,66,4
"Foyesade Oluokun","LB","ATL",6,86.5,0.778,1.2,86,87.1,-30.2,-11.3,-49.9,425,218,538,42,"3",30,NA,NA,2,3
"Marquez Callaway","WR","NO",6,139,42.3,1.77,80.2,200,-30.4,-63.2,0,427,551,130,60,"8",56,118,2.6,94,1
"Texans","DST","HOU",10,67.6,13.5,3.6,52.1,83.5,-30.4,-34.5,-30.1,428,421,369,31,"21",NA,NA,NA,58,NA
"Zach Wilson","QB","NYJ",6,275,37.2,10,218,317,-30.5,-61.2,-26.3,429,543,320,25,"8",26,158,2.48,72,0
"AJ Dillon","RB","GB",13,96.1,21,2.6,68.4,124,-30.7,-32.3,-35.5,432,410,422,52,"11",28,106,3.68,39,1
"A.J. Johnson","LB","DEN",11,85.3,1.06,0.937,84.5,86,-31.4,-12.8,-51,437,226,545,43,"3",56,NA,NA,3,3
"Jack Doyle","TE","IND",14,89.1,23.5,0.939,57.6,122,-32.1,-47.5,-20,440,484,257,24,"9",36,255,NA,83,8
"Mecole Hardman","WR","KC",12,137,17.4,6.26,108,156,-32.2,-35.9,-43.8,441,434,495,61,"8",28,128,1.67,51,2
"Rashaan Evans","LB","TEN",13,84.4,23.8,0.59,70.5,112,-32.3,-26.8,-25.3,444,353,307,44,"3",29,NA,NA,74,3
"T.J. Watt","LB","PIT",7,83.8,21.1,1.88,68.3,107,-32.9,-29,-29.5,448,376,364,45,"3",31,NA,NA,49,4
"T.J. Watt","LB","PIT",7,83.8,21.1,1.88,68.3,107,-32.9,-29,-29.5,448,376,364,45,"3",31,NA,NA,82,4
"Dawson Knox","TE","BUF",7,88.2,14.5,0.231,72.7,113,-33,-32.3,-28.5,450,411,351,25,"9",29,180,1.1,49,2
"Jordan Akins","TE","HOU",10,88,10.7,0.161,72.4,104,-33.2,-32.6,-38,452,412,446,26,"9",34,NA,NA,60,3
"Alexander Mattison","RB","MIN",7,93.5,19.1,3.98,65.7,119,-33.3,-35.1,-41.2,454,428,471,53,"11",28,136,1.61,24,2
"Gerald Everett","TE","SEA",9,87.8,21.2,2.26,53.8,114,-33.4,-51.3,-28,455,504,343,27,"9",32,145,1.48,69,4
"Bengals","DST","CIN",10,64,12.1,0,45.3,75.7,-34,-41.3,-37.9,459,467,445,32,"21",NA,NA,NA,13,NA
"Harold Landry","LB","TEN",13,81.9,14.3,0.138,66.4,94.2,-34.8,-30.9,-42.7,466,398,484,46,"3",30,NA,NA,88,3
"Harold Landry","LB","TEN",13,81.9,14.3,0.138,66.4,94.2,-34.8,-30.9,-42.7,466,398,484,46,"3",30,NA,NA,46,3
"Josey Jewell","LB","DEN",11,81.8,22.5,0.719,69.1,108,-34.9,-28.2,-29.4,469,368,362,47,"4",31,NA,NA,85,3
"Shaquil Barrett","LB","TB",9,81,17.7,0.194,68.6,101,-35.6,-28.7,-35.8,476,373,426,48,"4",33,NA,NA,75,7
"Shaquil Barrett","LB","TB",9,81,17.7,0.194,68.6,101,-35.6,-28.7,-35.8,476,373,426,48,"4",33,NA,NA,52,7
"Juwan Johnson","TE","NO",6,85.6,33.3,1.82,65.9,112,-35.7,-39.2,-30.3,477,456,374,28,"9",29,NA,NA,99,1
"Jordan Hicks","LB","ARI",12,80.8,38.6,0.407,53.4,124,-35.8,-43.9,-12.5,481,473,200,49,"4",34,NA,NA,95,6
"Jake Elliott","K","PHI",14,105,12.8,4.2,92.5,124,-36,-38.1,-32.5,483,449,391,25,"5",31,NA,NA,77,4
"Chris Kirksey","LB","HOU",10,80.4,9.83,0.362,74.1,87.7,-36.2,-23.2,-49.3,485,326,534,50,"4",33,NA,NA,22,7
"Donta Hightower","LB","NE",14,80.1,15.3,0.0737,64.5,91.9,-36.6,-32.8,-45,487,414,504,51,"4",36,NA,NA,54,9
"Jon Bostic","LB","WAS",9,80,25.8,0.0461,65.7,110,-36.7,-31.6,-27.4,488,403,336,52,"4",35,NA,NA,89,8
"Cole Holcomb","LB","WAS",9,80,9.91,0.167,69.7,89.2,-36.7,-27.6,-47.7,490,363,526,53,"4",29,NA,NA,29,2
"Nicholas Morrow","LB","LVR",8,79.8,14.8,1.64,69.3,96.6,-36.9,-28,-40.3,491,365,461,54,"4",31,NA,NA,60,4
"Giovani Bernard","RB","TB",9,89.5,24.2,1.06,69.1,126,-37.3,-31.6,-34.1,495,402,409,54,"11",34,149,1.44,61,8
"Adam Trautman","TE","NO",6,83.7,27.8,1.89,53.1,124,-37.5,-52,-18,498,507,239,29,"9",29,224,1,97,1
"Mark Ingram","RB","HOU",10,88.5,32.8,2.18,54.6,137,-38.4,-46.2,-22.7,507,479,285,55,"11",36,159,1.1,89,10
"Jaylen Waddle","WR","MIA",14,131,36.8,1.92,75.7,171,-38.4,-67.8,-28.5,508,564,352,62,"8",27,115,2.21,90,0
"Keanu Neal","LB","DAL",7,78.1,10.5,0.787,70.5,84.8,-38.5,-26.8,-52.1,509,354,551,55,"4",NA,NA,NA,45,5
"Keanu Neal","LB","DAL",7,78.1,10.5,0.787,70.5,84.8,-38.5,-26.8,-52.1,509,354,551,55,"4",NA,NA,NA,57,5
"Anthony Barr","LB","MIN",7,77.4,15.1,0.0322,68.1,94.7,-39.3,-29.2,-42.3,513,379,477,56,"4",34,NA,NA,62,7
"Khalil Mack","LB","CHI",10,77.3,17.1,2.46,61.2,95.1,-39.3,-36.1,-41.9,514,436,474,57,"4",35,NA,NA,83,7
"Khalil Mack","LB","CHI",10,77.3,17.1,2.46,61.2,95.1,-39.3,-36.1,-41.9,514,436,474,57,"4",35,NA,NA,51,7
"Hayden Hurst","TE","ATL",6,81.8,20.3,2.08,57.4,112,-39.4,-47.6,-29.4,515,487,363,30,"9",32,251,NA,54,3
"Greg Joseph","K","MIN",7,101,47.1,25.2,15.7,131,-40.2,-115,-26,521,745,313,26,"6",56,NA,NA,90,3
"Elijah Moore","WR","NYJ",6,129,20.4,1.69,108,152,-40.4,-35.8,-47.4,522,433,525,63,"8",26,143,1.52,69,0
"Sam Darnold","QB","CAR",13,265,31.6,5.28,204,291,-40.5,-75.6,-52.2,523,586,552,26,"9",29,161,3.25,69,3
"Rashaad Penny","RB","SEA",9,86.3,15.7,0.571,68.6,114,-40.6,-32.1,-45.7,524,407,508,56,"11",30,162,1.31,30,3
"Justin Jackson","RB","LAC",7,85.7,22,0.187,57.6,112,-41.1,-43.1,-48.2,532,471,527,57,"11",31,177,1.4,63,3
"Damien Williams","RB","CHI",10,85.5,34.9,0.0556,20,117,-41.3,-80.7,-42.4,535,602,480,58,"11",34,180,1.25,91,7
"Ty Johnson","RB","NYJ",6,85.5,28.2,3.17,50.9,125,-41.4,-49.8,-34.4,536,498,414,59,"11",28,209,1,90,2
"C.J. Uzomah","TE","CIN",10,79.8,17.5,5.28,49.8,96.1,-41.4,-55.3,-45.8,538,517,509,31,"10",33,248,NA,80,6
"Chandler Jones","LB","ARI",12,74.9,3.25,1.48,72.5,77,-41.8,-24.8,-60,544,335,572,58,"4",36,NA,NA,26,9
"Chandler Jones","LB","ARI",12,74.9,3.25,1.48,72.5,77,-41.8,-24.8,-60,544,335,572,58,"4",36,NA,NA,8,9
"Jamison Crowder","WR","NYJ",6,128,38,0.905,85.2,174,-42.1,-58.3,-26,547,530,315,64,"8",33,168,1.26,93,6
"T.Y. Hilton","WR","IND",14,127,13.8,0.653,109,146,-43,-34.7,-53.6,550,424,555,65,"8",36,165,1.32,78,9
"DeVondre Campbell","LB","GB",13,73.4,2.12,0.978,72,74.9,-43.3,-25.3,-62,555,341,581,59,"4",33,NA,NA,9,5
"Jalen Reagor","WR","PHI",14,126,18.9,0.0675,102,148,-43.6,-41.2,-52,558,465,549,66,"8",56,146,1.07,53,1
"Tre'Quan Smith","WR","NO",6,126,30.8,1.17,79.8,157,-43.7,-63.7,-42.7,559,555,483,67,"8",NA,196,1.07,99,3
"Drue Tranquill","LB","LAC",7,72.4,21.5,0.112,50.7,89.8,-44.3,-46.6,-47.2,564,483,523,60,"4",30,NA,NA,80,2
"Brian Hill","RB","TEN",13,82.3,NA,0.247,NA,NA,-44.5,NA,NA,569,NA,NA,60,"11",30,NA,NA,NA,4
"Marlon Mack","RB","IND",14,82.1,21.8,0.457,54.5,115,-44.8,-46.2,-45.3,573,480,506,61,"11",NA,167,1.8,64,4
"Christian Kirk","WR","ARI",12,125,27.8,10.1,80.1,149,-44.8,-63.4,-51,575,553,546,68,"9",29,184,1,81,3
"Malcolm Brown","RB","MIA",14,81.6,17.7,0.678,51.1,98.7,-45.2,-49.6,-61.1,577,497,579,62,"11",33,182,1,46,6
"Mac Jones","QB","NE",14,260,19,1.81,226,279,-45.8,-53.7,-63.9,585,513,586,27,"9",27,154,3.06,47,0
"Darrel Williams","RB","KC",12,80.9,20,2.23,51.2,106,-45.9,-49.6,-54.2,587,496,559,63,"12",NA,159,1.24,56,3
"Dalton Schultz","TE","DAL",7,74.5,25.3,0.812,46.8,115,-46.7,-58.3,-27.3,592,531,334,32,"10",30,235,NA,89,3
"Chris Herndon","TE","NYJ",6,73.7,30,1.56,33.5,108,-47.5,-71.6,-34.3,602,570,413,33,"10",NA,199,NA,94,3
"Justin Fields","QB","CHI",10,258,70.2,1.63,150,324,-47.6,-129,-19.7,604,761,255,28,"9",27,132,3.12,94,0
"Wayne Gallman","RB","SF",6,78.7,23,1,54.9,105,-48.2,-45.9,-55,606,478,564,64,"12",31,175,1,76,4
"O.J. Howard","TE","TB",9,72.1,19.1,2.59,44.8,91.6,-49.1,-60.3,-50.3,614,539,542,34,"10",31,241,NA,57,4
"Jared Goff","QB","DET",9,256,35.1,27.7,212,305,-49.2,-67.2,-38.1,616,561,450,29,"10",31,241,3.47,44,5
"Boston Scott","RB","PHI",14,77.7,23.2,0.873,48.5,113,-49.2,-52.3,-46.4,615,508,516,65,"12",31,201,1.2,67,3
"Rhamondre Stevenson","RB","NE",14,76.8,25.5,1.47,52.4,114,-50,-48.3,-46.1,620,490,511,66,"12",28,131,1.99,81,0
"Tony Jones","RB","NO",6,75.3,30.2,3.45,42.6,116,-51.5,-58.1,-44.1,629,529,499,67,"12",NA,152,NA,93,1
"Dan Arnold","TE","CAR",13,69.5,21.3,0.213,46.1,94.9,-51.7,-59,-47,633,533,519,35,"10",56,247,NA,77,4
"Mo Alie-Cox","TE","IND",14,69.3,12.1,0.791,54.7,87.1,-51.9,-50.4,-54.8,636,502,563,36,"10",32,NA,NA,63,5
"Gabriel Davis","WR","BUF",7,115,43.7,0.629,59.4,184,-54.9,-84,-15.8,655,611,226,69,"9",27,155,NA,96,1
"Gabriel Davis","WR","BUF",7,115,43.7,0.629,59.4,184,-54.9,-84,-15.8,655,611,226,69,"9",27,155,NA,96,1
"LeVeon Bell","RB","FA",NA,71.9,31,2.49,29.1,106,-55,-71.7,-53.4,656,571,554,68,"12",33,NA,2.44,97,8
"A.J. Green","WR","ARI",12,114,7.74,1.69,105,123,-55.5,-38.4,-76.5,657,451,619,70,"9",37,162,1.15,25,10
"Randall Cobb","WR","GB",13,112,34.7,1.07,59.5,159,-57.2,-84,-40.9,669,610,465,71,"9",35,165,1.42,92,10
"Jordan Howard","RB","PHI",14,69.4,NA,0.251,NA,NA,-57.4,NA,NA,671,NA,NA,69,"12",31,NA,NA,94,5
"Tarik Cohen","RB","CHI",10,69.1,21.6,5.37,40,96.1,-57.7,-60.7,-63.7,674,540,584,70,"12",30,166,1.75,86,4
"Dez Fitzpatrick","WR","TEN",13,111,NA,2.24,NA,NA,-58.3,NA,NA,678,NA,NA,72,"9",56,NA,NA,99,0
"Carlos Hyde","RB","JAC",7,63.8,9.09,0.041,48,73,-63.1,-52.7,-86.8,706,510,644,71,"12",34,206,1.33,19,7
"Darrynton Evans","RB","TEN",13,63.7,23.6,3.25,33.5,97.4,-63.1,-67.2,-62.4,707,560,582,72,"12",56,168,NA,73,1
"Cody Parkey","K","FA",NA,76.1,1.41,8.08,75,77,-65.4,-55.5,-79.8,734,518,631,27,"7",34,NA,NA,60,7
"Randy Bullock","K","DET",9,68,0,7,68,68,-73.5,-62.6,-88.8,778,547,649,28,"8",36,NA,NA,57,9
"Teddy Bridgewater","QB","DEN",11,229,86.4,27.1,74.9,294,-76.9,-204,-49.5,791,807,535,30,"11",33,178,1.96,81,7
"Justin Rohrwasser","K","FA",NA,61,NA,12.9,NA,NA,-80.5,NA,NA,815,NA,NA,29,"9",56,NA,NA,NA,1
"Aldrick Rosas","K","NO",6,48.1,39.3,7.65,24.8,114,-93.3,-106,-42.4,897,728,478,30,"10",31,NA,NA,97,5
"Mike Badgley","K","LAC",7,40.5,62.2,4.47,0.903,86.4,-101,-130,-70.4,951,762,600,31,"10",56,NA,NA,99,3
"Trey Lance","QB","SF",6,202,103,14.6,53.1,317,-104,-226,-26.6,960,808,327,31,"12",26,137,4.4,97,0
"Stephen Gostkowski","K","FA",NA,36,NA,4,NA,NA,-105,NA,NA,970,NA,NA,32,"10",42,NA,NA,83,15
"Tyrod Taylor","QB","HOU",10,187,98,21.2,27.9,307,-119,-251,-35.8,1040,810,425,32,"13",36,249,1.9,89,10
"Deshaun Watson","QB","HOU",10,166,137,31.2,20.6,375,-140,-259,32.2,1100,812,56,33,"14",30,161,1.52,99,4
"Jimmy Garoppolo","QB","SF",6,135,100,21.3,13.5,282,-171,-266,-61,1180,814,577,34,"15",34,NA,3.2,86,7
"Andy Dalton","QB","CHI",10,113,120,9.65,9.5,289,-192,-270,-54.5,1180,821,560,35,"16",38,NA,1.67,92,10
"Taysom Hill","QB","NO",6,104,62,1.64,22,198,-202,-257,-145,1190,811,762,36,"16",35,NA,1.14,50,4
