season,team,win_total_line,price_over,price_under,book,market_source,as_of_date,source,source_url,retrieved_at,raw_team_name,point_in_time_status
2014,ARI,7.5,-175,155,,Covers Sports Odds History,2014-09-01,covers_sportsoddshistory_nfl_win,https://www.covers.com/sportsoddshistory/nfl-win/?sa=nfl&t=win&y=2014,2026-08-03T02:32:28.828585+00:00,Arizona Cardinals,strictly_before_week1
2014,ATL,8.5,150,-170,,Covers Sports Odds History,2014-09-01,covers_sportsoddshistory_nfl_win,https://www.covers.com/sportsoddshistory/nfl-win/?sa=nfl&t=win&y=2014,2026-08-03T02:32:28.828585+00:00,Atlanta Falcons,strictly_before_week1
2014,BAL,8.5,-120,100,,Covers Sports Odds History,2014-09-01,covers_sportsoddshistory_nfl_win,https://www.covers.com/sportsoddshistory/nfl-win/?sa=nfl&t=win&y=2014,2026-08-03T02:32:28.828585+00:00,Baltimore Ravens,strictly_before_week1
2014,BUF,6.5,-145,125,,Covers Sports Odds History,2014-09-01,covers_sportsoddshistory_nfl_win,https://www.covers.com/sportsoddshistory/nfl-win/?sa=nfl&t=win&y=2014,2026-08-03T02:32:28.828585+00:00,Buffalo Bills,strictly_before_week1
2014,CAR,8.0,145,-165,,Covers Sports Odds History,2014-09-01,covers_sportsoddshistory_nfl_win,https://www.covers.com/sportsoddshistory/nfl-win/?sa=nfl&t=win&y=2014,2026-08-03T02:32:28.828585+00:00,Carolina Panthers,strictly_before_week1
2014,CHI,8.5,-150,130,,Covers Sports Odds History,2014-09-01,covers_sportsoddshistory_nfl_win,https://www.covers.com/sportsoddshistory/nfl-win/?sa=nfl&t=win&y=2014,2026-08-03T02:32:28.828585+00:00,Chicago Bears,strictly_before_week1
2014,CIN,9.0,-110,-110,,Covers Sports Odds History,2014-09-01,covers_sportsoddshistory_nfl_win,https://www.covers.com/sportsoddshistory/nfl-win/?sa=nfl&t=win&y=2014,2026-08-03T02:32:28.828585+00:00,Cincinnati Bengals,strictly_before_week1
2014,CLE,6.5,110,-130,,Covers Sports Odds History,2014-09-01,covers_sportsoddshistory_nfl_win,https://www.covers.com/sportsoddshistory/nfl-win/?sa=nfl&t=win&y=2014,2026-08-03T02:32:28.828585+00:00,Cleveland Browns,strictly_before_week1
2014,DAL,8.0,230,-270,,Covers Sports Odds History,2014-09-01,covers_sportsoddshistory_nfl_win,https://www.covers.com/sportsoddshistory/nfl-win/?sa=nfl&t=win&y=2014,2026-08-03T02:32:28.828585+00:00,Dallas Cowboys,strictly_before_week1
2014,DEN,11.5,100,-120,,Covers Sports Odds History,2014-09-01,covers_sportsoddshistory_nfl_win,https://www.covers.com/sportsoddshistory/nfl-win/?sa=nfl&t=win&y=2014,2026-08-03T02:32:28.828585+00:00,Denver Broncos,strictly_before_week1
2014,DET,8.5,110,-130,,Covers Sports Odds History,2014-09-01,covers_sportsoddshistory_nfl_win,https://www.covers.com/sportsoddshistory/nfl-win/?sa=nfl&t=win&y=2014,2026-08-03T02:32:28.828585+00:00,Detroit Lions,strictly_before_week1
2014,GB,10.5,115,-135,,Covers Sports Odds History,2014-09-01,covers_sportsoddshistory_nfl_win,https://www.covers.com/sportsoddshistory/nfl-win/?sa=nfl&t=win&y=2014,2026-08-03T02:32:28.828585+00:00,Green Bay Packers,strictly_before_week1
2014,HOU,7.5,-175,155,,Covers Sports Odds History,2014-09-01,covers_sportsoddshistory_nfl_win,https://www.covers.com/sportsoddshistory/nfl-win/?sa=nfl&t=win&y=2014,2026-08-03T02:32:28.828585+00:00,Houston Texans,strictly_before_week1
2014,IND,9.5,110,-130,,Covers Sports Odds History,2014-09-01,covers_sportsoddshistory_nfl_win,https://www.covers.com/sportsoddshistory/nfl-win/?sa=nfl&t=win&y=2014,2026-08-03T02:32:28.828585+00:00,Indianapolis Colts,strictly_before_week1
2014,JAX,5.0,-150,130,,Covers Sports Odds History,2014-09-01,covers_sportsoddshistory_nfl_win,https://www.covers.com/sportsoddshistory/nfl-win/?sa=nfl&t=win&y=2014,2026-08-03T02:32:28.828585+00:00,Jacksonville Jaguars,strictly_before_week1
2014,KC,8.0,160,-180,,Covers Sports Odds History,2014-09-01,covers_sportsoddshistory_nfl_win,https://www.covers.com/sportsoddshistory/nfl-win/?sa=nfl&t=win&y=2014,2026-08-03T02:32:28.828585+00:00,Kansas City Chiefs,strictly_before_week1
2014,LA,7.0,120,-140,,Covers Sports Odds History,2014-09-01,covers_sportsoddshistory_nfl_win,https://www.covers.com/sportsoddshistory/nfl-win/?sa=nfl&t=win&y=2014,2026-08-03T02:32:28.828585+00:00,St Louis Rams,strictly_before_week1
2014,LAC,8.0,-135,115,,Covers Sports Odds History,2014-09-01,covers_sportsoddshistory_nfl_win,https://www.covers.com/sportsoddshistory/nfl-win/?sa=nfl&t=win&y=2014,2026-08-03T02:32:28.828585+00:00,San Diego Chargers,strictly_before_week1
2014,LV,5.0,-130,110,,Covers Sports Odds History,2014-09-01,covers_sportsoddshistory_nfl_win,https://www.covers.com/sportsoddshistory/nfl-win/?sa=nfl&t=win&y=2014,2026-08-03T02:32:28.828585+00:00,Oakland Raiders,strictly_before_week1
2014,MIA,8.0,150,-170,,Covers Sports Odds History,2014-09-01,covers_sportsoddshistory_nfl_win,https://www.covers.com/sportsoddshistory/nfl-win/?sa=nfl&t=win&y=2014,2026-08-03T02:32:28.828585+00:00,Miami Dolphins,strictly_before_week1
2014,MIN,6.0,-175,155,,Covers Sports Odds History,2014-09-01,covers_sportsoddshistory_nfl_win,https://www.covers.com/sportsoddshistory/nfl-win/?sa=nfl&t=win&y=2014,2026-08-03T02:32:28.828585+00:00,Minnesota Vikings,strictly_before_week1
2014,NE,10.5,-180,160,,Covers Sports Odds History,2014-09-01,covers_sportsoddshistory_nfl_win,https://www.covers.com/sportsoddshistory/nfl-win/?sa=nfl&t=win&y=2014,2026-08-03T02:32:28.828585+00:00,New England Patriots,strictly_before_week1
2014,NO,10.0,-160,140,,Covers Sports Odds History,2014-09-01,covers_sportsoddshistory_nfl_win,https://www.covers.com/sportsoddshistory/nfl-win/?sa=nfl&t=win&y=2014,2026-08-03T02:32:28.828585+00:00,New Orleans Saints,strictly_before_week1
2014,NYG,8.0,130,-150,,Covers Sports Odds History,2014-09-01,covers_sportsoddshistory_nfl_win,https://www.covers.com/sportsoddshistory/nfl-win/?sa=nfl&t=win&y=2014,2026-08-03T02:32:28.828585+00:00,New York Giants,strictly_before_week1
2014,NYJ,7.0,-125,105,,Covers Sports Odds History,2014-09-01,covers_sportsoddshistory_nfl_win,https://www.covers.com/sportsoddshistory/nfl-win/?sa=nfl&t=win&y=2014,2026-08-03T02:32:28.828585+00:00,New York Jets,strictly_before_week1
2014,PHI,9.0,-150,130,,Covers Sports Odds History,2014-09-01,covers_sportsoddshistory_nfl_win,https://www.covers.com/sportsoddshistory/nfl-win/?sa=nfl&t=win&y=2014,2026-08-03T02:32:28.828585+00:00,Philadelphia Eagles,strictly_before_week1
2014,PIT,8.5,-140,120,,Covers Sports Odds History,2014-09-01,covers_sportsoddshistory_nfl_win,https://www.covers.com/sportsoddshistory/nfl-win/?sa=nfl&t=win&y=2014,2026-08-03T02:32:28.828585+00:00,Pittsburgh Steelers,strictly_before_week1
2014,SEA,11.0,-110,-110,,Covers Sports Odds History,2014-09-01,covers_sportsoddshistory_nfl_win,https://www.covers.com/sportsoddshistory/nfl-win/?sa=nfl&t=win&y=2014,2026-08-03T02:32:28.828585+00:00,Seattle Seahawks,strictly_before_week1
2014,SF,10.5,145,-165,,Covers Sports Odds History,2014-09-01,covers_sportsoddshistory_nfl_win,https://www.covers.com/sportsoddshistory/nfl-win/?sa=nfl&t=win&y=2014,2026-08-03T02:32:28.828585+00:00,San Francisco 49ers,strictly_before_week1
2014,TB,7.0,-120,100,,Covers Sports Odds History,2014-09-01,covers_sportsoddshistory_nfl_win,https://www.covers.com/sportsoddshistory/nfl-win/?sa=nfl&t=win&y=2014,2026-08-03T02:32:28.828585+00:00,Tampa Bay Buccaneers,strictly_before_week1
2014,TEN,7.0,-140,120,,Covers Sports Odds History,2014-09-01,covers_sportsoddshistory_nfl_win,https://www.covers.com/sportsoddshistory/nfl-win/?sa=nfl&t=win&y=2014,2026-08-03T02:32:28.828585+00:00,Tennessee Titans,strictly_before_week1
2014,WAS,7.5,-120,100,,Covers Sports Odds History,2014-09-01,covers_sportsoddshistory_nfl_win,https://www.covers.com/sportsoddshistory/nfl-win/?sa=nfl&t=win&y=2014,2026-08-03T02:32:28.828585+00:00,Washington Redskins,strictly_before_week1
2015,ARI,8.5,120,-140,,Covers Sports Odds History,2015-09-07,covers_sportsoddshistory_nfl_win,https://www.covers.com/sportsoddshistory/nfl-win/?sa=nfl&t=win&y=2015,2026-08-03T02:32:32.624209+00:00,Arizona Cardinals,strictly_before_week1
2015,ATL,8.5,-110,-110,,Covers Sports Odds History,2015-09-07,covers_sportsoddshistory_nfl_win,https://www.covers.com/sportsoddshistory/nfl-win/?sa=nfl&t=win&y=2015,2026-08-03T02:32:32.624209+00:00,Atlanta Falcons,strictly_before_week1
2015,BAL,9.0,-140,120,,Covers Sports Odds History,2015-09-07,covers_sportsoddshistory_nfl_win,https://www.covers.com/sportsoddshistory/nfl-win/?sa=nfl&t=win&y=2015,2026-08-03T02:32:32.624209+00:00,Baltimore Ravens,strictly_before_week1
2015,BUF,8.5,130,-150,,Covers Sports Odds History,2015-09-07,covers_sportsoddshistory_nfl_win,https://www.covers.com/sportsoddshistory/nfl-win/?sa=nfl&t=win&y=2015,2026-08-03T02:32:32.624209+00:00,Buffalo Bills,strictly_before_week1
2015,CAR,8.5,150,-170,,Covers Sports Odds History,2015-09-07,covers_sportsoddshistory_nfl_win,https://www.covers.com/sportsoddshistory/nfl-win/?sa=nfl&t=win&y=2015,2026-08-03T02:32:32.624209+00:00,Carolina Panthers,strictly_before_week1
2015,CHI,6.5,100,-120,,Covers Sports Odds History,2015-09-07,covers_sportsoddshistory_nfl_win,https://www.covers.com/sportsoddshistory/nfl-win/?sa=nfl&t=win&y=2015,2026-08-03T02:32:32.624209+00:00,Chicago Bears,strictly_before_week1
2015,CIN,8.5,100,-120,,Covers Sports Odds History,2015-09-07,covers_sportsoddshistory_nfl_win,https://www.covers.com/sportsoddshistory/nfl-win/?sa=nfl&t=win&y=2015,2026-08-03T02:32:32.624209+00:00,Cincinnati Bengals,strictly_before_week1
2015,CLE,6.5,155,-175,,Covers Sports Odds History,2015-09-07,covers_sportsoddshistory_nfl_win,https://www.covers.com/sportsoddshistory/nfl-win/?sa=nfl&t=win&y=2015,2026-08-03T02:32:32.624209+00:00,Cleveland Browns,strictly_before_week1
2015,DAL,9.5,110,-130,,Covers Sports Odds History,2015-09-07,covers_sportsoddshistory_nfl_win,https://www.covers.com/sportsoddshistory/nfl-win/?sa=nfl&t=win&y=2015,2026-08-03T02:32:32.624209+00:00,Dallas Cowboys,strictly_before_week1
2015,DEN,10.0,-140,120,,Covers Sports Odds History,2015-09-07,covers_sportsoddshistory_nfl_win,https://www.covers.com/sportsoddshistory/nfl-win/?sa=nfl&t=win&y=2015,2026-08-03T02:32:32.624209+00:00,Denver Broncos,strictly_before_week1
2015,DET,8.5,130,-150,,Covers Sports Odds History,2015-09-07,covers_sportsoddshistory_nfl_win,https://www.covers.com/sportsoddshistory/nfl-win/?sa=nfl&t=win&y=2015,2026-08-03T02:32:32.624209+00:00,Detroit Lions,strictly_before_week1
2015,GB,11.0,140,-160,,Covers Sports Odds History,2015-09-07,covers_sportsoddshistory_nfl_win,https://www.covers.com/sportsoddshistory/nfl-win/?sa=nfl&t=win&y=2015,2026-08-03T02:32:32.624209+00:00,Green Bay Packers,strictly_before_week1
2015,HOU,8.5,100,-120,,Covers Sports Odds History,2015-09-07,covers_sportsoddshistory_nfl_win,https://www.covers.com/sportsoddshistory/nfl-win/?sa=nfl&t=win&y=2015,2026-08-03T02:32:32.624209+00:00,Houston Texans,strictly_before_week1
2015,IND,10.5,-160,140,,Covers Sports Odds History,2015-09-07,covers_sportsoddshistory_nfl_win,https://www.covers.com/sportsoddshistory/nfl-win/?sa=nfl&t=win&y=2015,2026-08-03T02:32:32.624209+00:00,Indianapolis Colts,strictly_before_week1
2015,JAX,5.5,-120,100,,Covers Sports Odds History,2015-09-07,covers_sportsoddshistory_nfl_win,https://www.covers.com/sportsoddshistory/nfl-win/?sa=nfl&t=win&y=2015,2026-08-03T02:32:32.624209+00:00,Jacksonville Jaguars,strictly_before_week1
2015,KC,8.5,-150,130,,Covers Sports Odds History,2015-09-07,covers_sportsoddshistory_nfl_win,https://www.covers.com/sportsoddshistory/nfl-win/?sa=nfl&t=win&y=2015,2026-08-03T02:32:32.624209+00:00,Kansas City Chiefs,strictly_before_week1
2015,LA,7.5,-110,-110,,Covers Sports Odds History,2015-09-07,covers_sportsoddshistory_nfl_win,https://www.covers.com/sportsoddshistory/nfl-win/?sa=nfl&t=win&y=2015,2026-08-03T02:32:32.624209+00:00,St Louis Rams,strictly_before_week1
2015,LAC,8.0,-160,140,,Covers Sports Odds History,2015-09-07,covers_sportsoddshistory_nfl_win,https://www.covers.com/sportsoddshistory/nfl-win/?sa=nfl&t=win&y=2015,2026-08-03T02:32:32.624209+00:00,San Diego Chargers,strictly_before_week1
2015,LV,5.5,-160,140,,Covers Sports Odds History,2015-09-07,covers_sportsoddshistory_nfl_win,https://www.covers.com/sportsoddshistory/nfl-win/?sa=nfl&t=win&y=2015,2026-08-03T02:32:32.624209+00:00,Oakland Raiders,strictly_before_week1
2015,MIA,9.0,-160,140,,Covers Sports Odds History,2015-09-07,covers_sportsoddshistory_nfl_win,https://www.covers.com/sportsoddshistory/nfl-win/?sa=nfl&t=win&y=2015,2026-08-03T02:32:32.624209+00:00,Miami Dolphins,strictly_before_week1
2015,MIN,8.0,-150,130,,Covers Sports Odds History,2015-09-07,covers_sportsoddshistory_nfl_win,https://www.covers.com/sportsoddshistory/nfl-win/?sa=nfl&t=win&y=2015,2026-08-03T02:32:32.624209+00:00,Minnesota Vikings,strictly_before_week1
2015,NE,10.5,-130,110,,Covers Sports Odds History,2015-09-07,covers_sportsoddshistory_nfl_win,https://www.covers.com/sportsoddshistory/nfl-win/?sa=nfl&t=win&y=2015,2026-08-03T02:32:32.624209+00:00,New England Patriots,strictly_before_week1
2015,NO,8.5,-130,110,,Covers Sports Odds History,2015-09-07,covers_sportsoddshistory_nfl_win,https://www.covers.com/sportsoddshistory/nfl-win/?sa=nfl&t=win&y=2015,2026-08-03T02:32:32.624209+00:00,New Orleans Saints,strictly_before_week1
2015,NYG,8.0,150,-170,,Covers Sports Odds History,2015-09-07,covers_sportsoddshistory_nfl_win,https://www.covers.com/sportsoddshistory/nfl-win/?sa=nfl&t=win&y=2015,2026-08-03T02:32:32.624209+00:00,New York Giants,strictly_before_week1
2015,NYJ,7.5,110,-130,,Covers Sports Odds History,2015-09-07,covers_sportsoddshistory_nfl_win,https://www.covers.com/sportsoddshistory/nfl-win/?sa=nfl&t=win&y=2015,2026-08-03T02:32:32.624209+00:00,New York Jets,strictly_before_week1
2015,PHI,10.0,-130,110,,Covers Sports Odds History,2015-09-07,covers_sportsoddshistory_nfl_win,https://www.covers.com/sportsoddshistory/nfl-win/?sa=nfl&t=win&y=2015,2026-08-03T02:32:32.624209+00:00,Philadelphia Eagles,strictly_before_week1
2015,PIT,8.5,-110,-110,,Covers Sports Odds History,2015-09-07,covers_sportsoddshistory_nfl_win,https://www.covers.com/sportsoddshistory/nfl-win/?sa=nfl&t=win&y=2015,2026-08-03T02:32:32.624209+00:00,Pittsburgh Steelers,strictly_before_week1
2015,SEA,11.0,-120,100,,Covers Sports Odds History,2015-09-07,covers_sportsoddshistory_nfl_win,https://www.covers.com/sportsoddshistory/nfl-win/?sa=nfl&t=win&y=2015,2026-08-03T02:32:32.624209+00:00,Seattle Seahawks,strictly_before_week1
2015,SF,6.5,155,-175,,Covers Sports Odds History,2015-09-07,covers_sportsoddshistory_nfl_win,https://www.covers.com/sportsoddshistory/nfl-win/?sa=nfl&t=win&y=2015,2026-08-03T02:32:32.624209+00:00,San Francisco 49ers,strictly_before_week1
2015,TB,6.0,-150,130,,Covers Sports Odds History,2015-09-07,covers_sportsoddshistory_nfl_win,https://www.covers.com/sportsoddshistory/nfl-win/?sa=nfl&t=win&y=2015,2026-08-03T02:32:32.624209+00:00,Tampa Bay Buccaneers,strictly_before_week1
2015,TEN,5.5,-200,180,,Covers Sports Odds History,2015-09-07,covers_sportsoddshistory_nfl_win,https://www.covers.com/sportsoddshistory/nfl-win/?sa=nfl&t=win&y=2015,2026-08-03T02:32:32.624209+00:00,Tennessee Titans,strictly_before_week1
2015,WAS,6.0,-130,110,,Covers Sports Odds History,2015-09-07,covers_sportsoddshistory_nfl_win,https://www.covers.com/sportsoddshistory/nfl-win/?sa=nfl&t=win&y=2015,2026-08-03T02:32:32.624209+00:00,Washington Redskins,strictly_before_week1
2016,ARI,10.0,-170,150,,Covers Sports Odds History,2016-09-05,covers_sportsoddshistory_nfl_win,https://www.covers.com/sportsoddshistory/nfl-win/?sa=nfl&t=win&y=2016,2026-08-03T02:32:36.497679+00:00,Arizona Cardinals,strictly_before_week1
2016,ATL,7.0,-130,110,,Covers Sports Odds History,2016-09-05,covers_sportsoddshistory_nfl_win,https://www.covers.com/sportsoddshistory/nfl-win/?sa=nfl&t=win&y=2016,2026-08-03T02:32:36.497679+00:00,Atlanta Falcons,strictly_before_week1
2016,BAL,8.5,-110,-110,,Covers Sports Odds History,2016-09-05,covers_sportsoddshistory_nfl_win,https://www.covers.com/sportsoddshistory/nfl-win/?sa=nfl&t=win&y=2016,2026-08-03T02:32:36.497679+00:00,Baltimore Ravens,strictly_before_week1
2016,BUF,8.0,130,-150,,Covers Sports Odds History,2016-09-05,covers_sportsoddshistory_nfl_win,https://www.covers.com/sportsoddshistory/nfl-win/?sa=nfl&t=win&y=2016,2026-08-03T02:32:36.497679+00:00,Buffalo Bills,strictly_before_week1
2016,CAR,10.5,120,-140,,Covers Sports Odds History,2016-09-05,covers_sportsoddshistory_nfl_win,https://www.covers.com/sportsoddshistory/nfl-win/?sa=nfl&t=win&y=2016,2026-08-03T02:32:36.497679+00:00,Carolina Panthers,strictly_before_week1
2016,CHI,7.5,145,-165,,Covers Sports Odds History,2016-09-05,covers_sportsoddshistory_nfl_win,https://www.covers.com/sportsoddshistory/nfl-win/?sa=nfl&t=win&y=2016,2026-08-03T02:32:36.497679+00:00,Chicago Bears,strictly_before_week1
2016,CIN,9.5,100,-120,,Covers Sports Odds History,2016-09-05,covers_sportsoddshistory_nfl_win,https://www.covers.com/sportsoddshistory/nfl-win/?sa=nfl&t=win&y=2016,2026-08-03T02:32:36.497679+00:00,Cincinnati Bengals,strictly_before_week1
2016,CLE,4.5,-150,130,,Covers Sports Odds History,2016-09-05,covers_sportsoddshistory_nfl_win,https://www.covers.com/sportsoddshistory/nfl-win/?sa=nfl&t=win&y=2016,2026-08-03T02:32:36.497679+00:00,Cleveland Browns,strictly_before_week1
2016,DAL,8.5,110,-130,,Covers Sports Odds History,2016-09-05,covers_sportsoddshistory_nfl_win,https://www.covers.com/sportsoddshistory/nfl-win/?sa=nfl&t=win&y=2016,2026-08-03T02:32:36.497679+00:00,Dallas Cowboys,strictly_before_week1
2016,DEN,9.5,130,-150,,Covers Sports Odds History,2016-09-05,covers_sportsoddshistory_nfl_win,https://www.covers.com/sportsoddshistory/nfl-win/?sa=nfl&t=win&y=2016,2026-08-03T02:32:36.497679+00:00,Denver Broncos,strictly_before_week1
2016,DET,7.0,-150,130,,Covers Sports Odds History,2016-09-05,covers_sportsoddshistory_nfl_win,https://www.covers.com/sportsoddshistory/nfl-win/?sa=nfl&t=win&y=2016,2026-08-03T02:32:36.497679+00:00,Detroit Lions,strictly_before_week1
2016,GB,10.5,-170,150,,Covers Sports Odds History,2016-09-05,covers_sportsoddshistory_nfl_win,https://www.covers.com/sportsoddshistory/nfl-win/?sa=nfl&t=win&y=2016,2026-08-03T02:32:36.497679+00:00,Green Bay Packers,strictly_before_week1
2016,HOU,8.5,-120,100,,Covers Sports Odds History,2016-09-05,covers_sportsoddshistory_nfl_win,https://www.covers.com/sportsoddshistory/nfl-win/?sa=nfl&t=win&y=2016,2026-08-03T02:32:36.497679+00:00,Houston Texans,strictly_before_week1
2016,IND,9.0,120,-140,,Covers Sports Odds History,2016-09-05,covers_sportsoddshistory_nfl_win,https://www.covers.com/sportsoddshistory/nfl-win/?sa=nfl&t=win&y=2016,2026-08-03T02:32:36.497679+00:00,Indianapolis Colts,strictly_before_week1
2016,JAX,7.5,-125,105,,Covers Sports Odds History,2016-09-05,covers_sportsoddshistory_nfl_win,https://www.covers.com/sportsoddshistory/nfl-win/?sa=nfl&t=win&y=2016,2026-08-03T02:32:36.497679+00:00,Jacksonville Jaguars,strictly_before_week1
2016,KC,9.5,-140,120,,Covers Sports Odds History,2016-09-05,covers_sportsoddshistory_nfl_win,https://www.covers.com/sportsoddshistory/nfl-win/?sa=nfl&t=win&y=2016,2026-08-03T02:32:36.497679+00:00,Kansas City Chiefs,strictly_before_week1
2016,LA,7.5,175,-200,,Covers Sports Odds History,2016-09-05,covers_sportsoddshistory_nfl_win,https://www.covers.com/sportsoddshistory/nfl-win/?sa=nfl&t=win&y=2016,2026-08-03T02:32:36.497679+00:00,Los Angeles Rams,strictly_before_week1
2016,LAC,7.0,-185,165,,Covers Sports Odds History,2016-09-05,covers_sportsoddshistory_nfl_win,https://www.covers.com/sportsoddshistory/nfl-win/?sa=nfl&t=win&y=2016,2026-08-03T02:32:36.497679+00:00,San Diego Chargers,strictly_before_week1
2016,LV,8.5,-110,-110,,Covers Sports Odds History,2016-09-05,covers_sportsoddshistory_nfl_win,https://www.covers.com/sportsoddshistory/nfl-win/?sa=nfl&t=win&y=2016,2026-08-03T02:32:36.497679+00:00,Oakland Raiders,strictly_before_week1
2016,MIA,7.0,120,-140,,Covers Sports Odds History,2016-09-05,covers_sportsoddshistory_nfl_win,https://www.covers.com/sportsoddshistory/nfl-win/?sa=nfl&t=win&y=2016,2026-08-03T02:32:36.497679+00:00,Miami Dolphins,strictly_before_week1
2016,MIN,8.5,115,-135,,Covers Sports Odds History,2016-09-05,covers_sportsoddshistory_nfl_win,https://www.covers.com/sportsoddshistory/nfl-win/?sa=nfl&t=win&y=2016,2026-08-03T02:32:36.497679+00:00,Minnesota Vikings,strictly_before_week1
2016,NE,10.5,-120,100,,Covers Sports Odds History,2016-09-05,covers_sportsoddshistory_nfl_win,https://www.covers.com/sportsoddshistory/nfl-win/?sa=nfl&t=win&y=2016,2026-08-03T02:32:36.497679+00:00,New England Patriots,strictly_before_week1
2016,NO,7.0,-140,120,,Covers Sports Odds History,2016-09-05,covers_sportsoddshistory_nfl_win,https://www.covers.com/sportsoddshistory/nfl-win/?sa=nfl&t=win&y=2016,2026-08-03T02:32:36.497679+00:00,New Orleans Saints,strictly_before_week1
2016,NYG,8.5,100,-120,,Covers Sports Odds History,2016-09-05,covers_sportsoddshistory_nfl_win,https://www.covers.com/sportsoddshistory/nfl-win/?sa=nfl&t=win&y=2016,2026-08-03T02:32:36.497679+00:00,New York Giants,strictly_before_week1
2016,NYJ,8.0,150,-170,,Covers Sports Odds History,2016-09-05,covers_sportsoddshistory_nfl_win,https://www.covers.com/sportsoddshistory/nfl-win/?sa=nfl&t=win&y=2016,2026-08-03T02:32:36.497679+00:00,New York Jets,strictly_before_week1
2016,PHI,6.5,130,-150,,Covers Sports Odds History,2016-09-05,covers_sportsoddshistory_nfl_win,https://www.covers.com/sportsoddshistory/nfl-win/?sa=nfl&t=win&y=2016,2026-08-03T02:32:36.497679+00:00,Philadelphia Eagles,strictly_before_week1
2016,PIT,10.5,110,-130,,Covers Sports Odds History,2016-09-05,covers_sportsoddshistory_nfl_win,https://www.covers.com/sportsoddshistory/nfl-win/?sa=nfl&t=win&y=2016,2026-08-03T02:32:36.497679+00:00,Pittsburgh Steelers,strictly_before_week1
2016,SEA,10.5,-145,125,,Covers Sports Odds History,2016-09-05,covers_sportsoddshistory_nfl_win,https://www.covers.com/sportsoddshistory/nfl-win/?sa=nfl&t=win&y=2016,2026-08-03T02:32:36.497679+00:00,Seattle Seahawks,strictly_before_week1
2016,SF,5.5,110,-130,,Covers Sports Odds History,2016-09-05,covers_sportsoddshistory_nfl_win,https://www.covers.com/sportsoddshistory/nfl-win/?sa=nfl&t=win&y=2016,2026-08-03T02:32:36.497679+00:00,San Francisco 49ers,strictly_before_week1
2016,TB,7.0,-140,120,,Covers Sports Odds History,2016-09-05,covers_sportsoddshistory_nfl_win,https://www.covers.com/sportsoddshistory/nfl-win/?sa=nfl&t=win&y=2016,2026-08-03T02:32:36.497679+00:00,Tampa Bay Buccaneers,strictly_before_week1
2016,TEN,6.0,-150,130,,Covers Sports Odds History,2016-09-05,covers_sportsoddshistory_nfl_win,https://www.covers.com/sportsoddshistory/nfl-win/?sa=nfl&t=win&y=2016,2026-08-03T02:32:36.497679+00:00,Tennessee Titans,strictly_before_week1
2016,WAS,7.5,-120,100,,Covers Sports Odds History,2016-09-05,covers_sportsoddshistory_nfl_win,https://www.covers.com/sportsoddshistory/nfl-win/?sa=nfl&t=win&y=2016,2026-08-03T02:32:36.497679+00:00,Washington Redskins,strictly_before_week1
2017,ARI,8.5,-160,140,,Covers Sports Odds History,2017-09-04,covers_sportsoddshistory_nfl_win,https://www.covers.com/sportsoddshistory/nfl-win/?sa=nfl&t=win&y=2017,2026-08-03T02:32:40.219515+00:00,Arizona Cardinals,strictly_before_week1
2017,ATL,9.5,-110,-110,,Covers Sports Odds History,2017-09-04,covers_sportsoddshistory_nfl_win,https://www.covers.com/sportsoddshistory/nfl-win/?sa=nfl&t=win&y=2017,2026-08-03T02:32:40.219515+00:00,Atlanta Falcons,strictly_before_week1
2017,BAL,8.5,130,-150,,Covers Sports Odds History,2017-09-04,covers_sportsoddshistory_nfl_win,https://www.covers.com/sportsoddshistory/nfl-win/?sa=nfl&t=win&y=2017,2026-08-03T02:32:40.219515+00:00,Baltimore Ravens,strictly_before_week1
2017,BUF,6.5,130,-150,,Covers Sports Odds History,2017-09-04,covers_sportsoddshistory_nfl_win,https://www.covers.com/sportsoddshistory/nfl-win/?sa=nfl&t=win&y=2017,2026-08-03T02:32:40.219515+00:00,Buffalo Bills,strictly_before_week1
2017,CAR,9.0,-120,100,,Covers Sports Odds History,2017-09-04,covers_sportsoddshistory_nfl_win,https://www.covers.com/sportsoddshistory/nfl-win/?sa=nfl&t=win&y=2017,2026-08-03T02:32:40.219515+00:00,Carolina Panthers,strictly_before_week1
2017,CHI,5.5,105,-125,,Covers Sports Odds History,2017-09-04,covers_sportsoddshistory_nfl_win,https://www.covers.com/sportsoddshistory/nfl-win/?sa=nfl&t=win&y=2017,2026-08-03T02:32:40.219515+00:00,Chicago Bears,strictly_before_week1
2017,CIN,8.5,120,-140,,Covers Sports Odds History,2017-09-04,covers_sportsoddshistory_nfl_win,https://www.covers.com/sportsoddshistory/nfl-win/?sa=nfl&t=win&y=2017,2026-08-03T02:32:40.219515+00:00,Cincinnati Bengals,strictly_before_week1
2017,CLE,4.5,-180,150,,Covers Sports Odds History,2017-09-04,covers_sportsoddshistory_nfl_win,https://www.covers.com/sportsoddshistory/nfl-win/?sa=nfl&t=win&y=2017,2026-08-03T02:32:40.219515+00:00,Cleveland Browns,strictly_before_week1
2017,DAL,9.5,120,-140,,Covers Sports Odds History,2017-09-04,covers_sportsoddshistory_nfl_win,https://www.covers.com/sportsoddshistory/nfl-win/?sa=nfl&t=win&y=2017,2026-08-03T02:32:40.219515+00:00,Dallas Cowboys,strictly_before_week1
2017,DEN,8.0,100,-120,,Covers Sports Odds History,2017-09-04,covers_sportsoddshistory_nfl_win,https://www.covers.com/sportsoddshistory/nfl-win/?sa=nfl&t=win&y=2017,2026-08-03T02:32:40.219515+00:00,Denver Broncos,strictly_before_week1
2017,DET,7.5,120,-140,,Covers Sports Odds History,2017-09-04,covers_sportsoddshistory_nfl_win,https://www.covers.com/sportsoddshistory/nfl-win/?sa=nfl&t=win&y=2017,2026-08-03T02:32:40.219515+00:00,Detroit Lions,strictly_before_week1
2017,GB,10.5,120,-140,,Covers Sports Odds History,2017-09-04,covers_sportsoddshistory_nfl_win,https://www.covers.com/sportsoddshistory/nfl-win/?sa=nfl&t=win&y=2017,2026-08-03T02:32:40.219515+00:00,Green Bay Packers,strictly_before_week1
2017,HOU,8.5,100,-120,,Covers Sports Odds History,2017-09-04,covers_sportsoddshistory_nfl_win,https://www.covers.com/sportsoddshistory/nfl-win/?sa=nfl&t=win&y=2017,2026-08-03T02:32:40.219515+00:00,Houston Texans,strictly_before_week1
2017,IND,8.0,130,-150,,Covers Sports Odds History,2017-09-04,covers_sportsoddshistory_nfl_win,https://www.covers.com/sportsoddshistory/nfl-win/?sa=nfl&t=win&y=2017,2026-08-03T02:32:40.219515+00:00,Indianapolis Colts,strictly_before_week1
2017,JAX,6.5,-125,105,,Covers Sports Odds History,2017-09-04,covers_sportsoddshistory_nfl_win,https://www.covers.com/sportsoddshistory/nfl-win/?sa=nfl&t=win&y=2017,2026-08-03T02:32:40.219515+00:00,Jacksonville Jaguars,strictly_before_week1
2017,KC,9.0,-120,100,,Covers Sports Odds History,2017-09-04,covers_sportsoddshistory_nfl_win,https://www.covers.com/sportsoddshistory/nfl-win/?sa=nfl&t=win&y=2017,2026-08-03T02:32:40.219515+00:00,Kansas City Chiefs,strictly_before_week1
2017,LA,6.0,140,-160,,Covers Sports Odds History,2017-09-04,covers_sportsoddshistory_nfl_win,https://www.covers.com/sportsoddshistory/nfl-win/?sa=nfl&t=win&y=2017,2026-08-03T02:32:40.219515+00:00,Los Angeles Rams,strictly_before_week1
2017,LAC,7.5,-160,140,,Covers Sports Odds History,2017-09-04,covers_sportsoddshistory_nfl_win,https://www.covers.com/sportsoddshistory/nfl-win/?sa=nfl&t=win&y=2017,2026-08-03T02:32:40.219515+00:00,Los Angeles Chargers,strictly_before_week1
2017,LV,9.5,100,-120,,Covers Sports Odds History,2017-09-04,covers_sportsoddshistory_nfl_win,https://www.covers.com/sportsoddshistory/nfl-win/?sa=nfl&t=win&y=2017,2026-08-03T02:32:40.219515+00:00,Oakland Raiders,strictly_before_week1
2017,MIA,7.0,-130,110,,Covers Sports Odds History,2017-09-04,covers_sportsoddshistory_nfl_win,https://www.covers.com/sportsoddshistory/nfl-win/?sa=nfl&t=win&y=2017,2026-08-03T02:32:40.219515+00:00,Miami Dolphins,strictly_before_week1
2017,MIN,8.5,-130,110,,Covers Sports Odds History,2017-09-04,covers_sportsoddshistory_nfl_win,https://www.covers.com/sportsoddshistory/nfl-win/?sa=nfl&t=win&y=2017,2026-08-03T02:32:40.219515+00:00,Minnesota Vikings,strictly_before_week1
2017,NE,12.5,100,-120,,Covers Sports Odds History,2017-09-04,covers_sportsoddshistory_nfl_win,https://www.covers.com/sportsoddshistory/nfl-win/?sa=nfl&t=win&y=2017,2026-08-03T02:32:40.219515+00:00,New England Patriots,strictly_before_week1
2017,NO,8.0,100,-120,,Covers Sports Odds History,2017-09-04,covers_sportsoddshistory_nfl_win,https://www.covers.com/sportsoddshistory/nfl-win/?sa=nfl&t=win&y=2017,2026-08-03T02:32:40.219515+00:00,New Orleans Saints,strictly_before_week1
2017,NYG,9.0,-130,110,,Covers Sports Odds History,2017-09-04,covers_sportsoddshistory_nfl_win,https://www.covers.com/sportsoddshistory/nfl-win/?sa=nfl&t=win&y=2017,2026-08-03T02:32:40.219515+00:00,New York Giants,strictly_before_week1
2017,NYJ,3.5,125,-145,,Covers Sports Odds History,2017-09-04,covers_sportsoddshistory_nfl_win,https://www.covers.com/sportsoddshistory/nfl-win/?sa=nfl&t=win&y=2017,2026-08-03T02:32:40.219515+00:00,New York Jets,strictly_before_week1
2017,PHI,8.5,-120,100,,Covers Sports Odds History,2017-09-04,covers_sportsoddshistory_nfl_win,https://www.covers.com/sportsoddshistory/nfl-win/?sa=nfl&t=win&y=2017,2026-08-03T02:32:40.219515+00:00,Philadelphia Eagles,strictly_before_week1
2017,PIT,10.5,-150,130,,Covers Sports Odds History,2017-09-04,covers_sportsoddshistory_nfl_win,https://www.covers.com/sportsoddshistory/nfl-win/?sa=nfl&t=win&y=2017,2026-08-03T02:32:40.219515+00:00,Pittsburgh Steelers,strictly_before_week1
2017,SEA,10.5,-130,110,,Covers Sports Odds History,2017-09-04,covers_sportsoddshistory_nfl_win,https://www.covers.com/sportsoddshistory/nfl-win/?sa=nfl&t=win&y=2017,2026-08-03T02:32:40.219515+00:00,Seattle Seahawks,strictly_before_week1
2017,SF,5.0,100,-120,,Covers Sports Odds History,2017-09-04,covers_sportsoddshistory_nfl_win,https://www.covers.com/sportsoddshistory/nfl-win/?sa=nfl&t=win&y=2017,2026-08-03T02:32:40.219515+00:00,San Francisco 49ers,strictly_before_week1
2017,TB,8.5,-120,100,,Covers Sports Odds History,2017-09-04,covers_sportsoddshistory_nfl_win,https://www.covers.com/sportsoddshistory/nfl-win/?sa=nfl&t=win&y=2017,2026-08-03T02:32:40.219515+00:00,Tampa Bay Buccaneers,strictly_before_week1
2017,TEN,9.0,-110,-110,,Covers Sports Odds History,2017-09-04,covers_sportsoddshistory_nfl_win,https://www.covers.com/sportsoddshistory/nfl-win/?sa=nfl&t=win&y=2017,2026-08-03T02:32:40.219515+00:00,Tennessee Titans,strictly_before_week1
2017,WAS,7.5,120,-140,,Covers Sports Odds History,2017-09-04,covers_sportsoddshistory_nfl_win,https://www.covers.com/sportsoddshistory/nfl-win/?sa=nfl&t=win&y=2017,2026-08-03T02:32:40.219515+00:00,Washington Redskins,strictly_before_week1
2018,ARI,6.0,-130,110,,Covers Sports Odds History,2018-09-03,covers_sportsoddshistory_nfl_win,https://www.covers.com/sportsoddshistory/nfl-win/?sa=nfl&t=win&y=2018,2026-08-03T02:32:44.229906+00:00,Arizona Cardinals,strictly_before_week1
2018,ATL,9.5,-120,100,,Covers Sports Odds History,2018-09-03,covers_sportsoddshistory_nfl_win,https://www.covers.com/sportsoddshistory/nfl-win/?sa=nfl&t=win&y=2018,2026-08-03T02:32:44.229906+00:00,Atlanta Falcons,strictly_before_week1
2018,BAL,8.5,-120,100,,Covers Sports Odds History,2018-09-03,covers_sportsoddshistory_nfl_win,https://www.covers.com/sportsoddshistory/nfl-win/?sa=nfl&t=win&y=2018,2026-08-03T02:32:44.229906+00:00,Baltimore Ravens,strictly_before_week1
2018,BUF,5.5,120,-140,,Covers Sports Odds History,2018-09-03,covers_sportsoddshistory_nfl_win,https://www.covers.com/sportsoddshistory/nfl-win/?sa=nfl&t=win&y=2018,2026-08-03T02:32:44.229906+00:00,Buffalo Bills,strictly_before_week1
2018,CAR,8.5,110,-130,,Covers Sports Odds History,2018-09-03,covers_sportsoddshistory_nfl_win,https://www.covers.com/sportsoddshistory/nfl-win/?sa=nfl&t=win&y=2018,2026-08-03T02:32:44.229906+00:00,Carolina Panthers,strictly_before_week1
2018,CHI,7.5,115,-135,,Covers Sports Odds History,2018-09-03,covers_sportsoddshistory_nfl_win,https://www.covers.com/sportsoddshistory/nfl-win/?sa=nfl&t=win&y=2018,2026-08-03T02:32:44.229906+00:00,Chicago Bears,strictly_before_week1
2018,CIN,7.0,-135,115,,Covers Sports Odds History,2018-09-03,covers_sportsoddshistory_nfl_win,https://www.covers.com/sportsoddshistory/nfl-win/?sa=nfl&t=win&y=2018,2026-08-03T02:32:44.229906+00:00,Cincinnati Bengals,strictly_before_week1
2018,CLE,6.0,100,-120,,Covers Sports Odds History,2018-09-03,covers_sportsoddshistory_nfl_win,https://www.covers.com/sportsoddshistory/nfl-win/?sa=nfl&t=win&y=2018,2026-08-03T02:32:44.229906+00:00,Cleveland Browns,strictly_before_week1
2018,DAL,8.5,120,-140,,Covers Sports Odds History,2018-09-03,covers_sportsoddshistory_nfl_win,https://www.covers.com/sportsoddshistory/nfl-win/?sa=nfl&t=win&y=2018,2026-08-03T02:32:44.229906+00:00,Dallas Cowboys,strictly_before_week1
2018,DEN,7.0,-180,150,,Covers Sports Odds History,2018-09-03,covers_sportsoddshistory_nfl_win,https://www.covers.com/sportsoddshistory/nfl-win/?sa=nfl&t=win&y=2018,2026-08-03T02:32:44.229906+00:00,Denver Broncos,strictly_before_week1
2018,DET,7.5,-110,-110,,Covers Sports Odds History,2018-09-03,covers_sportsoddshistory_nfl_win,https://www.covers.com/sportsoddshistory/nfl-win/?sa=nfl&t=win&y=2018,2026-08-03T02:32:44.229906+00:00,Detroit Lions,strictly_before_week1
2018,GB,10.0,-120,100,,Covers Sports Odds History,2018-09-03,covers_sportsoddshistory_nfl_win,https://www.covers.com/sportsoddshistory/nfl-win/?sa=nfl&t=win&y=2018,2026-08-03T02:32:44.229906+00:00,Green Bay Packers,strictly_before_week1
2018,HOU,8.5,-140,120,,Covers Sports Odds History,2018-09-03,covers_sportsoddshistory_nfl_win,https://www.covers.com/sportsoddshistory/nfl-win/?sa=nfl&t=win&y=2018,2026-08-03T02:32:44.229906+00:00,Houston Texans,strictly_before_week1
2018,IND,7.5,110,-130,,Covers Sports Odds History,2018-09-03,covers_sportsoddshistory_nfl_win,https://www.covers.com/sportsoddshistory/nfl-win/?sa=nfl&t=win&y=2018,2026-08-03T02:32:44.229906+00:00,Indianapolis Colts,strictly_before_week1
2018,JAX,9.0,-130,110,,Covers Sports Odds History,2018-09-03,covers_sportsoddshistory_nfl_win,https://www.covers.com/sportsoddshistory/nfl-win/?sa=nfl&t=win&y=2018,2026-08-03T02:32:44.229906+00:00,Jacksonville Jaguars,strictly_before_week1
2018,KC,8.5,115,-135,,Covers Sports Odds History,2018-09-03,covers_sportsoddshistory_nfl_win,https://www.covers.com/sportsoddshistory/nfl-win/?sa=nfl&t=win&y=2018,2026-08-03T02:32:44.229906+00:00,Kansas City Chiefs,strictly_before_week1
2018,LA,10.0,-130,110,,Covers Sports Odds History,2018-09-03,covers_sportsoddshistory_nfl_win,https://www.covers.com/sportsoddshistory/nfl-win/?sa=nfl&t=win&y=2018,2026-08-03T02:32:44.229906+00:00,Los Angeles Rams,strictly_before_week1
2018,LAC,9.5,-130,110,,Covers Sports Odds History,2018-09-03,covers_sportsoddshistory_nfl_win,https://www.covers.com/sportsoddshistory/nfl-win/?sa=nfl&t=win&y=2018,2026-08-03T02:32:44.229906+00:00,Los Angeles Chargers,strictly_before_week1
2018,LV,7.5,120,-140,,Covers Sports Odds History,2018-09-03,covers_sportsoddshistory_nfl_win,https://www.covers.com/sportsoddshistory/nfl-win/?sa=nfl&t=win&y=2018,2026-08-03T02:32:44.229906+00:00,Oakland Raiders,strictly_before_week1
2018,MIA,6.5,-140,120,,Covers Sports Odds History,2018-09-03,covers_sportsoddshistory_nfl_win,https://www.covers.com/sportsoddshistory/nfl-win/?sa=nfl&t=win&y=2018,2026-08-03T02:32:44.229906+00:00,Miami Dolphins,strictly_before_week1
2018,MIN,10.0,-140,120,,Covers Sports Odds History,2018-09-03,covers_sportsoddshistory_nfl_win,https://www.covers.com/sportsoddshistory/nfl-win/?sa=nfl&t=win&y=2018,2026-08-03T02:32:44.229906+00:00,Minnesota Vikings,strictly_before_week1
2018,NE,11.0,-120,100,,Covers Sports Odds History,2018-09-03,covers_sportsoddshistory_nfl_win,https://www.covers.com/sportsoddshistory/nfl-win/?sa=nfl&t=win&y=2018,2026-08-03T02:32:44.229906+00:00,New England Patriots,strictly_before_week1
2018,NO,9.5,-140,120,,Covers Sports Odds History,2018-09-03,covers_sportsoddshistory_nfl_win,https://www.covers.com/sportsoddshistory/nfl-win/?sa=nfl&t=win&y=2018,2026-08-03T02:32:44.229906+00:00,New Orleans Saints,strictly_before_week1
2018,NYG,7.0,-140,120,,Covers Sports Odds History,2018-09-03,covers_sportsoddshistory_nfl_win,https://www.covers.com/sportsoddshistory/nfl-win/?sa=nfl&t=win&y=2018,2026-08-03T02:32:44.229906+00:00,New York Giants,strictly_before_week1
2018,NYJ,6.0,110,-130,,Covers Sports Odds History,2018-09-03,covers_sportsoddshistory_nfl_win,https://www.covers.com/sportsoddshistory/nfl-win/?sa=nfl&t=win&y=2018,2026-08-03T02:32:44.229906+00:00,New York Jets,strictly_before_week1
2018,PHI,10.5,130,-150,,Covers Sports Odds History,2018-09-03,covers_sportsoddshistory_nfl_win,https://www.covers.com/sportsoddshistory/nfl-win/?sa=nfl&t=win&y=2018,2026-08-03T02:32:44.229906+00:00,Philadelphia Eagles,strictly_before_week1
2018,PIT,10.5,125,-145,,Covers Sports Odds History,2018-09-03,covers_sportsoddshistory_nfl_win,https://www.covers.com/sportsoddshistory/nfl-win/?sa=nfl&t=win&y=2018,2026-08-03T02:32:44.229906+00:00,Pittsburgh Steelers,strictly_before_week1
2018,SEA,7.5,100,-120,,Covers Sports Odds History,2018-09-03,covers_sportsoddshistory_nfl_win,https://www.covers.com/sportsoddshistory/nfl-win/?sa=nfl&t=win&y=2018,2026-08-03T02:32:44.229906+00:00,Seattle Seahawks,strictly_before_week1
2018,SF,8.5,130,-150,,Covers Sports Odds History,2018-09-03,covers_sportsoddshistory_nfl_win,https://www.covers.com/sportsoddshistory/nfl-win/?sa=nfl&t=win&y=2018,2026-08-03T02:32:44.229906+00:00,San Francisco 49ers,strictly_before_week1
2018,TB,6.5,130,-150,,Covers Sports Odds History,2018-09-03,covers_sportsoddshistory_nfl_win,https://www.covers.com/sportsoddshistory/nfl-win/?sa=nfl&t=win&y=2018,2026-08-03T02:32:44.229906+00:00,Tampa Bay Buccaneers,strictly_before_week1
2018,TEN,8.0,-110,-110,,Covers Sports Odds History,2018-09-03,covers_sportsoddshistory_nfl_win,https://www.covers.com/sportsoddshistory/nfl-win/?sa=nfl&t=win&y=2018,2026-08-03T02:32:44.229906+00:00,Tennessee Titans,strictly_before_week1
2018,WAS,7.0,-130,110,,Covers Sports Odds History,2018-09-03,covers_sportsoddshistory_nfl_win,https://www.covers.com/sportsoddshistory/nfl-win/?sa=nfl&t=win&y=2018,2026-08-03T02:32:44.229906+00:00,Washington Redskins,strictly_before_week1
2019,ARI,5.0,-120,100,,Covers Sports Odds History,2019-09-05,covers_sportsoddshistory_nfl_win,https://www.covers.com/sportsoddshistory/nfl-win/?sa=nfl&t=win&y=2019,2026-08-03T02:32:48.004207+00:00,Arizona Cardinals,same_day_as_week1_kickoff
2019,ATL,8.5,-140,120,,Covers Sports Odds History,2019-09-05,covers_sportsoddshistory_nfl_win,https://www.covers.com/sportsoddshistory/nfl-win/?sa=nfl&t=win&y=2019,2026-08-03T02:32:48.004207+00:00,Atlanta Falcons,same_day_as_week1_kickoff
2019,BAL,8.5,110,-130,,Covers Sports Odds History,2019-09-05,covers_sportsoddshistory_nfl_win,https://www.covers.com/sportsoddshistory/nfl-win/?sa=nfl&t=win&y=2019,2026-08-03T02:32:48.004207+00:00,Baltimore Ravens,same_day_as_week1_kickoff
2019,BUF,7.0,-140,120,,Covers Sports Odds History,2019-09-05,covers_sportsoddshistory_nfl_win,https://www.covers.com/sportsoddshistory/nfl-win/?sa=nfl&t=win&y=2019,2026-08-03T02:32:48.004207+00:00,Buffalo Bills,same_day_as_week1_kickoff
2019,CAR,8.0,-130,110,,Covers Sports Odds History,2019-09-05,covers_sportsoddshistory_nfl_win,https://www.covers.com/sportsoddshistory/nfl-win/?sa=nfl&t=win&y=2019,2026-08-03T02:32:48.004207+00:00,Carolina Panthers,same_day_as_week1_kickoff
2019,CHI,9.0,-140,120,,Covers Sports Odds History,2019-09-05,covers_sportsoddshistory_nfl_win,https://www.covers.com/sportsoddshistory/nfl-win/?sa=nfl&t=win&y=2019,2026-08-03T02:32:48.004207+00:00,Chicago Bears,same_day_as_week1_kickoff
2019,CIN,6.0,130,-150,,Covers Sports Odds History,2019-09-05,covers_sportsoddshistory_nfl_win,https://www.covers.com/sportsoddshistory/nfl-win/?sa=nfl&t=win&y=2019,2026-08-03T02:32:48.004207+00:00,Cincinnati Bengals,same_day_as_week1_kickoff
2019,CLE,9.0,100,-120,,Covers Sports Odds History,2019-09-05,covers_sportsoddshistory_nfl_win,https://www.covers.com/sportsoddshistory/nfl-win/?sa=nfl&t=win&y=2019,2026-08-03T02:32:48.004207+00:00,Cleveland Browns,same_day_as_week1_kickoff
2019,DAL,9.0,-110,-110,,Covers Sports Odds History,2019-09-05,covers_sportsoddshistory_nfl_win,https://www.covers.com/sportsoddshistory/nfl-win/?sa=nfl&t=win&y=2019,2026-08-03T02:32:48.004207+00:00,Dallas Cowboys,same_day_as_week1_kickoff
2019,DEN,7.0,-130,110,,Covers Sports Odds History,2019-09-05,covers_sportsoddshistory_nfl_win,https://www.covers.com/sportsoddshistory/nfl-win/?sa=nfl&t=win&y=2019,2026-08-03T02:32:48.004207+00:00,Denver Broncos,same_day_as_week1_kickoff
2019,DET,6.5,-150,130,,Covers Sports Odds History,2019-09-05,covers_sportsoddshistory_nfl_win,https://www.covers.com/sportsoddshistory/nfl-win/?sa=nfl&t=win&y=2019,2026-08-03T02:32:48.004207+00:00,Detroit Lions,same_day_as_week1_kickoff
2019,GB,9.0,-140,120,,Covers Sports Odds History,2019-09-05,covers_sportsoddshistory_nfl_win,https://www.covers.com/sportsoddshistory/nfl-win/?sa=nfl&t=win&y=2019,2026-08-03T02:32:48.004207+00:00,Green Bay Packers,same_day_as_week1_kickoff
2019,HOU,8.5,-115,-105,,Covers Sports Odds History,2019-09-05,covers_sportsoddshistory_nfl_win,https://www.covers.com/sportsoddshistory/nfl-win/?sa=nfl&t=win&y=2019,2026-08-03T02:32:48.004207+00:00,Houston Texans,same_day_as_week1_kickoff
2019,IND,7.5,-110,-110,,Covers Sports Odds History,2019-09-05,covers_sportsoddshistory_nfl_win,https://www.covers.com/sportsoddshistory/nfl-win/?sa=nfl&t=win&y=2019,2026-08-03T02:32:48.004207+00:00,Indianapolis Colts,same_day_as_week1_kickoff
2019,JAX,8.0,-110,-110,,Covers Sports Odds History,2019-09-05,covers_sportsoddshistory_nfl_win,https://www.covers.com/sportsoddshistory/nfl-win/?sa=nfl&t=win&y=2019,2026-08-03T02:32:48.004207+00:00,Jacksonville Jaguars,same_day_as_week1_kickoff
2019,KC,10.5,-130,110,,Covers Sports Odds History,2019-09-05,covers_sportsoddshistory_nfl_win,https://www.covers.com/sportsoddshistory/nfl-win/?sa=nfl&t=win&y=2019,2026-08-03T02:32:48.004207+00:00,Kansas City Chiefs,same_day_as_week1_kickoff
2019,LA,10.5,125,-145,,Covers Sports Odds History,2019-09-05,covers_sportsoddshistory_nfl_win,https://www.covers.com/sportsoddshistory/nfl-win/?sa=nfl&t=win&y=2019,2026-08-03T02:32:48.004207+00:00,Los Angeles Rams,same_day_as_week1_kickoff
2019,LAC,10.0,120,-140,,Covers Sports Odds History,2019-09-05,covers_sportsoddshistory_nfl_win,https://www.covers.com/sportsoddshistory/nfl-win/?sa=nfl&t=win&y=2019,2026-08-03T02:32:48.004207+00:00,Los Angeles Chargers,same_day_as_week1_kickoff
2019,LV,6.0,145,-170,,Covers Sports Odds History,2019-09-05,covers_sportsoddshistory_nfl_win,https://www.covers.com/sportsoddshistory/nfl-win/?sa=nfl&t=win&y=2019,2026-08-03T02:32:48.004207+00:00,Oakland Raiders,same_day_as_week1_kickoff
2019,MIA,4.5,100,-120,,Covers Sports Odds History,2019-09-05,covers_sportsoddshistory_nfl_win,https://www.covers.com/sportsoddshistory/nfl-win/?sa=nfl&t=win&y=2019,2026-08-03T02:32:48.004207+00:00,Miami Dolphins,same_day_as_week1_kickoff
2019,MIN,9.0,-125,105,,Covers Sports Odds History,2019-09-05,covers_sportsoddshistory_nfl_win,https://www.covers.com/sportsoddshistory/nfl-win/?sa=nfl&t=win&y=2019,2026-08-03T02:32:48.004207+00:00,Minnesota Vikings,same_day_as_week1_kickoff
2019,NE,11.5,-110,-110,,Covers Sports Odds History,2019-09-05,covers_sportsoddshistory_nfl_win,https://www.covers.com/sportsoddshistory/nfl-win/?sa=nfl&t=win&y=2019,2026-08-03T02:32:48.004207+00:00,New England Patriots,same_day_as_week1_kickoff
2019,NO,10.5,130,-150,,Covers Sports Odds History,2019-09-05,covers_sportsoddshistory_nfl_win,https://www.covers.com/sportsoddshistory/nfl-win/?sa=nfl&t=win&y=2019,2026-08-03T02:32:48.004207+00:00,New Orleans Saints,same_day_as_week1_kickoff
2019,NYG,6.0,105,-125,,Covers Sports Odds History,2019-09-05,covers_sportsoddshistory_nfl_win,https://www.covers.com/sportsoddshistory/nfl-win/?sa=nfl&t=win&y=2019,2026-08-03T02:32:48.004207+00:00,New York Giants,same_day_as_week1_kickoff
2019,NYJ,7.5,-110,-110,,Covers Sports Odds History,2019-09-05,covers_sportsoddshistory_nfl_win,https://www.covers.com/sportsoddshistory/nfl-win/?sa=nfl&t=win&y=2019,2026-08-03T02:32:48.004207+00:00,New York Jets,same_day_as_week1_kickoff
2019,PHI,10.0,-150,130,,Covers Sports Odds History,2019-09-05,covers_sportsoddshistory_nfl_win,https://www.covers.com/sportsoddshistory/nfl-win/?sa=nfl&t=win&y=2019,2026-08-03T02:32:48.004207+00:00,Philadelphia Eagles,same_day_as_week1_kickoff
2019,PIT,9.5,-110,-110,,Covers Sports Odds History,2019-09-05,covers_sportsoddshistory_nfl_win,https://www.covers.com/sportsoddshistory/nfl-win/?sa=nfl&t=win&y=2019,2026-08-03T02:32:48.004207+00:00,Pittsburgh Steelers,same_day_as_week1_kickoff
2019,SEA,9.0,100,-120,,Covers Sports Odds History,2019-09-05,covers_sportsoddshistory_nfl_win,https://www.covers.com/sportsoddshistory/nfl-win/?sa=nfl&t=win&y=2019,2026-08-03T02:32:48.004207+00:00,Seattle Seahawks,same_day_as_week1_kickoff
2019,SF,8.0,-140,120,,Covers Sports Odds History,2019-09-05,covers_sportsoddshistory_nfl_win,https://www.covers.com/sportsoddshistory/nfl-win/?sa=nfl&t=win&y=2019,2026-08-03T02:32:48.004207+00:00,San Francisco 49ers,same_day_as_week1_kickoff
2019,TB,6.5,-110,-110,,Covers Sports Odds History,2019-09-05,covers_sportsoddshistory_nfl_win,https://www.covers.com/sportsoddshistory/nfl-win/?sa=nfl&t=win&y=2019,2026-08-03T02:32:48.004207+00:00,Tampa Bay Buccaneers,same_day_as_week1_kickoff
2019,TEN,8.0,120,-140,,Covers Sports Odds History,2019-09-05,covers_sportsoddshistory_nfl_win,https://www.covers.com/sportsoddshistory/nfl-win/?sa=nfl&t=win&y=2019,2026-08-03T02:32:48.004207+00:00,Tennessee Titans,same_day_as_week1_kickoff
2019,WAS,6.0,130,-150,,Covers Sports Odds History,2019-09-05,covers_sportsoddshistory_nfl_win,https://www.covers.com/sportsoddshistory/nfl-win/?sa=nfl&t=win&y=2019,2026-08-03T02:32:48.004207+00:00,Washington Redskins,same_day_as_week1_kickoff
2020,ARI,7.5,-110,-110,,Covers Sports Odds History,2020-09-10,covers_sportsoddshistory_nfl_win,https://www.covers.com/sportsoddshistory/nfl-win/?sa=nfl&t=win&y=2020,2026-08-03T02:32:51.714255+00:00,Arizona Cardinals,same_day_as_week1_kickoff
2020,ATL,7.5,100,-120,,Covers Sports Odds History,2020-09-10,covers_sportsoddshistory_nfl_win,https://www.covers.com/sportsoddshistory/nfl-win/?sa=nfl&t=win&y=2020,2026-08-03T02:32:51.714255+00:00,Atlanta Falcons,same_day_as_week1_kickoff
2020,BAL,11.5,120,-140,,Covers Sports Odds History,2020-09-10,covers_sportsoddshistory_nfl_win,https://www.covers.com/sportsoddshistory/nfl-win/?sa=nfl&t=win&y=2020,2026-08-03T02:32:51.714255+00:00,Baltimore Ravens,same_day_as_week1_kickoff
2020,BUF,9.0,-120,100,,Covers Sports Odds History,2020-09-10,covers_sportsoddshistory_nfl_win,https://www.covers.com/sportsoddshistory/nfl-win/?sa=nfl&t=win&y=2020,2026-08-03T02:32:51.714255+00:00,Buffalo Bills,same_day_as_week1_kickoff
2020,CAR,5.5,-140,120,,Covers Sports Odds History,2020-09-10,covers_sportsoddshistory_nfl_win,https://www.covers.com/sportsoddshistory/nfl-win/?sa=nfl&t=win&y=2020,2026-08-03T02:32:51.714255+00:00,Carolina Panthers,same_day_as_week1_kickoff
2020,CHI,8.0,115,-135,,Covers Sports Odds History,2020-09-10,covers_sportsoddshistory_nfl_win,https://www.covers.com/sportsoddshistory/nfl-win/?sa=nfl&t=win&y=2020,2026-08-03T02:32:51.714255+00:00,Chicago Bears,same_day_as_week1_kickoff
2020,CIN,5.5,-150,130,,Covers Sports Odds History,2020-09-10,covers_sportsoddshistory_nfl_win,https://www.covers.com/sportsoddshistory/nfl-win/?sa=nfl&t=win&y=2020,2026-08-03T02:32:51.714255+00:00,Cincinnati Bengals,same_day_as_week1_kickoff
2020,CLE,8.5,-110,-110,,Covers Sports Odds History,2020-09-10,covers_sportsoddshistory_nfl_win,https://www.covers.com/sportsoddshistory/nfl-win/?sa=nfl&t=win&y=2020,2026-08-03T02:32:51.714255+00:00,Cleveland Browns,same_day_as_week1_kickoff
2020,DAL,10.0,-110,-110,,Covers Sports Odds History,2020-09-10,covers_sportsoddshistory_nfl_win,https://www.covers.com/sportsoddshistory/nfl-win/?sa=nfl&t=win&y=2020,2026-08-03T02:32:51.714255+00:00,Dallas Cowboys,same_day_as_week1_kickoff
2020,DEN,7.5,-130,110,,Covers Sports Odds History,2020-09-10,covers_sportsoddshistory_nfl_win,https://www.covers.com/sportsoddshistory/nfl-win/?sa=nfl&t=win&y=2020,2026-08-03T02:32:51.714255+00:00,Denver Broncos,same_day_as_week1_kickoff
2020,DET,7.0,-130,110,,Covers Sports Odds History,2020-09-10,covers_sportsoddshistory_nfl_win,https://www.covers.com/sportsoddshistory/nfl-win/?sa=nfl&t=win&y=2020,2026-08-03T02:32:51.714255+00:00,Detroit Lions,same_day_as_week1_kickoff
2020,GB,8.5,-120,100,,Covers Sports Odds History,2020-09-10,covers_sportsoddshistory_nfl_win,https://www.covers.com/sportsoddshistory/nfl-win/?sa=nfl&t=win&y=2020,2026-08-03T02:32:51.714255+00:00,Green Bay Packers,same_day_as_week1_kickoff
2020,HOU,7.5,105,-125,,Covers Sports Odds History,2020-09-10,covers_sportsoddshistory_nfl_win,https://www.covers.com/sportsoddshistory/nfl-win/?sa=nfl&t=win&y=2020,2026-08-03T02:32:51.714255+00:00,Houston Texans,same_day_as_week1_kickoff
2020,IND,9.5,-110,-110,,Covers Sports Odds History,2020-09-10,covers_sportsoddshistory_nfl_win,https://www.covers.com/sportsoddshistory/nfl-win/?sa=nfl&t=win&y=2020,2026-08-03T02:32:51.714255+00:00,Indianapolis Colts,same_day_as_week1_kickoff
2020,JAX,4.5,-110,-110,,Covers Sports Odds History,2020-09-10,covers_sportsoddshistory_nfl_win,https://www.covers.com/sportsoddshistory/nfl-win/?sa=nfl&t=win&y=2020,2026-08-03T02:32:51.714255+00:00,Jacksonville Jaguars,same_day_as_week1_kickoff
2020,KC,11.5,-120,100,,Covers Sports Odds History,2020-09-10,covers_sportsoddshistory_nfl_win,https://www.covers.com/sportsoddshistory/nfl-win/?sa=nfl&t=win&y=2020,2026-08-03T02:32:51.714255+00:00,Kansas City Chiefs,same_day_as_week1_kickoff
2020,LA,8.5,110,-130,,Covers Sports Odds History,2020-09-10,covers_sportsoddshistory_nfl_win,https://www.covers.com/sportsoddshistory/nfl-win/?sa=nfl&t=win&y=2020,2026-08-03T02:32:51.714255+00:00,Los Angeles Rams,same_day_as_week1_kickoff
2020,LAC,8.0,-105,-115,,Covers Sports Odds History,2020-09-10,covers_sportsoddshistory_nfl_win,https://www.covers.com/sportsoddshistory/nfl-win/?sa=nfl&t=win&y=2020,2026-08-03T02:32:51.714255+00:00,Los Angeles Chargers,same_day_as_week1_kickoff
2020,LV,7.5,115,-135,,Covers Sports Odds History,2020-09-10,covers_sportsoddshistory_nfl_win,https://www.covers.com/sportsoddshistory/nfl-win/?sa=nfl&t=win&y=2020,2026-08-03T02:32:51.714255+00:00,Las Vegas Raiders,same_day_as_week1_kickoff
2020,MIA,6.0,-115,-105,,Covers Sports Odds History,2020-09-10,covers_sportsoddshistory_nfl_win,https://www.covers.com/sportsoddshistory/nfl-win/?sa=nfl&t=win&y=2020,2026-08-03T02:32:51.714255+00:00,Miami Dolphins,same_day_as_week1_kickoff
2020,MIN,9.0,110,-130,,Covers Sports Odds History,2020-09-10,covers_sportsoddshistory_nfl_win,https://www.covers.com/sportsoddshistory/nfl-win/?sa=nfl&t=win&y=2020,2026-08-03T02:32:51.714255+00:00,Minnesota Vikings,same_day_as_week1_kickoff
2020,NE,9.0,120,-140,,Covers Sports Odds History,2020-09-10,covers_sportsoddshistory_nfl_win,https://www.covers.com/sportsoddshistory/nfl-win/?sa=nfl&t=win&y=2020,2026-08-03T02:32:51.714255+00:00,New England Patriots,same_day_as_week1_kickoff
2020,NO,10.5,120,-140,,Covers Sports Odds History,2020-09-10,covers_sportsoddshistory_nfl_win,https://www.covers.com/sportsoddshistory/nfl-win/?sa=nfl&t=win&y=2020,2026-08-03T02:32:51.714255+00:00,New Orleans Saints,same_day_as_week1_kickoff
2020,NYG,6.5,120,-140,,Covers Sports Odds History,2020-09-10,covers_sportsoddshistory_nfl_win,https://www.covers.com/sportsoddshistory/nfl-win/?sa=nfl&t=win&y=2020,2026-08-03T02:32:51.714255+00:00,New York Giants,same_day_as_week1_kickoff
2020,NYJ,6.5,120,-140,,Covers Sports Odds History,2020-09-10,covers_sportsoddshistory_nfl_win,https://www.covers.com/sportsoddshistory/nfl-win/?sa=nfl&t=win&y=2020,2026-08-03T02:32:51.714255+00:00,New York Jets,same_day_as_week1_kickoff
2020,PHI,9.5,130,-150,,Covers Sports Odds History,2020-09-10,covers_sportsoddshistory_nfl_win,https://www.covers.com/sportsoddshistory/nfl-win/?sa=nfl&t=win&y=2020,2026-08-03T02:32:51.714255+00:00,Philadelphia Eagles,same_day_as_week1_kickoff
2020,PIT,9.5,100,-120,,Covers Sports Odds History,2020-09-10,covers_sportsoddshistory_nfl_win,https://www.covers.com/sportsoddshistory/nfl-win/?sa=nfl&t=win&y=2020,2026-08-03T02:32:51.714255+00:00,Pittsburgh Steelers,same_day_as_week1_kickoff
2020,SEA,9.5,100,-120,,Covers Sports Odds History,2020-09-10,covers_sportsoddshistory_nfl_win,https://www.covers.com/sportsoddshistory/nfl-win/?sa=nfl&t=win&y=2020,2026-08-03T02:32:51.714255+00:00,Seattle Seahawks,same_day_as_week1_kickoff
2020,SF,10.5,120,-140,,Covers Sports Odds History,2020-09-10,covers_sportsoddshistory_nfl_win,https://www.covers.com/sportsoddshistory/nfl-win/?sa=nfl&t=win&y=2020,2026-08-03T02:32:51.714255+00:00,San Francisco 49ers,same_day_as_week1_kickoff
2020,TB,9.5,-125,105,,Covers Sports Odds History,2020-09-10,covers_sportsoddshistory_nfl_win,https://www.covers.com/sportsoddshistory/nfl-win/?sa=nfl&t=win&y=2020,2026-08-03T02:32:51.714255+00:00,Tampa Bay Buccaneers,same_day_as_week1_kickoff
2020,TEN,8.5,-130,110,,Covers Sports Odds History,2020-09-10,covers_sportsoddshistory_nfl_win,https://www.covers.com/sportsoddshistory/nfl-win/?sa=nfl&t=win&y=2020,2026-08-03T02:32:51.714255+00:00,Tennessee Titans,same_day_as_week1_kickoff
2020,WAS,5.0,-130,110,,Covers Sports Odds History,2020-09-10,covers_sportsoddshistory_nfl_win,https://www.covers.com/sportsoddshistory/nfl-win/?sa=nfl&t=win&y=2020,2026-08-03T02:32:51.714255+00:00,Washington Football Team,same_day_as_week1_kickoff
2021,ARI,8.5,-110,-110,,Covers Sports Odds History,2021-09-09,covers_sportsoddshistory_nfl_win,https://www.covers.com/sportsoddshistory/nfl-win/?sa=nfl&t=win&y=2021,2026-08-03T02:32:55.415823+00:00,Arizona Cardinals,same_day_as_week1_kickoff
2021,ATL,7.5,-120,100,,Covers Sports Odds History,2021-09-09,covers_sportsoddshistory_nfl_win,https://www.covers.com/sportsoddshistory/nfl-win/?sa=nfl&t=win&y=2021,2026-08-03T02:32:55.415823+00:00,Atlanta Falcons,same_day_as_week1_kickoff
2021,BAL,10.5,-130,110,,Covers Sports Odds History,2021-09-09,covers_sportsoddshistory_nfl_win,https://www.covers.com/sportsoddshistory/nfl-win/?sa=nfl&t=win&y=2021,2026-08-03T02:32:55.415823+00:00,Baltimore Ravens,same_day_as_week1_kickoff
2021,BUF,11.5,-110,-110,,Covers Sports Odds History,2021-09-09,covers_sportsoddshistory_nfl_win,https://www.covers.com/sportsoddshistory/nfl-win/?sa=nfl&t=win&y=2021,2026-08-03T02:32:55.415823+00:00,Buffalo Bills,same_day_as_week1_kickoff
2021,CAR,7.5,100,-120,,Covers Sports Odds History,2021-09-09,covers_sportsoddshistory_nfl_win,https://www.covers.com/sportsoddshistory/nfl-win/?sa=nfl&t=win&y=2021,2026-08-03T02:32:55.415823+00:00,Carolina Panthers,same_day_as_week1_kickoff
2021,CHI,7.5,120,-140,,Covers Sports Odds History,2021-09-09,covers_sportsoddshistory_nfl_win,https://www.covers.com/sportsoddshistory/nfl-win/?sa=nfl&t=win&y=2021,2026-08-03T02:32:55.415823+00:00,Chicago Bears,same_day_as_week1_kickoff
2021,CIN,6.5,-110,-110,,Covers Sports Odds History,2021-09-09,covers_sportsoddshistory_nfl_win,https://www.covers.com/sportsoddshistory/nfl-win/?sa=nfl&t=win&y=2021,2026-08-03T02:32:55.415823+00:00,Cincinnati Bengals,same_day_as_week1_kickoff
2021,CLE,10.5,-120,100,,Covers Sports Odds History,2021-09-09,covers_sportsoddshistory_nfl_win,https://www.covers.com/sportsoddshistory/nfl-win/?sa=nfl&t=win&y=2021,2026-08-03T02:32:55.415823+00:00,Cleveland Browns,same_day_as_week1_kickoff
2021,DAL,9.0,-120,100,,Covers Sports Odds History,2021-09-09,covers_sportsoddshistory_nfl_win,https://www.covers.com/sportsoddshistory/nfl-win/?sa=nfl&t=win&y=2021,2026-08-03T02:32:55.415823+00:00,Dallas Cowboys,same_day_as_week1_kickoff
2021,DEN,9.0,100,-120,,Covers Sports Odds History,2021-09-09,covers_sportsoddshistory_nfl_win,https://www.covers.com/sportsoddshistory/nfl-win/?sa=nfl&t=win&y=2021,2026-08-03T02:32:55.415823+00:00,Denver Broncos,same_day_as_week1_kickoff
2021,DET,4.5,-130,110,,Covers Sports Odds History,2021-09-09,covers_sportsoddshistory_nfl_win,https://www.covers.com/sportsoddshistory/nfl-win/?sa=nfl&t=win&y=2021,2026-08-03T02:32:55.415823+00:00,Detroit Lions,same_day_as_week1_kickoff
2021,GB,10.5,-130,110,,Covers Sports Odds History,2021-09-09,covers_sportsoddshistory_nfl_win,https://www.covers.com/sportsoddshistory/nfl-win/?sa=nfl&t=win&y=2021,2026-08-03T02:32:55.415823+00:00,Green Bay Packers,same_day_as_week1_kickoff
2021,HOU,4.0,110,-130,,Covers Sports Odds History,2021-09-09,covers_sportsoddshistory_nfl_win,https://www.covers.com/sportsoddshistory/nfl-win/?sa=nfl&t=win&y=2021,2026-08-03T02:32:55.415823+00:00,Houston Texans,same_day_as_week1_kickoff
2021,IND,9.0,-120,100,,Covers Sports Odds History,2021-09-09,covers_sportsoddshistory_nfl_win,https://www.covers.com/sportsoddshistory/nfl-win/?sa=nfl&t=win&y=2021,2026-08-03T02:32:55.415823+00:00,Indianapolis Colts,same_day_as_week1_kickoff
2021,JAX,6.5,110,-130,,Covers Sports Odds History,2021-09-09,covers_sportsoddshistory_nfl_win,https://www.covers.com/sportsoddshistory/nfl-win/?sa=nfl&t=win&y=2021,2026-08-03T02:32:55.415823+00:00,Jacksonville Jaguars,same_day_as_week1_kickoff
2021,KC,12.5,105,-125,,Covers Sports Odds History,2021-09-09,covers_sportsoddshistory_nfl_win,https://www.covers.com/sportsoddshistory/nfl-win/?sa=nfl&t=win&y=2021,2026-08-03T02:32:55.415823+00:00,Kansas City Chiefs,same_day_as_week1_kickoff
2021,LA,10.5,100,-120,,Covers Sports Odds History,2021-09-09,covers_sportsoddshistory_nfl_win,https://www.covers.com/sportsoddshistory/nfl-win/?sa=nfl&t=win&y=2021,2026-08-03T02:32:55.415823+00:00,Los Angeles Rams,same_day_as_week1_kickoff
2021,LAC,9.5,-110,-110,,Covers Sports Odds History,2021-09-09,covers_sportsoddshistory_nfl_win,https://www.covers.com/sportsoddshistory/nfl-win/?sa=nfl&t=win&y=2021,2026-08-03T02:32:55.415823+00:00,Los Angeles Chargers,same_day_as_week1_kickoff
2021,LV,7.5,100,-120,,Covers Sports Odds History,2021-09-09,covers_sportsoddshistory_nfl_win,https://www.covers.com/sportsoddshistory/nfl-win/?sa=nfl&t=win&y=2021,2026-08-03T02:32:55.415823+00:00,Las Vegas Raiders,same_day_as_week1_kickoff
2021,MIA,9.0,-140,120,,Covers Sports Odds History,2021-09-09,covers_sportsoddshistory_nfl_win,https://www.covers.com/sportsoddshistory/nfl-win/?sa=nfl&t=win&y=2021,2026-08-03T02:32:55.415823+00:00,Miami Dolphins,same_day_as_week1_kickoff
2021,MIN,9.0,100,-120,,Covers Sports Odds History,2021-09-09,covers_sportsoddshistory_nfl_win,https://www.covers.com/sportsoddshistory/nfl-win/?sa=nfl&t=win&y=2021,2026-08-03T02:32:55.415823+00:00,Minnesota Vikings,same_day_as_week1_kickoff
2021,NE,9.5,-110,-110,,Covers Sports Odds History,2021-09-09,covers_sportsoddshistory_nfl_win,https://www.covers.com/sportsoddshistory/nfl-win/?sa=nfl&t=win&y=2021,2026-08-03T02:32:55.415823+00:00,New England Patriots,same_day_as_week1_kickoff
2021,NO,9.0,130,-150,,Covers Sports Odds History,2021-09-09,covers_sportsoddshistory_nfl_win,https://www.covers.com/sportsoddshistory/nfl-win/?sa=nfl&t=win&y=2021,2026-08-03T02:32:55.415823+00:00,New Orleans Saints,same_day_as_week1_kickoff
2021,NYG,7.0,100,-120,,Covers Sports Odds History,2021-09-09,covers_sportsoddshistory_nfl_win,https://www.covers.com/sportsoddshistory/nfl-win/?sa=nfl&t=win&y=2021,2026-08-03T02:32:55.415823+00:00,New York Giants,same_day_as_week1_kickoff
2021,NYJ,6.0,110,-130,,Covers Sports Odds History,2021-09-09,covers_sportsoddshistory_nfl_win,https://www.covers.com/sportsoddshistory/nfl-win/?sa=nfl&t=win&y=2021,2026-08-03T02:32:55.415823+00:00,New York Jets,same_day_as_week1_kickoff
2021,PHI,6.5,-150,130,,Covers Sports Odds History,2021-09-09,covers_sportsoddshistory_nfl_win,https://www.covers.com/sportsoddshistory/nfl-win/?sa=nfl&t=win&y=2021,2026-08-03T02:32:55.415823+00:00,Philadelphia Eagles,same_day_as_week1_kickoff
2021,PIT,8.5,110,-130,,Covers Sports Odds History,2021-09-09,covers_sportsoddshistory_nfl_win,https://www.covers.com/sportsoddshistory/nfl-win/?sa=nfl&t=win&y=2021,2026-08-03T02:32:55.415823+00:00,Pittsburgh Steelers,same_day_as_week1_kickoff
2021,SEA,9.5,-150,130,,Covers Sports Odds History,2021-09-09,covers_sportsoddshistory_nfl_win,https://www.covers.com/sportsoddshistory/nfl-win/?sa=nfl&t=win&y=2021,2026-08-03T02:32:55.415823+00:00,Seattle Seahawks,same_day_as_week1_kickoff
2021,SF,10.5,100,-120,,Covers Sports Odds History,2021-09-09,covers_sportsoddshistory_nfl_win,https://www.covers.com/sportsoddshistory/nfl-win/?sa=nfl&t=win&y=2021,2026-08-03T02:32:55.415823+00:00,San Francisco 49ers,same_day_as_week1_kickoff
2021,TB,12.0,-120,100,,Covers Sports Odds History,2021-09-09,covers_sportsoddshistory_nfl_win,https://www.covers.com/sportsoddshistory/nfl-win/?sa=nfl&t=win&y=2021,2026-08-03T02:32:55.415823+00:00,Tampa Bay Buccaneers,same_day_as_week1_kickoff
2021,TEN,9.5,-130,110,,Covers Sports Odds History,2021-09-09,covers_sportsoddshistory_nfl_win,https://www.covers.com/sportsoddshistory/nfl-win/?sa=nfl&t=win&y=2021,2026-08-03T02:32:55.415823+00:00,Tennessee Titans,same_day_as_week1_kickoff
2021,WAS,8.5,-130,110,,Covers Sports Odds History,2021-09-09,covers_sportsoddshistory_nfl_win,https://www.covers.com/sportsoddshistory/nfl-win/?sa=nfl&t=win&y=2021,2026-08-03T02:32:55.415823+00:00,Washington Football Team,same_day_as_week1_kickoff
2022,ARI,8.5,110,-130,,Covers Sports Odds History,2022-09-08,covers_sportsoddshistory_nfl_win,https://www.covers.com/sportsoddshistory/nfl-win/?sa=nfl&t=win&y=2022,2026-08-03T02:32:59.128062+00:00,Arizona Cardinals,same_day_as_week1_kickoff
2022,ATL,4.5,-140,120,,Covers Sports Odds History,2022-09-08,covers_sportsoddshistory_nfl_win,https://www.covers.com/sportsoddshistory/nfl-win/?sa=nfl&t=win&y=2022,2026-08-03T02:32:59.128062+00:00,Atlanta Falcons,same_day_as_week1_kickoff
2022,BAL,10.5,110,-130,,Covers Sports Odds History,2022-09-08,covers_sportsoddshistory_nfl_win,https://www.covers.com/sportsoddshistory/nfl-win/?sa=nfl&t=win&y=2022,2026-08-03T02:32:59.128062+00:00,Baltimore Ravens,same_day_as_week1_kickoff
2022,BUF,12.0,-110,-110,,Covers Sports Odds History,2022-09-08,covers_sportsoddshistory_nfl_win,https://www.covers.com/sportsoddshistory/nfl-win/?sa=nfl&t=win&y=2022,2026-08-03T02:32:59.128062+00:00,Buffalo Bills,same_day_as_week1_kickoff
2022,CAR,6.5,-130,110,,Covers Sports Odds History,2022-09-08,covers_sportsoddshistory_nfl_win,https://www.covers.com/sportsoddshistory/nfl-win/?sa=nfl&t=win&y=2022,2026-08-03T02:32:59.128062+00:00,Carolina Panthers,same_day_as_week1_kickoff
2022,CHI,5.5,-130,100,,Covers Sports Odds History,2022-09-08,covers_sportsoddshistory_nfl_win,https://www.covers.com/sportsoddshistory/nfl-win/?sa=nfl&t=win&y=2022,2026-08-03T02:32:59.128062+00:00,Chicago Bears,same_day_as_week1_kickoff
2022,CIN,9.5,-130,110,,Covers Sports Odds History,2022-09-08,covers_sportsoddshistory_nfl_win,https://www.covers.com/sportsoddshistory/nfl-win/?sa=nfl&t=win&y=2022,2026-08-03T02:32:59.128062+00:00,Cincinnati Bengals,same_day_as_week1_kickoff
2022,CLE,8.0,-120,100,,Covers Sports Odds History,2022-09-08,covers_sportsoddshistory_nfl_win,https://www.covers.com/sportsoddshistory/nfl-win/?sa=nfl&t=win&y=2022,2026-08-03T02:32:59.128062+00:00,Cleveland Browns,same_day_as_week1_kickoff
2022,DAL,10.0,120,-140,,Covers Sports Odds History,2022-09-08,covers_sportsoddshistory_nfl_win,https://www.covers.com/sportsoddshistory/nfl-win/?sa=nfl&t=win&y=2022,2026-08-03T02:32:59.128062+00:00,Dallas Cowboys,same_day_as_week1_kickoff
2022,DEN,10.0,110,-130,,Covers Sports Odds History,2022-09-08,covers_sportsoddshistory_nfl_win,https://www.covers.com/sportsoddshistory/nfl-win/?sa=nfl&t=win&y=2022,2026-08-03T02:32:59.128062+00:00,Denver Broncos,same_day_as_week1_kickoff
2022,DET,6.5,-150,130,,Covers Sports Odds History,2022-09-08,covers_sportsoddshistory_nfl_win,https://www.covers.com/sportsoddshistory/nfl-win/?sa=nfl&t=win&y=2022,2026-08-03T02:32:59.128062+00:00,Detroit Lions,same_day_as_week1_kickoff
2022,GB,11.0,-130,110,,Covers Sports Odds History,2022-09-08,covers_sportsoddshistory_nfl_win,https://www.covers.com/sportsoddshistory/nfl-win/?sa=nfl&t=win&y=2022,2026-08-03T02:32:59.128062+00:00,Green Bay Packers,same_day_as_week1_kickoff
2022,HOU,4.5,-120,100,,Covers Sports Odds History,2022-09-08,covers_sportsoddshistory_nfl_win,https://www.covers.com/sportsoddshistory/nfl-win/?sa=nfl&t=win&y=2022,2026-08-03T02:32:59.128062+00:00,Houston Texans,same_day_as_week1_kickoff
2022,IND,10.0,-120,100,,Covers Sports Odds History,2022-09-08,covers_sportsoddshistory_nfl_win,https://www.covers.com/sportsoddshistory/nfl-win/?sa=nfl&t=win&y=2022,2026-08-03T02:32:59.128062+00:00,Indianapolis Colts,same_day_as_week1_kickoff
2022,JAX,6.5,-120,100,,Covers Sports Odds History,2022-09-08,covers_sportsoddshistory_nfl_win,https://www.covers.com/sportsoddshistory/nfl-win/?sa=nfl&t=win&y=2022,2026-08-03T02:32:59.128062+00:00,Jacksonville Jaguars,same_day_as_week1_kickoff
2022,KC,10.5,-150,130,,Covers Sports Odds History,2022-09-08,covers_sportsoddshistory_nfl_win,https://www.covers.com/sportsoddshistory/nfl-win/?sa=nfl&t=win&y=2022,2026-08-03T02:32:59.128062+00:00,Kansas City Chiefs,same_day_as_week1_kickoff
2022,LA,10.5,100,-120,,Covers Sports Odds History,2022-09-08,covers_sportsoddshistory_nfl_win,https://www.covers.com/sportsoddshistory/nfl-win/?sa=nfl&t=win&y=2022,2026-08-03T02:32:59.128062+00:00,Los Angeles Rams,same_day_as_week1_kickoff
2022,LAC,10.5,100,-120,,Covers Sports Odds History,2022-09-08,covers_sportsoddshistory_nfl_win,https://www.covers.com/sportsoddshistory/nfl-win/?sa=nfl&t=win&y=2022,2026-08-03T02:32:59.128062+00:00,Los Angeles Chargers,same_day_as_week1_kickoff
2022,LV,8.5,-150,130,,Covers Sports Odds History,2022-09-08,covers_sportsoddshistory_nfl_win,https://www.covers.com/sportsoddshistory/nfl-win/?sa=nfl&t=win&y=2022,2026-08-03T02:32:59.128062+00:00,Las Vegas Raiders,same_day_as_week1_kickoff
2022,MIA,9.0,-130,110,,Covers Sports Odds History,2022-09-08,covers_sportsoddshistory_nfl_win,https://www.covers.com/sportsoddshistory/nfl-win/?sa=nfl&t=win&y=2022,2026-08-03T02:32:59.128062+00:00,Miami Dolphins,same_day_as_week1_kickoff
2022,MIN,9.5,-110,-110,,Covers Sports Odds History,2022-09-08,covers_sportsoddshistory_nfl_win,https://www.covers.com/sportsoddshistory/nfl-win/?sa=nfl&t=win&y=2022,2026-08-03T02:32:59.128062+00:00,Minnesota Vikings,same_day_as_week1_kickoff
2022,NE,8.5,100,-120,,Covers Sports Odds History,2022-09-08,covers_sportsoddshistory_nfl_win,https://www.covers.com/sportsoddshistory/nfl-win/?sa=nfl&t=win&y=2022,2026-08-03T02:32:59.128062+00:00,New England Patriots,same_day_as_week1_kickoff
2022,NO,9.0,100,-120,,Covers Sports Odds History,2022-09-08,covers_sportsoddshistory_nfl_win,https://www.covers.com/sportsoddshistory/nfl-win/?sa=nfl&t=win&y=2022,2026-08-03T02:32:59.128062+00:00,New Orleans Saints,same_day_as_week1_kickoff
2022,NYG,7.0,120,-140,,Covers Sports Odds History,2022-09-08,covers_sportsoddshistory_nfl_win,https://www.covers.com/sportsoddshistory/nfl-win/?sa=nfl&t=win&y=2022,2026-08-03T02:32:59.128062+00:00,New York Giants,same_day_as_week1_kickoff
2022,NYJ,5.5,-120,100,,Covers Sports Odds History,2022-09-08,covers_sportsoddshistory_nfl_win,https://www.covers.com/sportsoddshistory/nfl-win/?sa=nfl&t=win&y=2022,2026-08-03T02:32:59.128062+00:00,New York Jets,same_day_as_week1_kickoff
2022,PHI,10.0,110,-130,,Covers Sports Odds History,2022-09-08,covers_sportsoddshistory_nfl_win,https://www.covers.com/sportsoddshistory/nfl-win/?sa=nfl&t=win&y=2022,2026-08-03T02:32:59.128062+00:00,Philadelphia Eagles,same_day_as_week1_kickoff
2022,PIT,7.5,-125,105,,Covers Sports Odds History,2022-09-08,covers_sportsoddshistory_nfl_win,https://www.covers.com/sportsoddshistory/nfl-win/?sa=nfl&t=win&y=2022,2026-08-03T02:32:59.128062+00:00,Pittsburgh Steelers,same_day_as_week1_kickoff
2022,SEA,5.5,-125,105,,Covers Sports Odds History,2022-09-08,covers_sportsoddshistory_nfl_win,https://www.covers.com/sportsoddshistory/nfl-win/?sa=nfl&t=win&y=2022,2026-08-03T02:32:59.128062+00:00,Seattle Seahawks,same_day_as_week1_kickoff
2022,SF,10.0,-110,-110,,Covers Sports Odds History,2022-09-08,covers_sportsoddshistory_nfl_win,https://www.covers.com/sportsoddshistory/nfl-win/?sa=nfl&t=win&y=2022,2026-08-03T02:32:59.128062+00:00,San Francisco 49ers,same_day_as_week1_kickoff
2022,TB,11.0,120,-140,,Covers Sports Odds History,2022-09-08,covers_sportsoddshistory_nfl_win,https://www.covers.com/sportsoddshistory/nfl-win/?sa=nfl&t=win&y=2022,2026-08-03T02:32:59.128062+00:00,Tampa Bay Buccaneers,same_day_as_week1_kickoff
2022,TEN,9.0,120,-140,,Covers Sports Odds History,2022-09-08,covers_sportsoddshistory_nfl_win,https://www.covers.com/sportsoddshistory/nfl-win/?sa=nfl&t=win&y=2022,2026-08-03T02:32:59.128062+00:00,Tennessee Titans,same_day_as_week1_kickoff
2022,WAS,7.5,-130,110,,Covers Sports Odds History,2022-09-08,covers_sportsoddshistory_nfl_win,https://www.covers.com/sportsoddshistory/nfl-win/?sa=nfl&t=win&y=2022,2026-08-03T02:32:59.128062+00:00,Washington Commanders,same_day_as_week1_kickoff
2024,ARI,7.0,-130,110,,Covers Sports Odds History,2024-09-05,covers_sportsoddshistory_nfl_win,https://www.covers.com/sportsoddshistory/nfl-win/?sa=nfl&t=win&y=2024,2026-08-03T02:33:06.861785+00:00,Arizona Cardinals,same_day_as_week1_kickoff
2024,ATL,9.5,-130,110,,Covers Sports Odds History,2024-09-05,covers_sportsoddshistory_nfl_win,https://www.covers.com/sportsoddshistory/nfl-win/?sa=nfl&t=win&y=2024,2026-08-03T02:33:06.861785+00:00,Atlanta Falcons,same_day_as_week1_kickoff
2024,BAL,10.5,100,-120,,Covers Sports Odds History,2024-09-05,covers_sportsoddshistory_nfl_win,https://www.covers.com/sportsoddshistory/nfl-win/?sa=nfl&t=win&y=2024,2026-08-03T02:33:06.861785+00:00,Baltimore Ravens,same_day_as_week1_kickoff
2024,BUF,10.0,-110,-110,,Covers Sports Odds History,2024-09-05,covers_sportsoddshistory_nfl_win,https://www.covers.com/sportsoddshistory/nfl-win/?sa=nfl&t=win&y=2024,2026-08-03T02:33:06.861785+00:00,Buffalo Bills,same_day_as_week1_kickoff
2024,CAR,5.5,-130,110,,Covers Sports Odds History,2024-09-05,covers_sportsoddshistory_nfl_win,https://www.covers.com/sportsoddshistory/nfl-win/?sa=nfl&t=win&y=2024,2026-08-03T02:33:06.861785+00:00,Carolina Panthers,same_day_as_week1_kickoff
2024,CHI,8.5,-165,145,,Covers Sports Odds History,2024-09-05,covers_sportsoddshistory_nfl_win,https://www.covers.com/sportsoddshistory/nfl-win/?sa=nfl&t=win&y=2024,2026-08-03T02:33:06.861785+00:00,Chicago Bears,same_day_as_week1_kickoff
2024,CIN,10.5,100,-120,,Covers Sports Odds History,2024-09-05,covers_sportsoddshistory_nfl_win,https://www.covers.com/sportsoddshistory/nfl-win/?sa=nfl&t=win&y=2024,2026-08-03T02:33:06.861785+00:00,Cincinnati Bengals,same_day_as_week1_kickoff
2024,CLE,8.5,-145,125,,Covers Sports Odds History,2024-09-05,covers_sportsoddshistory_nfl_win,https://www.covers.com/sportsoddshistory/nfl-win/?sa=nfl&t=win&y=2024,2026-08-03T02:33:06.861785+00:00,Cleveland Browns,same_day_as_week1_kickoff
2024,DAL,10.0,115,-135,,Covers Sports Odds History,2024-09-05,covers_sportsoddshistory_nfl_win,https://www.covers.com/sportsoddshistory/nfl-win/?sa=nfl&t=win&y=2024,2026-08-03T02:33:06.861785+00:00,Dallas Cowboys,same_day_as_week1_kickoff
2024,DEN,5.5,-170,150,,Covers Sports Odds History,2024-09-05,covers_sportsoddshistory_nfl_win,https://www.covers.com/sportsoddshistory/nfl-win/?sa=nfl&t=win&y=2024,2026-08-03T02:33:06.861785+00:00,Denver Broncos,same_day_as_week1_kickoff
2024,DET,10.5,-130,110,,Covers Sports Odds History,2024-09-05,covers_sportsoddshistory_nfl_win,https://www.covers.com/sportsoddshistory/nfl-win/?sa=nfl&t=win&y=2024,2026-08-03T02:33:06.861785+00:00,Detroit Lions,same_day_as_week1_kickoff
2024,GB,10.0,100,-120,,Covers Sports Odds History,2024-09-05,covers_sportsoddshistory_nfl_win,https://www.covers.com/sportsoddshistory/nfl-win/?sa=nfl&t=win&y=2024,2026-08-03T02:33:06.861785+00:00,Green Bay Packers,same_day_as_week1_kickoff
2024,HOU,9.5,-140,120,,Covers Sports Odds History,2024-09-05,covers_sportsoddshistory_nfl_win,https://www.covers.com/sportsoddshistory/nfl-win/?sa=nfl&t=win&y=2024,2026-08-03T02:33:06.861785+00:00,Houston Texans,same_day_as_week1_kickoff
2024,IND,8.5,115,-135,,Covers Sports Odds History,2024-09-05,covers_sportsoddshistory_nfl_win,https://www.covers.com/sportsoddshistory/nfl-win/?sa=nfl&t=win&y=2024,2026-08-03T02:33:06.861785+00:00,Indianapolis Colts,same_day_as_week1_kickoff
2024,JAX,8.5,-110,-110,,Covers Sports Odds History,2024-09-05,covers_sportsoddshistory_nfl_win,https://www.covers.com/sportsoddshistory/nfl-win/?sa=nfl&t=win&y=2024,2026-08-03T02:33:06.861785+00:00,Jacksonville Jaguars,same_day_as_week1_kickoff
2024,KC,11.5,-110,-110,,Covers Sports Odds History,2024-09-05,covers_sportsoddshistory_nfl_win,https://www.covers.com/sportsoddshistory/nfl-win/?sa=nfl&t=win&y=2024,2026-08-03T02:33:06.861785+00:00,Kansas City Chiefs,same_day_as_week1_kickoff
2024,LA,8.5,-170,150,,Covers Sports Odds History,2024-09-05,covers_sportsoddshistory_nfl_win,https://www.covers.com/sportsoddshistory/nfl-win/?sa=nfl&t=win&y=2024,2026-08-03T02:33:06.861785+00:00,Los Angeles Rams,same_day_as_week1_kickoff
2024,LAC,9.0,115,-135,,Covers Sports Odds History,2024-09-05,covers_sportsoddshistory_nfl_win,https://www.covers.com/sportsoddshistory/nfl-win/?sa=nfl&t=win&y=2024,2026-08-03T02:33:06.861785+00:00,Los Angeles Chargers,same_day_as_week1_kickoff
2024,LV,6.5,-125,105,,Covers Sports Odds History,2024-09-05,covers_sportsoddshistory_nfl_win,https://www.covers.com/sportsoddshistory/nfl-win/?sa=nfl&t=win&y=2024,2026-08-03T02:33:06.861785+00:00,Las Vegas Raiders,same_day_as_week1_kickoff
2024,MIA,10.0,100,-120,,Covers Sports Odds History,2024-09-05,covers_sportsoddshistory_nfl_win,https://www.covers.com/sportsoddshistory/nfl-win/?sa=nfl&t=win&y=2024,2026-08-03T02:33:06.861785+00:00,Miami Dolphins,same_day_as_week1_kickoff
2024,MIN,6.5,-140,120,,Covers Sports Odds History,2024-09-05,covers_sportsoddshistory_nfl_win,https://www.covers.com/sportsoddshistory/nfl-win/?sa=nfl&t=win&y=2024,2026-08-03T02:33:06.861785+00:00,Minnesota Vikings,same_day_as_week1_kickoff
2024,NE,4.5,-110,-110,,Covers Sports Odds History,2024-09-05,covers_sportsoddshistory_nfl_win,https://www.covers.com/sportsoddshistory/nfl-win/?sa=nfl&t=win&y=2024,2026-08-03T02:33:06.861785+00:00,New England Patriots,same_day_as_week1_kickoff
2024,NO,7.5,-110,-110,,Covers Sports Odds History,2024-09-05,covers_sportsoddshistory_nfl_win,https://www.covers.com/sportsoddshistory/nfl-win/?sa=nfl&t=win&y=2024,2026-08-03T02:33:06.861785+00:00,New Orleans Saints,same_day_as_week1_kickoff
2024,NYG,6.5,130,-150,,Covers Sports Odds History,2024-09-05,covers_sportsoddshistory_nfl_win,https://www.covers.com/sportsoddshistory/nfl-win/?sa=nfl&t=win&y=2024,2026-08-03T02:33:06.861785+00:00,New York Giants,same_day_as_week1_kickoff
2024,NYJ,9.5,-140,120,,Covers Sports Odds History,2024-09-05,covers_sportsoddshistory_nfl_win,https://www.covers.com/sportsoddshistory/nfl-win/?sa=nfl&t=win&y=2024,2026-08-03T02:33:06.861785+00:00,New York Jets,same_day_as_week1_kickoff
2024,PHI,10.5,-150,130,,Covers Sports Odds History,2024-09-05,covers_sportsoddshistory_nfl_win,https://www.covers.com/sportsoddshistory/nfl-win/?sa=nfl&t=win&y=2024,2026-08-03T02:33:06.861785+00:00,Philadelphia Eagles,same_day_as_week1_kickoff
2024,PIT,8.0,-140,120,,Covers Sports Odds History,2024-09-05,covers_sportsoddshistory_nfl_win,https://www.covers.com/sportsoddshistory/nfl-win/?sa=nfl&t=win&y=2024,2026-08-03T02:33:06.861785+00:00,Pittsburgh Steelers,same_day_as_week1_kickoff
2024,SEA,7.5,-160,140,,Covers Sports Odds History,2024-09-05,covers_sportsoddshistory_nfl_win,https://www.covers.com/sportsoddshistory/nfl-win/?sa=nfl&t=win&y=2024,2026-08-03T02:33:06.861785+00:00,Seattle Seahawks,same_day_as_week1_kickoff
2024,SF,11.5,140,-160,,Covers Sports Odds History,2024-09-05,covers_sportsoddshistory_nfl_win,https://www.covers.com/sportsoddshistory/nfl-win/?sa=nfl&t=win&y=2024,2026-08-03T02:33:06.861785+00:00,San Francisco 49ers,same_day_as_week1_kickoff
2024,TB,7.5,-140,120,,Covers Sports Odds History,2024-09-05,covers_sportsoddshistory_nfl_win,https://www.covers.com/sportsoddshistory/nfl-win/?sa=nfl&t=win&y=2024,2026-08-03T02:33:06.861785+00:00,Tampa Bay Buccaneers,same_day_as_week1_kickoff
2024,TEN,6.5,120,-140,,Covers Sports Odds History,2024-09-05,covers_sportsoddshistory_nfl_win,https://www.covers.com/sportsoddshistory/nfl-win/?sa=nfl&t=win&y=2024,2026-08-03T02:33:06.861785+00:00,Tennessee Titans,same_day_as_week1_kickoff
2024,WAS,6.5,-110,-110,,Covers Sports Odds History,2024-09-05,covers_sportsoddshistory_nfl_win,https://www.covers.com/sportsoddshistory/nfl-win/?sa=nfl&t=win&y=2024,2026-08-03T02:33:06.861785+00:00,Washington Commanders,same_day_as_week1_kickoff
2025,ARI,8.5,-125,105,,Covers Sports Odds History,2025-09-04,covers_sportsoddshistory_nfl_win,https://www.covers.com/sportsoddshistory/nfl-win/?sa=nfl&t=win&y=2025,2026-08-03T02:33:10.587698+00:00,Arizona Cardinals,same_day_as_week1_kickoff
2025,ATL,8.5,110,-130,,Covers Sports Odds History,2025-09-04,covers_sportsoddshistory_nfl_win,https://www.covers.com/sportsoddshistory/nfl-win/?sa=nfl&t=win&y=2025,2026-08-03T02:33:10.587698+00:00,Atlanta Falcons,same_day_as_week1_kickoff
2025,BAL,11.5,-118,-102,,Covers Sports Odds History,2025-09-04,covers_sportsoddshistory_nfl_win,https://www.covers.com/sportsoddshistory/nfl-win/?sa=nfl&t=win&y=2025,2026-08-03T02:33:10.587698+00:00,Baltimore Ravens,same_day_as_week1_kickoff
2025,BUF,12.5,115,-135,,Covers Sports Odds History,2025-09-04,covers_sportsoddshistory_nfl_win,https://www.covers.com/sportsoddshistory/nfl-win/?sa=nfl&t=win&y=2025,2026-08-03T02:33:10.587698+00:00,Buffalo Bills,same_day_as_week1_kickoff
2025,CAR,6.5,-140,118,,Covers Sports Odds History,2025-09-04,covers_sportsoddshistory_nfl_win,https://www.covers.com/sportsoddshistory/nfl-win/?sa=nfl&t=win&y=2025,2026-08-03T02:33:10.587698+00:00,Carolina Panthers,same_day_as_week1_kickoff
2025,CHI,8.5,115,-140,,Covers Sports Odds History,2025-09-04,covers_sportsoddshistory_nfl_win,https://www.covers.com/sportsoddshistory/nfl-win/?sa=nfl&t=win&y=2025,2026-08-03T02:33:10.587698+00:00,Chicago Bears,same_day_as_week1_kickoff
2025,CIN,9.5,-115,-105,,Covers Sports Odds History,2025-09-04,covers_sportsoddshistory_nfl_win,https://www.covers.com/sportsoddshistory/nfl-win/?sa=nfl&t=win&y=2025,2026-08-03T02:33:10.587698+00:00,Cincinnati Bengals,same_day_as_week1_kickoff
2025,CLE,4.5,-150,125,,Covers Sports Odds History,2025-09-04,covers_sportsoddshistory_nfl_win,https://www.covers.com/sportsoddshistory/nfl-win/?sa=nfl&t=win&y=2025,2026-08-03T02:33:10.587698+00:00,Cleveland Browns,same_day_as_week1_kickoff
2025,DAL,7.5,110,-130,,Covers Sports Odds History,2025-09-04,covers_sportsoddshistory_nfl_win,https://www.covers.com/sportsoddshistory/nfl-win/?sa=nfl&t=win&y=2025,2026-08-03T02:33:10.587698+00:00,Dallas Cowboys,same_day_as_week1_kickoff
2025,DEN,9.5,-120,100,,Covers Sports Odds History,2025-09-04,covers_sportsoddshistory_nfl_win,https://www.covers.com/sportsoddshistory/nfl-win/?sa=nfl&t=win&y=2025,2026-08-03T02:33:10.587698+00:00,Denver Broncos,same_day_as_week1_kickoff
2025,DET,10.5,110,-135,,Covers Sports Odds History,2025-09-04,covers_sportsoddshistory_nfl_win,https://www.covers.com/sportsoddshistory/nfl-win/?sa=nfl&t=win&y=2025,2026-08-03T02:33:10.587698+00:00,Detroit Lions,same_day_as_week1_kickoff
2025,GB,10.5,100,-130,,Covers Sports Odds History,2025-09-04,covers_sportsoddshistory_nfl_win,https://www.covers.com/sportsoddshistory/nfl-win/?sa=nfl&t=win&y=2025,2026-08-03T02:33:10.587698+00:00,Green Bay Packers,same_day_as_week1_kickoff
2025,HOU,9.5,105,-125,,Covers Sports Odds History,2025-09-04,covers_sportsoddshistory_nfl_win,https://www.covers.com/sportsoddshistory/nfl-win/?sa=nfl&t=win&y=2025,2026-08-03T02:33:10.587698+00:00,Houston Texans,same_day_as_week1_kickoff
2025,IND,7.5,100,-120,,Covers Sports Odds History,2025-09-04,covers_sportsoddshistory_nfl_win,https://www.covers.com/sportsoddshistory/nfl-win/?sa=nfl&t=win&y=2025,2026-08-03T02:33:10.587698+00:00,Indianapolis Colts,same_day_as_week1_kickoff
2025,JAX,7.5,-135,115,,Covers Sports Odds History,2025-09-04,covers_sportsoddshistory_nfl_win,https://www.covers.com/sportsoddshistory/nfl-win/?sa=nfl&t=win&y=2025,2026-08-03T02:33:10.587698+00:00,Jacksonville Jaguars,same_day_as_week1_kickoff
2025,KC,11.5,118,-140,,Covers Sports Odds History,2025-09-04,covers_sportsoddshistory_nfl_win,https://www.covers.com/sportsoddshistory/nfl-win/?sa=nfl&t=win&y=2025,2026-08-03T02:33:10.587698+00:00,Kansas City Chiefs,same_day_as_week1_kickoff
2025,LA,9.5,-145,120,,Covers Sports Odds History,2025-09-04,covers_sportsoddshistory_nfl_win,https://www.covers.com/sportsoddshistory/nfl-win/?sa=nfl&t=win&y=2025,2026-08-03T02:33:10.587698+00:00,Los Angeles Rams,same_day_as_week1_kickoff
2025,LAC,9.5,100,-120,,Covers Sports Odds History,2025-09-04,covers_sportsoddshistory_nfl_win,https://www.covers.com/sportsoddshistory/nfl-win/?sa=nfl&t=win&y=2025,2026-08-03T02:33:10.587698+00:00,Los Angeles Chargers,same_day_as_week1_kickoff
2025,LV,6.5,-150,125,,Covers Sports Odds History,2025-09-04,covers_sportsoddshistory_nfl_win,https://www.covers.com/sportsoddshistory/nfl-win/?sa=nfl&t=win&y=2025,2026-08-03T02:33:10.587698+00:00,Las Vegas Raiders,same_day_as_week1_kickoff
2025,MIA,7.5,-110,-110,,Covers Sports Odds History,2025-09-04,covers_sportsoddshistory_nfl_win,https://www.covers.com/sportsoddshistory/nfl-win/?sa=nfl&t=win&y=2025,2026-08-03T02:33:10.587698+00:00,Miami Dolphins,same_day_as_week1_kickoff
2025,MIN,9.5,115,-140,,Covers Sports Odds History,2025-09-04,covers_sportsoddshistory_nfl_win,https://www.covers.com/sportsoddshistory/nfl-win/?sa=nfl&t=win&y=2025,2026-08-03T02:33:10.587698+00:00,Minnesota Vikings,same_day_as_week1_kickoff
2025,NE,8.5,-110,-110,,Covers Sports Odds History,2025-09-04,covers_sportsoddshistory_nfl_win,https://www.covers.com/sportsoddshistory/nfl-win/?sa=nfl&t=win&y=2025,2026-08-03T02:33:10.587698+00:00,New England Patriots,same_day_as_week1_kickoff
2025,NO,4.5,-145,120,,Covers Sports Odds History,2025-09-04,covers_sportsoddshistory_nfl_win,https://www.covers.com/sportsoddshistory/nfl-win/?sa=nfl&t=win&y=2025,2026-08-03T02:33:10.587698+00:00,New Orleans Saints,same_day_as_week1_kickoff
2025,NYG,5.5,-120,100,,Covers Sports Odds History,2025-09-04,covers_sportsoddshistory_nfl_win,https://www.covers.com/sportsoddshistory/nfl-win/?sa=nfl&t=win&y=2025,2026-08-03T02:33:10.587698+00:00,New York Giants,same_day_as_week1_kickoff
2025,NYJ,6.5,120,-145,,Covers Sports Odds History,2025-09-04,covers_sportsoddshistory_nfl_win,https://www.covers.com/sportsoddshistory/nfl-win/?sa=nfl&t=win&y=2025,2026-08-03T02:33:10.587698+00:00,New York Jets,same_day_as_week1_kickoff
2025,PHI,11.5,105,-125,,Covers Sports Odds History,2025-09-04,covers_sportsoddshistory_nfl_win,https://www.covers.com/sportsoddshistory/nfl-win/?sa=nfl&t=win&y=2025,2026-08-03T02:33:10.587698+00:00,Philadelphia Eagles,same_day_as_week1_kickoff
2025,PIT,8.5,-120,100,,Covers Sports Odds History,2025-09-04,covers_sportsoddshistory_nfl_win,https://www.covers.com/sportsoddshistory/nfl-win/?sa=nfl&t=win&y=2025,2026-08-03T02:33:10.587698+00:00,Pittsburgh Steelers,same_day_as_week1_kickoff
2025,SEA,8.5,105,-125,,Covers Sports Odds History,2025-09-04,covers_sportsoddshistory_nfl_win,https://www.covers.com/sportsoddshistory/nfl-win/?sa=nfl&t=win&y=2025,2026-08-03T02:33:10.587698+00:00,Seattle Seahawks,same_day_as_week1_kickoff
2025,SF,10.5,-102,-118,,Covers Sports Odds History,2025-09-04,covers_sportsoddshistory_nfl_win,https://www.covers.com/sportsoddshistory/nfl-win/?sa=nfl&t=win&y=2025,2026-08-03T02:33:10.587698+00:00,San Francisco 49ers,same_day_as_week1_kickoff
2025,TB,9.5,-115,-105,,Covers Sports Odds History,2025-09-04,covers_sportsoddshistory_nfl_win,https://www.covers.com/sportsoddshistory/nfl-win/?sa=nfl&t=win&y=2025,2026-08-03T02:33:10.587698+00:00,Tampa Bay Buccaneers,same_day_as_week1_kickoff
2025,TEN,6.5,120,-145,,Covers Sports Odds History,2025-09-04,covers_sportsoddshistory_nfl_win,https://www.covers.com/sportsoddshistory/nfl-win/?sa=nfl&t=win&y=2025,2026-08-03T02:33:10.587698+00:00,Tennessee Titans,same_day_as_week1_kickoff
2025,WAS,9.5,-105,-115,,Covers Sports Odds History,2025-09-04,covers_sportsoddshistory_nfl_win,https://www.covers.com/sportsoddshistory/nfl-win/?sa=nfl&t=win&y=2025,2026-08-03T02:33:10.587698+00:00,Washington Commanders,same_day_as_week1_kickoff
