population,universe,panel,threshold,panel_complete_n,vs_model_alone_hr_agree,vs_model_alone_hr_no_agree,vs_model_alone_lift,vs_model_alone_ci_lo,vs_model_alone_ci_hi,vs_model_alone_n_agree,vs_model_alone_n_no_agree,vs_model_alone_boot_usable,vs_model_alone_ci_crosses_zero,vs_sleeper_alone_hr_agree,vs_sleeper_alone_hr_no_agree,vs_sleeper_alone_lift,vs_sleeper_alone_ci_lo,vs_sleeper_alone_ci_hi,vs_sleeper_alone_n_agree,vs_sleeper_alone_n_no_agree,vs_sleeper_alone_boot_usable,vs_sleeper_alone_ci_crosses_zero,perm_n,perm_observed,perm_null_mean,perm_null_p95,perm_p_value
all_adp,A,pooled_2024_2025,0.0,866,0.798828125,0.44410876132930516,0.35471936367069484,0.29063629485090575,0.41729012675656374,512,331,10000,False,0.798828125,0.5830618892508144,0.21576623574918563,0.15095087185714376,0.2807220563450553,512,307,10000,False,512,0.798828125,0.5001712890625,0.53515625,9.999000099990002e-05
all_adp,A,pooled_2024_2025,5.0,866,0.8875739644970414,0.48514851485148514,0.40242544964555627,0.33730790929537496,0.4665171566082138,338,303,10000,False,0.8875739644970414,0.7061855670103093,0.18138839748673208,0.11032683734510126,0.2532755733112539,338,194,10000,False,338,0.8875739644970414,0.5031917159763314,0.5473372781065089,9.999000099990002e-05
all_adp,A,pooled_2024_2025,7.5,866,0.9022801302931596,0.4833948339483395,0.4188852963448201,0.3493942823525835,0.48643995760678294,307,271,10000,False,0.9022801302931596,0.7423312883435583,0.15994884194960124,0.0859101266574418,0.2335457642984646,307,163,10000,False,307,0.9022801302931596,0.5044583061889251,0.5504885993485342,9.999000099990002e-05
all_adp,A,pooled_2024_2025,10.0,866,0.9227799227799228,0.5387931034482759,0.3839868193316469,0.3119950666989641,0.45344362569287605,259,232,10000,False,0.9227799227799228,0.7575757575757576,0.16520416520416525,0.08715872371097488,0.24487724487814486,259,132,10000,False,259,0.9227799227799228,0.5047223938223938,0.555984555984556,9.999000099990002e-05
all_adp,A,pooled_2023_2025,0.0,1150,0.7801526717557252,0.43982494529540483,0.3403277264603204,0.28754428610822835,0.3950062528889179,655,457,10000,False,0.7801526717557252,0.5752427184466019,0.20490995330912332,0.1475205206470058,0.2623389723833618,655,412,10000,False,655,0.7801526717557252,0.4978557251908397,0.5297709923664122,9.999000099990002e-05
all_adp,A,pooled_2023_2025,5.0,1150,0.8801020408163265,0.49406175771971494,0.38604028309661154,0.3286159495612515,0.4423654729701556,392,421,10000,False,0.8801020408163265,0.721030042918455,0.15907199789787152,0.09492955642200139,0.22406004439726374,392,233,10000,False,392,0.8801020408163265,0.5024479591836735,0.5433673469387755,9.999000099990002e-05
all_adp,A,pooled_2023_2025,7.5,1150,0.9023668639053254,0.4973404255319149,0.4050264383734105,0.3464821374941536,0.4638966173234442,338,376,10000,False,0.9023668639053254,0.7562189054726368,0.14614795843268857,0.08023210299280975,0.21318819458808927,338,201,10000,False,338,0.9023668639053254,0.5040905325443786,0.5473372781065089,9.999000099990002e-05
all_adp,A,pooled_2023_2025,10.0,1150,0.9252669039145908,0.560126582278481,0.36514032163610977,0.303620082650905,0.4280693380586417,281,316,10000,False,0.9252669039145908,0.7861635220125787,0.1391033819020121,0.07105518558956683,0.21103675654390602,281,159,10000,False,281,0.9252669039145908,0.5042811387900356,0.5516014234875445,9.999000099990002e-05
all_adp,A,pooled_2021_2025,0.0,1679,0.7680851063829788,0.4298375184638109,0.33824758791916787,0.2922077395885479,0.3823147863264535,940,677,10000,False,0.7680851063829788,0.5945072697899838,0.17357783659299497,0.12703438671202177,0.22114756008253456,940,619,10000,False,940,0.7680851063829788,0.49355787234042564,0.5202127659574468,9.999000099990002e-05
all_adp,A,pooled_2021_2025,5.0,1679,0.8565891472868217,0.5016077170418006,0.35498143024502105,0.3051957003274154,0.4038752247343532,516,622,10000,False,0.8565891472868217,0.7575757575757576,0.0990133897110641,0.046920278041541426,0.15264499729746794,516,363,10000,False,516,0.8565891472868217,0.5000959302325582,0.5348837209302325,9.999000099990002e-05
all_adp,A,pooled_2021_2025,7.5,1679,0.8815165876777251,0.5128676470588235,0.36864894061890163,0.31573218032624384,0.4195549226359906,422,544,10000,False,0.8815165876777251,0.7745098039215687,0.10700678375615646,0.053406600249065954,0.16213284246347537,422,306,10000,False,422,0.8815165876777251,0.5022054502369668,0.5402843601895735,9.999000099990002e-05
all_adp,A,pooled_2021_2025,10.0,1679,0.9123867069486404,0.5607064017660044,0.35168030518263604,0.29567526426726953,0.4056153923373863,331,453,10000,False,0.9123867069486404,0.7957446808510639,0.11664202609757657,0.058278600084876245,0.17688607914521734,331,235,10000,False,331,0.9123867069486404,0.5035549848942598,0.5468277945619335,9.999000099990002e-05
all_adp,B,pooled_2024_2025,0.0,866,0.7760314341846758,0.44242424242424244,0.33360719176043335,0.2685502197609078,0.3966513469803883,509,330,10000,False,0.7760314341846758,0.5993485342019544,0.17668289998272135,0.11179662408004903,0.24065064275332024,509,307,10000,False,509,0.7760314341846758,0.49439155206286833,0.5304518664047151,9.999000099990002e-05
all_adp,B,pooled_2024_2025,5.0,866,0.8535825545171339,0.4872611464968153,0.36632140802031865,0.2986998724973686,0.4336175545313645,321,314,10000,False,0.8535825545171339,0.698019801980198,0.15556275253693597,0.08225803570320384,0.22887065078455887,321,202,10000,False,321,0.8535825545171339,0.49406355140186914,0.5420560747663551,9.999000099990002e-05
all_adp,B,pooled_2024_2025,7.5,866,0.8695652173913043,0.506896551724138,0.3626686656671664,0.2930400032456995,0.43124516826244197,276,290,10000,False,0.8695652173913043,0.7292817679558011,0.1402834494355032,0.0647417068068871,0.21481867952923148,276,181,10000,False,276,0.8695652173913043,0.494261231884058,0.5434782608695652,9.999000099990002e-05
all_adp,B,pooled_2024_2025,10.0,866,0.8874458874458875,0.5537190082644629,0.33372687918142463,0.25781280832114734,0.4044851017484837,231,242,10000,False,0.8874458874458875,0.726027397260274,0.1614184901856135,0.07972531648908149,0.24163153697680556,231,146,10000,False,231,0.8874458874458875,0.49445627705627704,0.5497835497835498,9.999000099990002e-05
all_adp,B,pooled_2023_2025,0.0,1150,0.7576687116564417,0.4358407079646018,0.3218280036918399,0.2667324941631265,0.37788041417589635,652,452,10000,False,0.7576687116564417,0.5875299760191847,0.170138735637257,0.11357904789203939,0.22706589411824138,652,417,10000,False,652,0.7576687116564417,0.49262024539877314,0.5245398773006135,9.999000099990002e-05
all_adp,B,pooled_2023_2025,5.0,1150,0.8418230563002681,0.495260663507109,0.3465623927931591,0.28816165734678106,0.40606343343035206,373,422,10000,False,0.8418230563002681,0.708,0.13382305630026814,0.06694243522764494,0.20246553546027227,373,250,10000,False,373,0.8418230563002681,0.49373243967828423,0.5361930294906166,9.999000099990002e-05
all_adp,B,pooled_2023_2025,7.5,1150,0.8664495114006515,0.5217391304347826,0.3447103809658689,0.28369097717793945,0.40697364818352433,307,391,10000,False,0.8664495114006515,0.7351598173515982,0.13128969404905333,0.06022962678577101,0.20051703459707612,307,219,10000,False,307,0.8664495114006515,0.4938117263843648,0.5407166123778502,9.999000099990002e-05
all_adp,B,pooled_2023_2025,10.0,1150,0.8938775510204081,0.5766871165644172,0.31719043445599093,0.2516905934268763,0.3827879513630215,245,326,10000,False,0.8938775510204081,0.7543859649122807,0.1394915861081274,0.06432733873124856,0.2163878314280835,245,171,10000,False,245,0.8938775510204081,0.49409387755102036,0.5469387755102041,9.999000099990002e-05
all_adp,B,pooled_2021_2025,0.0,1679,0.7508021390374332,0.4298375184638109,0.3209646205736223,0.27463495276770733,0.36530481713205737,935,677,10000,False,0.7508021390374332,0.594855305466238,0.1559468335711952,0.10884962724327904,0.20361934151760164,935,622,10000,False,935,0.7508021390374332,0.48985989304812827,0.5165775401069519,9.999000099990002e-05
all_adp,B,pooled_2021_2025,5.0,1679,0.8257261410788381,0.5016181229773463,0.3241080181014918,0.27357397641674885,0.3754420399779548,482,618,10000,False,0.8257261410788381,0.7311827956989247,0.09454334537991338,0.03948183019346217,0.15229465828927896,482,372,10000,False,482,0.8257261410788381,0.4898352697095436,0.5269709543568465,9.999000099990002e-05
all_adp,B,pooled_2021_2025,7.5,1679,0.85,0.5309090909090909,0.3190909090909091,0.26462192916004146,0.3742740650886922,380,550,10000,False,0.85,0.7592592592592593,0.09074074074074068,0.03382166616097038,0.14899420349391992,380,324,10000,False,380,0.85,0.4909481578947369,0.531578947368421,9.999000099990002e-05
all_adp,B,pooled_2021_2025,10.0,1679,0.8838028169014085,0.5707964601769911,0.31300635672441735,0.25441138697711974,0.3708541495856291,284,452,10000,False,0.8838028169014085,0.7704918032786885,0.11331101362272,0.050388649168873145,0.17759923005637931,284,244,10000,False,284,0.8838028169014085,0.4932447183098591,0.5422535211267606,9.999000099990002e-05
drafted_top180,A,pooled_2024_2025,0.0,349,0.6604938271604939,0.44642857142857145,0.21406525573192242,0.10954001713436166,0.3163214579029695,162,168,10000,False,0.6604938271604939,0.5827814569536424,0.07771237020685151,-0.03217662928532487,0.18387189469781234,162,151,10000,True,162,0.6604938271604939,0.48397962962962965,0.5493827160493827,9.999000099990002e-05
drafted_top180,A,pooled_2024_2025,5.0,349,0.85,0.5177304964539007,0.3322695035460993,0.18589855969760166,0.46686436393851527,40,141,10000,False,0.85,0.696969696969697,0.15303030303030296,-0.00953058368869932,0.3103908591408592,40,66,10000,True,40,0.85,0.48744249999999995,0.625,9.999000099990002e-05
drafted_top180,A,pooled_2024_2025,7.5,349,0.9310344827586207,0.5045871559633027,0.42644732679531794,0.2867593309253526,0.5500006871907642,29,109,10000,False,0.9310344827586207,0.75,0.18103448275862066,0.02528301591769087,0.33131925162746195,29,48,10000,False,29,0.9310344827586207,0.49872068965517247,0.6551724137931034,9.999000099990002e-05
drafted_top180,A,pooled_2024_2025,10.0,349,1.0,0.52,0.48,0.36923076923076925,0.5945945945945945,15,75,10000,False,1.0,0.7307692307692307,0.2692307692307693,0.10344827586206895,0.44999999999999996,15,26,10000,False,15,1.0,0.49196000000000006,0.7333333333333333,9.999000099990002e-05
drafted_top180,A,pooled_2023_2025,0.0,523,0.6721991701244814,0.44841269841269843,0.22378647171178295,0.13875250780640128,0.3069078196293875,241,252,10000,False,0.6721991701244814,0.573394495412844,0.09880467471163734,0.009522735966132177,0.18439910653180436,241,218,10000,False,241,0.6721991701244814,0.4829709543568465,0.5352697095435685,9.999000099990002e-05
drafted_top180,A,pooled_2023_2025,5.0,523,0.864406779661017,0.5497630331753555,0.3146437464856615,0.19958479600056628,0.41904876373626376,59,211,10000,False,0.864406779661017,0.6705882352941176,0.19381854436689938,0.0600238469824058,0.32398420479302825,59,85,10000,False,59,0.864406779661017,0.48560338983050844,0.5932203389830508,9.999000099990002e-05
drafted_top180,A,pooled_2023_2025,7.5,523,0.925,0.5497076023391813,0.3752923976608188,0.2599468753018449,0.482362388834326,40,171,10000,False,0.925,0.7419354838709677,0.1830645161290323,0.0478306684516743,0.3188505464289739,40,62,10000,False,40,0.925,0.49532249999999994,0.625,9.999000099990002e-05
drafted_top180,A,pooled_2023_2025,10.0,523,1.0,0.5819672131147541,0.4180327868852459,0.33333333333333337,0.5043478260869565,19,122,10000,False,1.0,0.7837837837837838,0.21621621621621623,0.0888888888888889,0.3571428571428571,19,37,10000,False,19,1.0,0.487678947368421,0.6842105263157895,9.999000099990002e-05
drafted_top180,A,pooled_2021_2025,0.0,867,0.7219512195121951,0.4387254901960784,0.28322572931611667,0.21938094112826428,0.3468460987025738,410,408,10000,False,0.7219512195121951,0.5949720670391061,0.126979152473089,0.05987972289194377,0.1932868809049167,410,358,10000,False,410,0.7219512195121951,0.4855248780487805,0.5245121951219495,9.999000099990002e-05
drafted_top180,A,pooled_2021_2025,5.0,867,0.8380952380952381,0.556497175141243,0.28159806295399514,0.1910827150005446,0.3665126530863074,105,354,10000,False,0.8380952380952381,0.7701863354037267,0.0679089026915114,-0.028466614816626483,0.16114167980209582,105,161,10000,True,105,0.8380952380952381,0.48347904761904764,0.5619047619047619,9.999000099990002e-05
drafted_top180,A,pooled_2021_2025,7.5,867,0.8857142857142857,0.5508771929824562,0.3348370927318295,0.23804747506735488,0.42553238947076405,70,285,10000,False,0.8857142857142857,0.8125,0.07321428571428568,-0.031013186588523825,0.16924328716359874,70,128,10000,True,70,0.8857142857142857,0.48893428571428565,0.5857142857142857,9.999000099990002e-05
drafted_top180,A,pooled_2021_2025,10.0,867,0.8918918918918919,0.5863874345549738,0.3055044573369181,0.1762279452734033,0.42098086124401907,37,191,10000,False,0.8918918918918919,0.8571428571428571,0.03474903474903479,-0.09751187193865798,0.15561244557955087,37,77,10000,True,37,0.8918918918918919,0.4884405405405406,0.6216216216216216,9.999000099990002e-05
drafted_top180,B,pooled_2024_2025,0.0,349,0.6583850931677019,0.44970414201183434,0.20868095115586754,0.10420150735443093,0.3108988770346881,161,169,10000,False,0.6583850931677019,0.5827814569536424,0.07560363621405952,-0.03438397193645364,0.18219331596778482,161,151,10000,True,161,0.6583850931677019,0.4847465838509317,0.546583850931677,9.999000099990002e-05
drafted_top180,B,pooled_2024_2025,5.0,349,0.8717948717948718,0.5140845070422535,0.3577103647526183,0.21638592261238362,0.4871804062126643,39,142,10000,False,0.8717948717948718,0.676923076923077,0.19487179487179485,0.03332543027748507,0.34964306537440026,39,65,10000,False,39,0.8717948717948718,0.490248717948718,0.6153846153846154,9.999000099990002e-05
drafted_top180,B,pooled_2024_2025,7.5,349,0.9285714285714286,0.509090909090909,0.41948051948051956,0.2777731939860653,0.5445544554455446,28,110,10000,False,0.9285714285714286,0.75,0.1785714285714286,0.020586954226281574,0.32945448934263694,28,48,10000,False,28,0.9285714285714286,0.5031607142857143,0.6428571428571429,9.999000099990002e-05
drafted_top180,B,pooled_2024_2025,10.0,349,1.0,0.52,0.48,0.36708860759493667,0.5945945945945945,14,75,10000,False,1.0,0.72,0.28,0.1071428571428571,0.46875,14,25,10000,False,14,1.0,0.4973714285714285,0.7142857142857143,0.00019998000199980003
drafted_top180,B,pooled_2023_2025,0.0,523,0.6723404255319149,0.46511627906976744,0.20722414646214743,0.12117599448399202,0.29115056188779326,235,258,10000,False,0.6723404255319149,0.5714285714285714,0.10091185410334347,0.011520939434673113,0.18906044704741692,235,217,10000,False,235,0.6723404255319149,0.4868114893617021,0.5404255319148936,9.999000099990002e-05
drafted_top180,B,pooled_2023_2025,5.0,523,0.8771929824561403,0.5633802816901409,0.31381270076599943,0.20013697418722542,0.41870903045903035,57,213,10000,False,0.8771929824561403,0.6626506024096386,0.21454238004650172,0.08116570929070924,0.34385999583940086,57,83,10000,False,57,0.8771929824561403,0.4913385964912281,0.5964912280701754,9.999000099990002e-05
drafted_top180,B,pooled_2023_2025,7.5,523,0.9210526315789473,0.5654761904761905,0.3555764411027569,0.23544132808487903,0.4651209801494772,38,168,10000,False,0.9210526315789473,0.75,0.17105263157894735,0.032665716014173424,0.30952561327561323,38,60,10000,False,38,0.9210526315789473,0.4998921052631578,0.631578947368421,9.999000099990002e-05
drafted_top180,B,pooled_2023_2025,10.0,523,1.0,0.6050420168067226,0.39495798319327735,0.3090872135994087,0.4818181818181818,19,119,10000,False,1.0,0.7777777777777778,0.2222222222222222,0.09302325581395354,0.36585365853658536,19,36,10000,False,19,1.0,0.49428421052631577,0.6842105263157895,9.999000099990002e-05
drafted_top180,B,pooled_2021_2025,0.0,867,0.7212276214833759,0.4519906323185012,0.26923698916487476,0.20486902787766922,0.3330982547967034,391,427,10000,False,0.7212276214833759,0.5837837837837838,0.13744383769959212,0.06981617979316818,0.20392266669707063,391,370,10000,False,391,0.7212276214833759,0.48516700767263427,0.5268542199488491,9.999000099990002e-05
drafted_top180,B,pooled_2021_2025,5.0,867,0.8316831683168316,0.5621468926553672,0.26953627566146443,0.17854663638453136,0.3562561138591685,101,354,10000,False,0.8316831683168316,0.7548387096774194,0.07684445863941225,-0.024108636982301066,0.17439136351109277,101,155,10000,True,101,0.8316831683168316,0.4867683168316832,0.5643564356435643,9.999000099990002e-05
drafted_top180,B,pooled_2021_2025,7.5,867,0.8823529411764706,0.5563636363636364,0.32598930481283417,0.2260257181177114,0.42000100959111564,68,275,10000,False,0.8823529411764706,0.8048780487804879,0.07747489239598271,-0.02812533820346316,0.17712611053719005,68,123,10000,True,68,0.8823529411764706,0.49163823529411765,0.5882352941176471,9.999000099990002e-05
drafted_top180,B,pooled_2021_2025,10.0,867,0.9428571428571428,0.6032608695652174,0.33959627329192543,0.22959969650075598,0.4390243902439024,35,184,10000,False,0.9428571428571428,0.8289473684210527,0.11390977443609018,-0.0056956581538681805,0.22535211267605637,35,76,10000,True,35,0.9428571428571428,0.4910257142857143,0.6285714285714286,9.999000099990002e-05
