player_id,player_display_name,position,team,opponent_team,gameday,projected_pts,implied_team_total,depth_chart_position,injury_status_score,is_home,off_epa_roll4,opp_season_win_pct,opp_win_pct_roll4,off_epa_rank,sos_rank,pred_qb_pass_yards,pred_qb_rush_yards,pred_rush_yards,pred_rec_yards,pred_wr_receptions,pred_wr_rec_yards,pred_te_receptions,pred_te_rec_yards
00-0037834,Brock Purdy,QB,SF,CLE,2025-11-30,24.02,15.0,1.0,1.0,0,0.1645314529215629,0.7333333333333333,0.3858641358641358,3,30,263.81,18.66,,,,,,
00-0039851,Drake Maye,QB,NE,NYG,2025-12-01,22.01,19.75,1.0,1.0,1,0.1569497663344893,0.2,0.4147435897435897,5,27,219.56,34.92,,,,,,
00-0034857,Josh Allen,QB,BUF,PIT,2025-11-30,21.89,20.75,1.0,1.0,0,0.1692050266074698,0.2142857142857142,0.4848068598068598,2,17,190.0,32.34,,,,,,
00-0039732,Bo Nix,QB,DEN,WAS,2025-11-30,21.0,18.5,1.0,1.0,0,0.1174218214754575,0.4,0.4614968364968364,8,20,272.61,10.67,,,,,,
00-0036971,Trevor Lawrence,QB,JAX,TEN,2025-11-30,20.29,18.25,1.0,1.0,0,0.1250437759787225,0.5333333333333333,0.4613719613719613,7,21,237.99,13.75,,,,,,
00-0033873,Patrick Mahomes,QB,KC,DAL,2025-11-27,19.79,25.0,1.0,1.0,0,-0.1152884611769509,0.5833333333333334,0.4682609057609058,28,18,297.92,11.36,,,,,,
00-0033077,Dak Prescott,QB,DAL,KC,2025-11-27,19.76,28.5,1.0,1.0,1,0.0876025690281826,0.2666666666666666,0.5569222444222444,9,7,270.55,8.22,,,,,,
00-0033119,Jacoby Brissett,QB,ARI,TB,2025-11-30,19.54,24.5,1.0,1.0,0,-0.0200817692320336,0.3333333333333333,0.5669955044955045,23,5,258.58,15.11,,,,,,
00-0033106,Jared Goff,QB,DET,GB,2025-11-27,19.46,23.0,1.0,1.0,1,0.1573203137248841,0.4666666666666667,0.6192557442557443,4,4,270.68,4.99,,,,,,
00-0035228,Kyler Murray,QB,ARI,TB,2025-11-30,19.1,24.5,3.0,1.0,0,-0.0200817692320336,0.6666666666666666,0.5669955044955045,23,5,217.31,17.6,,,,,,
00-0036389,Jalen Hurts,QB,PHI,CHI,2025-11-28,19.09,18.25,1.0,1.0,1,0.0590580013814779,0.2857142857142857,0.4583749583749584,14,22,242.07,24.14,,,,,,
00-0035710,Daniel Jones,QB,IND,HOU,2025-11-30,18.84,20.75,1.0,1.0,1,-0.1099062493798814,0.5454545454545454,0.6739094239094239,27,3,243.22,17.18,,,,,,
00-0034796,Lamar Jackson,QB,BAL,CIN,2025-11-27,18.56,22.75,1.0,1.0,1,-0.0035963003912532,0.7857142857142857,0.4665334665334665,19,19,231.65,15.64,,,,,,
00-0036442,Joe Burrow,QB,CIN,BAL,2025-11-27,18.52,29.75,1.0,1.0,0,0.0448989351680796,0.2,0.5255577755577756,15,12,272.95,7.07,,,,,,
00-0032268,Marcus Mariota,QB,WAS,DEN,2025-11-30,18.07,25.0,2.0,1.0,1,-0.1204819871553674,0.1538461538461538,0.4870546120546121,29,16,218.53,19.94,,,,,,
00-0026498,Matthew Stafford,QB,LA,CAR,2025-11-30,18.02,17.25,1.0,1.0,0,0.2548577506652165,0.4,0.5377747252747253,1,11,267.81,5.15,,,,,,
00-0023459,Aaron Rodgers,QB,PIT,BUF,2025-11-30,17.14,23.75,1.0,1.0,1,0.069888843890464,0.2,0.5423326673326674,11,9,257.1,6.49,,,,,,
00-0040691,Jaxson Dart,QB,NYG,NE,2025-12-01,16.79,26.75,1.0,1.0,0,-0.0875692463965452,0.1333333333333333,0.5231684981684982,26,14,209.17,24.22,,,,,,
00-0032950,Carson Wentz,QB,MIN,SEA,2025-11-30,16.78,27.5,3.0,1.0,0,-0.0559571697535418,0.6666666666666666,0.3954170829170829,24,29,256.8,9.12,,,,,,
00-0034869,Sam Darnold,QB,SEA,MIN,2025-11-30,16.77,15.0,1.0,1.0,1,-0.0089089855616453,0.5333333333333333,0.5245171495171495,21,13,271.79,10.56,,,,,,
00-0036945,Justin Fields,QB,NYJ,ATL,2025-11-30,16.62,20.75,2.0,1.0,1,-0.2392364677490492,0.25,0.4395812520812521,32,23,180.18,28.59,,,,,,
00-0036264,Jordan Love,QB,GB,DET,2025-11-27,16.6,25.5,1.0,1.0,0,0.1529564013719251,0.8461538461538461,0.7367007992007992,6,1,243.42,11.9,,,,,,
00-0039918,Caleb Williams,QB,CHI,PHI,2025-11-28,16.41,25.25,1.0,1.0,0,0.075685334949902,0.7333333333333333,0.5668914418914419,10,6,228.65,11.04,,,,,,
00-0040743,Tyler Shough,QB,NO,MIA,2025-11-30,16.01,23.5,1.0,1.0,0,-0.0114811011743694,0.2,0.4249292374292374,22,25,173.03,26.61,,,,,,
00-0039376,Spencer Rattler,QB,NO,MIA,2025-11-30,15.26,23.5,2.0,1.0,0,-0.0114811011743694,0.7142857142857143,0.4249292374292374,22,25,222.66,20.97,,,,,,
00-0031280,Derek Carr,QB,NO,MIA,2025-11-30,15.07,23.5,2.0,1.0,0,-0.0114811011743694,0.4545454545454545,0.4249292374292374,22,25,209.09,6.61,,,,,,
00-0031503,Jameis Winston,QB,NYG,NE,2025-12-01,15.07,26.75,2.0,1.0,0,-0.0875692463965452,0.6,0.5231684981684982,26,14,213.45,11.04,,,,,,
00-0035264,Jarrett Stidham,QB,DEN,WAS,2025-11-30,15.07,18.5,2.0,1.0,0,0.1174218214754575,0.3333333333333333,0.4614968364968364,8,20,202.02,13.69,,,,,,
00-0029263,Russell Wilson,QB,NYG,NE,2025-12-01,15.03,26.75,3.0,1.0,0,-0.0875692463965452,0.8,0.5231684981684982,26,14,209.76,15.2,,,,,,
00-0039164,Anthony Richardson,QB,IND,HOU,2025-11-30,14.65,20.75,3.0,1.0,1,-0.1099062493798814,0.0,0.6739094239094239,27,3,148.68,42.26,,,,,,
00-0040676,Cam Ward,QB,TEN,JAX,2025-11-30,14.63,24.25,1.0,1.0,1,-0.0600036058434601,0.3333333333333333,0.5018106893106893,25,15,230.97,16.99,,,,,,
00-0035100,Jake Browning,QB,CIN,BAL,2025-11-27,14.43,29.75,3.0,1.0,0,0.0448989351680796,0.75,0.5255577755577756,15,12,242.77,14.36,,,,,,
00-0040668,Shedeur Sanders,QB,CLE,SF,2025-11-30,14.36,20.5,1.0,1.0,1,-0.2035625371766095,0.6,0.5391483516483516,30,10,197.71,24.81,,,,,,
00-0036355,Justin Herbert,QB,LAC,LV,2025-11-30,14.08,15.25,1.0,1.0,1,0.0667973673123801,0.4285714285714285,0.4346486846486846,12,24,177.12,17.67,,,,,,
00-0035993,Tyler Huntley,QB,BAL,CIN,2025-11-27,14.04,22.75,2.0,1.0,1,-0.0035963003912532,0.7857142857142857,0.4665334665334665,19,19,148.64,12.17,,,,,,
00-0029604,Kirk Cousins,QB,ATL,NYJ,2025-11-30,14.03,17.75,1.0,1.0,0,0.0221513693594375,0.7333333333333333,0.4211413586413586,16,26,241.76,0.36,,,,,,
00-0037324,Chris Oladokun,QB,KC,DAL,2025-11-27,13.98,25.0,2.0,1.0,0,-0.1152884611769509,0.8,0.4682609057609058,28,18,176.2,11.69,,,,,,
00-0022942,Philip Rivers,QB,IND,HOU,2025-11-30,13.83,20.75,2.0,1.0,1,-0.1099062493798814,0.7142857142857143,0.6739094239094239,27,3,256.47,0.02,,,,,,
00-0035704,Drew Lock,QB,SEA,MIN,2025-11-30,13.67,15.0,2.0,1.0,1,-0.0089089855616453,0.375,0.5245171495171495,21,13,164.92,6.12,,,,,,
00-0034855,Baker Mayfield,QB,TB,ARI,2025-11-30,13.62,20.0,1.0,0.5,1,0.0114114413538503,0.4,0.3117715617715617,17,32,222.18,24.53,,,,,,
00-0039163,C.J. Stroud,QB,HOU,IND,2025-11-30,13.58,23.75,1.0,1.0,0,0.0063511369932493,0.7333333333333333,0.4002247752247752,18,28,224.9,13.22,,,,,,
00-0035289,Gardner Minshew,QB,KC,DAL,2025-11-27,13.55,25.0,2.0,1.0,0,-0.1152884611769509,0.6923076923076923,0.4682609057609058,28,18,178.64,1.09,,,,,,
00-0036898,Davis Mills,QB,HOU,IND,2025-11-30,13.43,23.75,2.0,1.0,0,0.0063511369932493,0.7,0.4002247752247752,18,28,215.46,12.03,,,,,,
00-0036972,Mac Jones,QB,SF,CLE,2025-11-30,13.32,15.0,2.0,1.0,0,0.1645314529215629,0.2727272727272727,0.3858641358641358,3,30,202.78,5.98,,,,,,
00-0038579,Aidan O'Connell,QB,LV,LAC,2025-11-30,13.15,25.25,3.0,1.0,0,-0.2095284627489942,0.3333333333333333,0.681984681984682,31,2,206.84,8.46,,,,,,
00-0039152,Will Levis,QB,TEN,JAX,2025-11-30,12.83,24.25,3.0,1.0,1,-0.0600036058434601,0.3846153846153846,0.5018106893106893,25,15,179.07,19.16,,,,,,
00-0028118,Tyrod Taylor,QB,NYJ,ATL,2025-11-30,12.69,20.75,1.0,1.0,1,-0.2392364677490492,0.3636363636363636,0.4395812520812521,32,23,160.56,15.53,,,,,,
00-0026158,Joe Flacco,QB,CIN,BAL,2025-11-27,12.66,29.75,2.0,1.0,0,0.0448989351680796,0.2,0.5255577755577756,15,12,196.96,8.24,,,,,,
00-0033949,Joshua Dobbs,QB,NE,NYG,2025-12-01,12.65,19.75,2.0,1.0,1,0.1569497663344893,0.2,0.4147435897435897,5,27,113.58,15.07,,,,,,
00-0040704,Dillon Gabriel,QB,CLE,SF,2025-11-30,12.58,20.5,2.0,1.0,1,-0.2035625371766095,0.6666666666666666,0.5391483516483516,30,10,193.86,10.92,,,,,,
00-0040206,Riley Leonard,QB,IND,HOU,2025-11-30,12.31,20.75,2.0,1.0,1,-0.1099062493798814,0.7333333333333333,0.6739094239094239,27,3,162.92,10.65,,,,,,
00-0033537,Deshaun Watson,QB,CLE,SF,2025-11-30,12.28,20.5,3.0,1.0,1,-0.2035625371766095,0.5,0.5391483516483516,30,10,183.39,17.85,,,,,,
00-0039917,Michael Penix Jr.,QB,ATL,NYJ,2025-11-30,12.2,17.75,3.0,1.0,0,0.0221513693594375,0.7777777777777778,0.4211413586413586,16,26,241.87,3.79,,,,,,
00-0036212,Tua Tagovailoa,QB,MIA,NO,2025-11-30,11.84,18.0,1.0,1.0,1,-0.0064661809473301,0.25,0.3139985014985015,20,31,208.24,5.91,,,,,,
00-0026300,Josh Johnson,QB,WAS,DEN,2025-11-30,10.89,25.0,3.0,1.0,1,-0.1204819871553674,0.4,0.4870546120546121,29,16,154.43,9.94,,,,,,
00-0040673,Jalen Milroe,QB,SEA,MIN,2025-11-30,10.39,15.0,3.0,1.0,1,-0.0089089855616453,0.0,0.5245171495171495,21,13,99.39,9.4,,,,,,
00-0033869,Mitchell Trubisky,QB,BUF,PIT,2025-11-30,10.27,20.75,2.0,1.0,0,0.1692050266074698,0.2222222222222222,0.4848068598068598,2,17,99.06,6.88,,,,,,
00-0039150,Bryce Young,QB,CAR,LA,2025-11-30,9.3,27.25,1.0,1.0,1,0.0619172570125864,0.8,0.5463286713286714,13,8,159.62,15.19,,,,,,
00-0039398,Joe Milton III,QB,DAL,KC,2025-11-27,9.07,28.5,2.0,1.0,1,0.0876025690281826,0.7142857142857143,0.5569222444222444,9,7,124.51,7.11,,,,,,
00-0030565,Geno Smith,QB,LV,LAC,2025-11-30,8.88,25.25,1.0,1.0,0,-0.2095284627489942,0.6428571428571429,0.681984681984682,31,2,181.81,2.95,,,,,,
00-0031345,Jimmy Garoppolo,QB,LA,CAR,2025-11-30,8.33,17.25,2.0,1.0,0,0.2548577506652165,0.25,0.5377747252747253,1,11,115.99,2.92,,,,,,
00-0034177,Tim Boyle,QB,MIA,NO,2025-11-30,8.11,18.0,2.0,1.0,1,-0.0064661809473301,0.5,0.3139985014985015,20,31,127.52,8.04,,,,,,
00-0038102,Kenny Pickett,QB,LV,LAC,2025-11-30,8.06,25.25,2.0,1.0,0,-0.2095284627489942,0.1333333333333333,0.681984681984682,31,2,131.99,8.72,,,,,,
00-0038128,Malik Willis,QB,GB,DET,2025-11-27,7.62,25.5,2.0,1.0,0,0.1529564013719251,0.7142857142857143,0.7367007992007992,6,1,75.12,10.64,,,,,,
00-0037012,Trey Lance,QB,LAC,LV,2025-11-30,7.6,15.25,2.0,1.0,1,0.0667973673123801,0.1818181818181818,0.4346486846486846,12,24,104.76,7.52,,,,,,
00-0038400,Tanner McKee,QB,PHI,CHI,2025-11-28,7.4,18.25,2.0,1.0,1,0.0590580013814779,0.2857142857142857,0.4583749583749584,14,22,139.23,4.7,,,,,,
00-0027973,Andy Dalton,QB,CAR,LA,2025-11-30,7.39,27.25,2.0,1.0,1,0.0619172570125864,0.0,0.5463286713286714,13,8,78.03,5.75,,,,,,
00-0040234,Quinn Ewers,QB,MIA,NO,2025-11-30,7.31,18.0,3.0,1.0,1,-0.0064661809473301,0.4666666666666667,0.3139985014985015,20,31,86.69,9.31,,,,,,
00-0040398,Brady Cook,QB,NYJ,ATL,2025-11-30,7.31,20.75,2.0,1.0,1,-0.2392364677490492,0.8,0.4395812520812521,32,23,142.24,10.2,,,,,,
00-0037013,Zach Wilson,QB,MIA,NO,2025-11-30,6.51,18.0,2.0,1.0,1,-0.0064661809473301,0.25,0.3139985014985015,20,31,126.88,11.64,,,,,,
00-0038476,Tommy DeVito,QB,NYG,NE,2025-12-01,6.37,26.75,3.0,1.0,0,-0.0875692463965452,0.4,0.5231684981684982,26,14,86.38,12.28,,,,,,
00-0038122,Desmond Ridder,QB,LV,LAC,2025-11-30,6.07,25.25,2.0,1.0,0,-0.2095284627489942,0.4615384615384615,0.681984681984682,31,2,104.92,6.15,,,,,,
00-0036928,Kyle Trask,QB,TB,ARI,2025-11-30,5.89,20.0,2.0,1.0,1,0.0114114413538503,0.2727272727272727,0.3117715617715617,17,32,71.21,10.14,,,,,,
00-0040494,Max Brosmer,QB,MIN,SEA,2025-11-30,5.86,27.5,2.0,1.0,0,-0.0559571697535418,0.5333333333333333,0.3954170829170829,24,29,125.89,9.98,,,,,,
00-0038583,Dorian Thompson-Robinson,QB,CLE,SF,2025-11-30,5.79,20.5,2.0,1.0,1,-0.2035625371766095,0.4666666666666667,0.5391483516483516,30,10,67.55,21.77,,,,,,
00-0038550,Hendon Hooker,QB,DET,GB,2025-11-27,5.78,23.0,2.0,1.0,1,0.1573203137248841,0.1666666666666666,0.6192557442557443,4,4,80.06,8.23,,,,,,
00-0038998,Jake Haener,QB,NO,MIA,2025-11-30,5.45,23.5,2.0,1.0,0,-0.0114811011743694,0.1666666666666666,0.4249292374292374,22,25,99.3,7.82,,,,,,
00-0033662,Cooper Rush,QB,BAL,CIN,2025-11-27,5.43,22.75,3.0,1.0,1,-0.0035963003912532,0.25,0.4665334665334665,19,19,64.47,3.49,,,,,,
00-0031237,Teddy Bridgewater,QB,TB,ARI,2025-11-30,5.34,20.0,2.0,1.0,1,0.0114114413538503,0.6666666666666666,0.3117715617715617,17,32,109.75,12.65,,,,,,
00-0034771,Mason Rudolph,QB,PIT,BUF,2025-11-30,5.29,23.75,2.0,1.0,1,0.069888843890464,0.7,0.5423326673326674,11,9,93.48,5.87,,,,,,
00-0031800,Taylor Heinicke,QB,LAC,LV,2025-11-30,4.78,15.25,2.0,1.0,1,0.0667973673123801,0.5384615384615384,0.4346486846486846,12,24,7.67,10.85,,,,,,
00-0038416,Tyson Bagent,QB,CHI,PHI,2025-11-28,4.61,25.25,2.0,1.0,0,0.075685334949902,0.0,0.5668914418914419,10,6,40.07,3.65,,,,,,
00-0032434,Brandon Allen,QB,SF,CLE,2025-11-30,4.59,15.0,2.0,1.0,0,0.1645314529215629,0.7,0.3858641358641358,3,30,104.33,1.91,,,,,,
00-0038582,Clayton Tune,QB,GB,DET,2025-11-27,3.3,25.5,2.0,1.0,0,0.1529564013719251,0.4666666666666667,0.7367007992007992,6,1,41.19,2.56,,,,,,
00-0034577,Kyle Allen,QB,DET,GB,2025-11-27,3.23,23.0,2.0,1.0,1,0.1573203137248841,0.3333333333333333,0.6192557442557443,4,4,24.21,6.35,,,,,,
00-0037327,Skylar Thompson,QB,MIA,NO,2025-11-30,2.34,18.0,4.0,1.0,1,-0.0064661809473301,1.0,0.3139985014985015,20,31,47.34,10.57,,,,,,
00-0033319,Nick Mullens,QB,JAX,TEN,2025-11-30,2.3,18.25,2.0,1.0,0,0.1250437759787225,0.2307692307692307,0.4613719613719613,7,21,13.41,3.85,,,,,,
00-0032764,Derrick Henry,RB,BAL,CIN,2025-11-27,20.44,22.75,1.0,1.0,1,-0.0035963003912532,0.6,0.4665334665334665,19,19,,,86.36,18.55,,,,
00-0037248,James Cook,RB,BUF,PIT,2025-11-30,19.83,20.75,1.0,1.0,0,0.1692050266074698,0.6666666666666666,0.4848068598068598,2,17,,,89.0,24.37,,,,
00-0039139,Jahmyr Gibbs,RB,DET,GB,2025-11-27,17.48,23.0,1.0,1.0,1,0.1573203137248841,0.4666666666666667,0.6192557442557443,4,4,,,75.55,46.4,,,,
00-0039040,De'Von Achane,RB,MIA,NO,2025-11-30,16.23,18.0,1.0,1.0,1,-0.0064661809473301,0.2857142857142857,0.3139985014985015,20,31,,,88.94,19.97,,,,
00-0033280,Christian McCaffrey,RB,SF,CLE,2025-11-30,16.09,15.0,1.0,1.0,0,0.1645314529215629,0.7333333333333333,0.3858641358641358,3,30,,,56.18,30.37,,,,
00-0038597,Chase Brown,RB,CIN,BAL,2025-11-27,15.82,29.75,1.0,1.0,0,0.0448989351680796,0.2,0.5255577755577756,15,12,,,64.62,20.0,,,,
00-0040730,RJ Harvey,RB,DEN,WAS,2025-11-30,15.62,18.5,1.0,1.0,0,0.1174218214754575,0.4,0.4614968364968364,8,20,,,63.57,23.83,,,,
00-0038542,Bijan Robinson,RB,ATL,NYJ,2025-11-30,15.33,17.75,1.0,1.0,0,0.0221513693594375,0.7333333333333333,0.4211413586413586,16,26,,,62.89,23.45,,,,
00-0036973,Travis Etienne,RB,JAX,TEN,2025-11-30,15.24,18.25,1.0,1.0,0,0.1250437759787225,0.5333333333333333,0.4613719613719613,7,21,,,66.81,22.25,,,,
00-0040122,Ashton Jeanty,RB,LV,LAC,2025-11-30,14.15,25.25,1.0,1.0,0,-0.2095284627489942,0.1333333333333333,0.681984681984682,31,2,,,65.14,32.2,,,,
00-0038134,Kenneth Walker III,RB,SEA,MIN,2025-11-30,14.0,15.0,1.0,1.0,1,-0.0089089855616453,0.5333333333333333,0.5245171495171495,21,13,,,84.48,9.47,,,,
00-0036997,Javonte Williams,RB,DAL,KC,2025-11-27,13.48,28.5,1.0,1.0,1,0.0876025690281826,0.7142857142857143,0.5569222444222444,9,7,,,66.87,14.46,,,,
00-0033553,James Conner,RB,ARI,TB,2025-11-30,12.69,24.5,6.0,1.0,0,-0.0200817692320336,0.0,0.5669955044955045,23,5,,,48.65,12.34,,,,
00-0037840,Kyren Williams,RB,LA,CAR,2025-11-30,12.65,17.25,1.0,1.0,0,0.2548577506652165,0.4,0.5377747252747253,1,11,,,62.26,9.12,,,,
00-0036919,Kenneth Gainwell,RB,PIT,BUF,2025-11-30,11.99,23.75,2.0,1.0,1,0.069888843890464,0.2,0.5423326673326674,11,9,,,47.65,27.68,,,,
00-0039738,Blake Corum,RB,LA,CAR,2025-11-30,11.88,17.25,2.0,1.0,0,0.2548577506652165,0.4,0.5377747252747253,1,11,,,54.9,10.94,,,,
00-0040236,Kyle Monangai,RB,CHI,PHI,2025-11-28,11.7,25.25,2.0,1.0,0,0.075685334949902,0.7333333333333333,0.5668914418914419,10,6,,,55.09,9.52,,,,
00-0038120,Breece Hall,RB,NYJ,ATL,2025-11-30,11.57,20.75,1.0,1.0,1,-0.2392364677490492,0.2857142857142857,0.4395812520812521,32,23,,,59.75,14.51,,,,
00-0039384,Tyrone Tracy Jr.,RB,NYG,NE,2025-12-01,11.49,26.75,1.0,1.0,0,-0.0875692463965452,0.1333333333333333,0.5231684981684982,26,14,,,51.59,22.31,,,,
00-0039405,Jawhar Jordan,RB,HOU,IND,2025-11-30,11.44,23.75,2.0,1.0,0,0.0063511369932493,0.7333333333333333,0.4002247752247752,18,28,,,53.3,10.75,,,,
00-0040715,Cam Skattebo,RB,NYG,NE,2025-12-01,11.42,26.75,4.0,1.0,0,-0.0875692463965452,0.6666666666666666,0.5231684981684982,26,14,,,56.78,16.75,,,,
00-0039361,Bucky Irving,RB,TB,ARI,2025-11-30,11.32,20.0,1.0,0.5,1,0.0114114413538503,0.4,0.3117715617715617,17,32,,,55.04,16.99,,,,
00-0035700,Josh Jacobs,RB,GB,DET,2025-11-27,11.27,25.5,1.0,1.0,0,0.1529564013719251,0.7142857142857143,0.7367007992007992,6,1,,,56.46,14.62,,,,
00-0034844,Saquon Barkley,RB,PHI,CHI,2025-11-28,11.18,18.25,1.0,1.0,1,0.0590580013814779,0.2857142857142857,0.4583749583749584,14,22,,,75.32,19.24,,,,
00-0036223,Jonathan Taylor,RB,IND,HOU,2025-11-30,10.9,20.75,1.0,1.0,1,-0.1099062493798814,0.7333333333333333,0.6739094239094239,27,3,,,66.92,13.45,,,,
00-0036275,D'Andre Swift,RB,CHI,PHI,2025-11-28,10.9,25.25,1.0,1.0,0,0.075685334949902,0.7333333333333333,0.5668914418914419,10,6,,,62.47,13.31,,,,
00-0035261,Tony Pollard,RB,TEN,JAX,2025-11-30,10.89,24.25,1.0,1.0,1,-0.0600036058434601,0.3333333333333333,0.5018106893106893,25,15,,,72.56,6.96,,,,
00-0036139,Rico Dowdle,RB,CAR,LA,2025-11-30,10.75,27.25,1.0,1.0,1,0.0619172570125864,0.8,0.5463286713286714,13,8,,,58.54,17.17,,,,
00-0040784,Quinshon Judkins,RB,CLE,SF,2025-11-30,10.69,20.5,1.0,1.0,1,-0.2035625371766095,0.6923076923076923,0.5391483516483516,30,10,,,53.64,8.53,,,,
00-0033897,Joe Mixon,RB,HOU,IND,2025-11-30,10.62,23.75,5.0,1.0,0,0.0063511369932493,0.6666666666666666,0.4002247752247752,18,28,,,57.38,18.96,,,,
00-0036875,Rhamondre Stevenson,RB,NE,NYG,2025-12-01,10.49,19.75,2.0,1.0,1,0.1569497663344893,0.2,0.4147435897435897,5,27,,,34.02,14.93,,,,
00-0037228,Jaylen Warren,RB,PIT,BUF,2025-11-30,10.07,23.75,1.0,1.0,1,0.069888843890464,0.2,0.5423326673326674,11,9,,,44.57,14.43,,,,
00-0039391,Kimani Vidal,RB,LAC,LV,2025-11-30,9.98,15.25,1.0,1.0,1,0.0667973673123801,0.4285714285714285,0.4346486846486846,12,24,,,47.87,9.6,,,,
00-0033293,Aaron Jones,RB,MIN,SEA,2025-11-30,9.6,27.5,1.0,1.0,0,-0.0559571697535418,0.1428571428571428,0.3954170829170829,24,29,,,55.19,15.56,,,,
00-0036158,J.K. Dobbins,RB,DEN,WAS,2025-11-30,9.44,18.5,4.0,1.0,0,0.1174218214754575,0.4285714285714285,0.4614968364968364,8,20,,,43.04,14.29,,,,
00-0040583,Woody Marks,RB,HOU,IND,2025-11-30,9.43,23.75,1.0,1.0,0,0.0063511369932493,0.7333333333333333,0.4002247752247752,18,28,,,54.79,7.61,,,,
00-0040734,TreVeyon Henderson,RB,NE,NYG,2025-12-01,9.2,19.75,1.0,1.0,1,0.1569497663344893,0.2,0.4147435897435897,5,27,,,52.08,9.43,,,,
00-0037157,Bam Knight,RB,ARI,TB,2025-11-30,8.99,24.5,1.0,0.5,0,-0.0200817692320336,0.75,0.5669955044955045,23,5,,,46.31,25.44,,,,
00-0035250,Devin Singletary,RB,NYG,NE,2025-12-01,8.5,26.75,2.0,1.0,0,-0.0875692463965452,0.1333333333333333,0.5231684981684982,26,14,,,43.46,15.44,,,,
00-0037509,Sincere McCormick,RB,LV,LAC,2025-11-30,8.47,25.25,2.0,1.0,0,-0.2095284627489942,0.5,0.681984681984682,31,2,,,45.11,11.83,,,,
00-0036251,Zack Moss,RB,CIN,BAL,2025-11-27,8.34,29.75,2.0,1.0,0,0.0448989351680796,0.1666666666666666,0.5255577755577756,15,12,,,31.95,17.05,,,,
00-0037197,Isiah Pacheco,RB,KC,DAL,2025-11-27,8.26,25.0,1.0,1.0,0,-0.1152884611769509,0.1428571428571428,0.4682609057609058,28,18,,,27.18,10.99,,,,
00-0039165,Zach Charbonnet,RB,SEA,MIN,2025-11-30,8.16,15.0,2.0,1.0,1,-0.0089089855616453,0.5333333333333333,0.5245171495171495,21,13,,,62.22,7.96,,,,
00-0035685,David Montgomery,RB,DET,GB,2025-11-27,7.93,23.0,2.0,1.0,1,0.1573203137248841,0.4666666666666667,0.6192557442557443,4,4,,,43.49,11.93,,,,
00-0039032,Tyjae Spears,RB,TEN,JAX,2025-11-30,7.92,24.25,2.0,1.0,1,-0.0600036058434601,0.3333333333333333,0.5018106893106893,25,15,,,28.58,20.4,,,,
00-0038611,Chris Rodriguez Jr.,RB,WAS,DEN,2025-11-30,7.8,25.0,1.0,1.0,1,-0.1204819871553674,0.6428571428571429,0.4870546120546121,29,16,,,58.27,10.51,,,,
00-0037263,Tyler Allgeier,RB,ATL,NYJ,2025-11-30,7.74,17.75,2.0,1.0,0,0.0221513693594375,0.7333333333333333,0.4211413586413586,16,26,,,33.4,17.08,,,,
00-0037525,Jordan Mason,RB,MIN,SEA,2025-11-30,7.57,27.5,2.0,1.0,0,-0.0559571697535418,0.1428571428571428,0.3954170829170829,24,29,,,42.7,10.5,,,,
00-0036924,Michael Carter,RB,ARI,TB,2025-11-30,7.3,24.5,3.0,1.0,0,-0.0200817692320336,0.3333333333333333,0.5669955044955045,23,5,,,34.46,16.06,,,,
00-0038454,Keaton Mitchell,RB,BAL,CIN,2025-11-27,6.99,22.75,3.0,1.0,1,-0.0035963003912532,0.6,0.4665334665334665,19,19,,,26.75,12.67,,,,
00-0033699,Austin Ekeler,RB,WAS,DEN,2025-11-30,6.97,25.0,4.0,1.0,1,-0.1204819871553674,0.5,0.4870546120546121,29,16,,,23.68,20.73,,,,
00-0040242,Jacory Croskey-Merritt,RB,WAS,DEN,2025-11-30,6.97,25.0,2.0,1.0,1,-0.1204819871553674,0.4,0.4870546120546121,29,16,,,39.48,8.02,,,,
00-0033526,Samaje Perine,RB,CIN,BAL,2025-11-27,6.75,29.75,2.0,1.0,0,0.0448989351680796,0.2,0.5255577755577756,15,12,,,34.39,11.03,,,,
00-0034184,Gus Edwards,RB,LAC,LV,2025-11-30,6.65,15.25,2.0,1.0,1,0.0667973673123801,0.5384615384615384,0.4346486846486846,12,24,,,27.03,3.1,,,,
00-0036555,Chuba Hubbard,RB,CAR,LA,2025-11-30,6.47,27.25,2.0,1.0,1,0.0619172570125864,0.8,0.5463286713286714,13,8,,,32.3,10.86,,,,
00-0036328,Antonio Gibson,RB,NE,NYG,2025-12-01,6.43,19.75,4.0,1.0,1,0.1569497663344893,0.3333333333333333,0.4147435897435897,5,27,,,21.65,16.28,,,,
00-0035243,Miles Sanders,RB,DAL,KC,2025-11-27,6.27,28.5,5.0,1.0,1,0.0876025690281826,0.0,0.5569222444222444,9,7,,,35.0,15.57,,,,
00-0035537,Ty Johnson,RB,BUF,PIT,2025-11-30,6.19,20.75,2.0,1.0,0,0.1692050266074698,0.6666666666666666,0.4848068598068598,2,17,,,10.26,20.18,,,,
00-0034972,Alexander Mattison,RB,LV,LAC,2025-11-30,5.94,25.25,4.0,1.0,0,-0.2095284627489942,0.3333333333333333,0.681984681984682,31,2,,,20.39,15.0,,,,
00-0039874,Jaylen Wright,RB,MIA,NO,2025-11-30,5.87,18.0,3.0,1.0,1,-0.0064661809473301,0.4666666666666667,0.3139985014985015,20,31,,,19.85,5.04,,,,
00-0036414,Cam Akers,RB,SEA,MIN,2025-11-30,5.76,15.0,2.0,1.0,1,-0.0089089855616453,0.5333333333333333,0.5245171495171495,21,13,,,30.94,3.62,,,,
00-0036893,Najee Harris,RB,LAC,LV,2025-11-30,5.62,15.25,4.0,1.0,1,0.0667973673123801,1.0,0.4346486846486846,12,24,,,23.96,10.46,,,,
00-0038555,Tank Bigsby,RB,PHI,CHI,2025-11-28,5.5,18.25,2.0,1.0,1,0.0590580013814779,0.7333333333333333,0.4583749583749584,14,22,,,30.6,7.72,,,,
00-0031687,Raheem Mostert,RB,LV,LAC,2025-11-30,5.4,25.25,2.0,1.0,0,-0.2095284627489942,0.6153846153846154,0.681984681984682,31,2,,,21.54,8.46,,,,
00-0038636,Kenny McIntosh,RB,SEA,MIN,2025-11-30,5.4,15.0,4.0,1.0,1,-0.0089089855616453,0.2666666666666666,0.5245171495171495,21,13,,,31.34,4.79,,,,
00-0038794,Jaleel McLaughlin,RB,DEN,WAS,2025-11-30,5.36,18.5,2.0,1.0,0,0.1174218214754575,0.4,0.4614968364968364,8,20,,,21.87,11.97,,,,
00-0036360,Clyde Edwards-Helaire,RB,KC,DAL,2025-11-27,5.33,25.0,2.0,1.0,0,-0.1152884611769509,0.7142857142857143,0.4682609057609058,28,18,,,25.13,14.15,,,,
00-0040202,Devin Neal,RB,NO,MIA,2025-11-30,5.31,23.5,2.0,1.0,0,-0.0114811011743694,0.5833333333333334,0.4249292374292374,22,25,,,22.19,13.71,,,,
00-0037563,Malik Davis,RB,DAL,KC,2025-11-27,5.22,28.5,2.0,1.0,1,0.0876025690281826,0.7142857142857143,0.5569222444222444,9,7,,,27.97,10.61,,,,
00-0034681,Chase Edmonds,RB,WAS,DEN,2025-11-30,5.17,25.0,2.0,1.0,1,-0.1204819871553674,0.1538461538461538,0.4870546120546121,29,16,,,16.86,8.17,,,,
00-0040162,Dylan Sampson,RB,CLE,SF,2025-11-30,5.17,20.5,2.0,1.0,1,-0.2035625371766095,0.6,0.5391483516483516,30,10,,,20.75,14.52,,,,
00-0033925,D'Onta Foreman,RB,CLE,SF,2025-11-30,4.98,20.5,2.0,1.0,1,-0.2035625371766095,0.4666666666666667,0.5391483516483516,30,10,,,21.23,6.07,,,,
00-0036096,J.J. Taylor,RB,HOU,IND,2025-11-30,4.98,23.75,2.0,1.0,0,0.0063511369932493,0.0,0.4002247752247752,18,28,,,31.35,4.57,,,,
00-0038797,Emanuel Wilson,RB,GB,DET,2025-11-27,4.97,25.5,2.0,1.0,0,0.1529564013719251,0.4666666666666667,0.7367007992007992,6,1,,,28.58,6.07,,,,
00-0036755,Jaret Patterson,RB,LAC,LV,2025-11-30,4.89,15.25,2.0,1.0,1,0.0667973673123801,0.6666666666666666,0.4346486846486846,12,24,,,19.81,2.48,,,,
00-0038678,Jordan Mims,RB,NO,MIA,2025-11-30,4.82,23.5,2.0,1.0,0,-0.0114811011743694,0.7142857142857143,0.4249292374292374,22,25,,,20.62,9.45,,,,
00-0037256,Rachaad White,RB,TB,ARI,2025-11-30,4.73,20.0,3.0,1.0,1,0.0114114413538503,0.4,0.3117715617715617,17,32,,,22.84,8.63,,,,
00-0035973,Patrick Taylor,RB,SF,CLE,2025-11-30,4.68,15.0,5.0,1.0,0,0.1645314529215629,0.4285714285714285,0.3858641358641358,3,30,,,29.46,5.64,,,,
00-0039875,Ray Davis,RB,BUF,PIT,2025-11-30,4.68,20.75,3.0,1.0,0,0.1692050266074698,0.6666666666666666,0.4848068598068598,2,17,,,15.0,10.62,,,,
00-0040466,Raheim Sanders,RB,CLE,SF,2025-11-30,4.68,20.5,4.0,1.0,1,-0.2035625371766095,0.6,0.5391483516483516,30,10,,,22.69,5.03,,,,
00-0033893,Dalvin Cook,RB,DAL,KC,2025-11-27,4.49,28.5,2.0,1.0,1,0.0876025690281826,0.4285714285714285,0.5569222444222444,9,7,,,19.33,8.0,,,,
00-0036984,Trey Sermon,RB,PIT,BUF,2025-11-30,4.47,23.75,2.0,1.0,1,0.069888843890464,0.875,0.5423326673326674,11,9,,,14.46,8.12,,,,
00-0036569,Gary Brightwell,RB,CIN,BAL,2025-11-27,4.46,29.75,2.0,1.0,0,0.0448989351680796,0.8181818181818182,0.5255577755577756,15,12,,,18.46,9.92,,,,
00-0040556,Corey Kiner,RB,ARI,TB,2025-11-30,4.43,24.5,2.0,1.0,0,-0.0200817692320336,0.3333333333333333,0.5669955044955045,23,5,,,27.81,7.96,,,,
00-0038551,Kendre Miller,RB,NO,MIA,2025-11-30,4.36,23.5,5.0,1.0,0,-0.0114811011743694,0.6,0.4249292374292374,22,25,,,22.19,4.99,,,,
00-0035311,Myles Gaskin,RB,MIN,SEA,2025-11-30,4.28,27.5,2.0,1.0,0,-0.0559571697535418,0.6666666666666666,0.3954170829170829,24,29,,,11.66,11.92,,,,
00-0040586,Jaydon Blue,RB,DAL,KC,2025-11-27,4.28,28.5,3.0,1.0,1,0.0876025690281826,0.7142857142857143,0.5569222444222444,9,7,,,19.42,6.49,,,,
00-0033948,Jamaal Williams,RB,NO,MIA,2025-11-30,4.25,23.5,2.0,1.0,0,-0.0114811011743694,0.2,0.4249292374292374,22,25,,,17.03,7.11,,,,
00-0034791,Nick Chubb,RB,HOU,IND,2025-11-30,4.23,23.75,2.0,1.0,0,0.0063511369932493,0.1428571428571428,0.4002247752247752,18,28,,,20.36,6.54,,,,
00-0039021,Roschon Johnson,RB,CHI,PHI,2025-11-28,4.13,25.25,5.0,1.0,0,0.075685334949902,0.1666666666666666,0.5668914418914419,10,6,,,24.42,6.32,,,,
00-0039373,Audric Estimé,RB,NO,MIA,2025-11-30,4.13,23.5,3.0,1.0,0,-0.0114811011743694,0.2,0.4249292374292374,22,25,,,19.04,11.34,,,,
00-0033923,Kareem Hunt,RB,KC,DAL,2025-11-27,4.11,25.0,2.0,1.0,0,-0.1152884611769509,0.8,0.4682609057609058,28,18,,,17.23,7.14,,,,
00-0037557,Ronnie Rivers,RB,LA,CAR,2025-11-30,3.98,17.25,3.0,1.0,0,0.2548577506652165,0.4,0.5377747252747253,1,11,,,18.37,6.81,,,,
00-0032104,Ameer Abdullah,RB,IND,HOU,2025-11-30,3.97,20.75,2.0,1.0,1,-0.1099062493798814,0.7333333333333333,0.6739094239094239,27,3,,,13.21,8.08,,,,
00-0040198,Ollie Gordon II,RB,MIA,NO,2025-11-30,3.94,18.0,2.0,1.0,1,-0.0064661809473301,0.4666666666666667,0.3139985014985015,20,31,,,20.22,9.3,,,,
00-0037746,Brian Robinson,RB,SF,CLE,2025-11-30,3.88,15.0,2.0,1.0,0,0.1645314529215629,0.7333333333333333,0.3858641358641358,3,30,,,15.05,7.31,,,,
00-0033955,Jeremy McNichols,RB,WAS,DEN,2025-11-30,3.74,25.0,3.0,1.0,1,-0.1204819871553674,0.4,0.4870546120546121,29,16,,,11.3,8.73,,,,
00-0036265,AJ Dillon,RB,PHI,CHI,2025-11-28,3.73,18.25,4.0,1.0,1,0.0590580013814779,0.2,0.4583749583749584,14,22,,,24.18,7.3,,,,
00-0039798,Isaiah Davis,RB,NYJ,ATL,2025-11-30,3.72,20.75,2.0,1.0,1,-0.2392364677490492,0.2857142857142857,0.4395812520812521,32,23,,,19.72,5.94,,,,
00-0036670,Jermar Jefferson,RB,DET,GB,2025-11-27,3.71,23.0,4.0,1.0,1,0.1573203137248841,0.2857142857142857,0.6192557442557443,4,4,,,21.16,9.16,,,,
00-0037258,Dameon Pierce,RB,HOU,IND,2025-11-30,3.69,23.75,2.0,1.0,0,0.0063511369932493,0.625,0.4002247752247752,18,28,,,20.23,5.59,,,,
00-0040719,Bhayshul Tuten,RB,JAX,TEN,2025-11-30,3.68,18.25,2.0,1.0,0,0.1250437759787225,0.2307692307692307,0.4613719613719613,7,21,,,19.89,7.01,,,,
00-0040142,Kaleb Johnson,RB,PIT,BUF,2025-11-30,3.54,23.75,3.0,1.0,1,0.069888843890464,0.5,0.5423326673326674,11,9,,,16.36,3.6,,,,
00-0038622,Deuce Vaughn,RB,DAL,KC,2025-11-27,3.51,28.5,2.0,1.0,1,0.0876025690281826,0.6,0.5569222444222444,9,7,,,21.4,5.63,,,,
00-0037429,Raheem Blackshear,RB,CAR,LA,2025-11-30,3.48,27.25,2.0,1.0,1,0.0619172570125864,0.5333333333333333,0.5463286713286714,13,8,,,17.48,3.26,,,,
00-0036727,Adam Prentice,RB,DEN,WAS,2025-11-30,3.47,18.5,2.0,1.0,0,0.1174218214754575,0.4,0.4614968364968364,8,20,,,10.21,8.96,,,,
00-0038951,Sean Tucker,RB,TB,ARI,2025-11-30,3.47,20.0,2.0,1.0,1,0.0114114413538503,0.4,0.3117715617715617,17,32,,,18.68,8.16,,,,
00-0039794,Braelon Allen,RB,NYJ,ATL,2025-11-30,3.43,20.75,5.0,1.0,1,-0.2392364677490492,1.0,0.4395812520812521,32,23,,,17.7,6.83,,,,
00-0038040,Zamir White,RB,LV,LAC,2025-11-30,3.4,25.25,4.0,0.5,0,-0.2095284627489942,0.1333333333333333,0.681984681984682,31,2,,,28.48,5.55,,,,
00-0039757,Terrell Jennings,RB,NE,NYG,2025-12-01,3.35,19.75,3.0,1.0,1,0.1569497663344893,0.3,0.4147435897435897,5,27,,,17.67,6.76,,,,
00-0034208,Mike Boone,RB,CAR,LA,2025-11-30,3.33,27.25,2.0,1.0,1,0.0619172570125864,0.5333333333333333,0.5463286713286714,13,8,,,13.08,4.45,,,,
00-0036906,Khalil Herbert,RB,NYJ,ATL,2025-11-30,3.33,20.75,4.0,1.0,1,-0.2392364677490492,0.8,0.4395812520812521,32,23,,,14.08,6.75,,,,
00-0033045,Ezekiel Elliott,RB,DAL,KC,2025-11-27,3.21,28.5,2.0,1.0,1,0.0876025690281826,0.5714285714285714,0.5569222444222444,9,7,,,21.64,4.99,,,,
00-0034115,Jeff Wilson,RB,MIA,NO,2025-11-30,3.18,18.0,2.0,1.0,1,-0.0064661809473301,0.2,0.3139985014985015,20,31,,,20.0,5.51,,,,
00-0037329,Brittain Brown,RB,CHI,PHI,2025-11-28,3.14,25.25,3.0,1.0,0,0.075685334949902,0.375,0.5668914418914419,10,6,,,8.82,1.4,,,,
00-0039325,Carson Steele,RB,KC,DAL,2025-11-27,3.13,25.0,2.0,1.0,0,-0.1152884611769509,0.1818181818181818,0.4682609057609058,28,18,,,8.92,8.52,,,,
00-0035291,Trayveon Williams,RB,CLE,SF,2025-11-30,3.03,20.5,2.0,1.0,1,-0.2035625371766095,0.6,0.5391483516483516,30,10,,,11.35,14.51,,,,
00-0040179,DJ Giddens,RB,IND,HOU,2025-11-30,3.0,20.75,4.0,1.0,1,-0.1099062493798814,0.25,0.6739094239094239,27,3,,,13.58,3.24,,,,
00-0040649,Robbie Ouzts,RB,SEA,MIN,2025-11-30,3.0,15.0,2.0,1.0,1,-0.0089089855616453,0.375,0.5245171495171495,21,13,,,9.96,5.34,,,,
00-0037609,Aaron Shampklin,RB,PIT,BUF,2025-11-30,2.99,23.75,2.0,1.0,1,0.069888843890464,0.5,0.5423326673326674,11,9,,,14.44,3.12,,,,
00-0038738,Hunter Luepke,RB,DAL,KC,2025-11-27,2.96,28.5,2.0,1.0,1,0.0876025690281826,0.2666666666666666,0.5569222444222444,9,7,,,14.45,7.86,,,,
00-0030578,Cordarrelle Patterson,RB,PIT,BUF,2025-11-30,2.92,23.75,2.0,1.0,1,0.069888843890464,0.9333333333333332,0.5423326673326674,11,9,,,11.64,9.67,,,,
00-0039796,Rasheen Ali,RB,BAL,CIN,2025-11-27,2.91,22.75,4.0,1.0,1,-0.0035963003912532,0.6,0.4665334665334665,19,19,,,5.01,12.17,,,,
00-0037456,Troy Hairston,RB,HOU,IND,2025-11-30,2.89,23.75,2.0,1.0,0,0.0063511369932493,0.6666666666666666,0.4002247752247752,18,28,,,4.34,6.98,,,,
00-0035594,Travis Homer,RB,CHI,PHI,2025-11-28,2.86,25.25,4.0,1.0,0,0.075685334949902,0.7333333333333333,0.5668914418914419,10,6,,,8.22,5.21,,,,
00-0037085,Tyler Badie,RB,DEN,WAS,2025-11-30,2.83,18.5,3.0,1.0,0,0.1174218214754575,0.4,0.4614968364968364,8,20,,,9.55,9.84,,,,
00-0038685,Chris Brooks,RB,GB,DET,2025-11-27,2.78,25.5,3.0,1.0,0,0.1529564013719251,0.4666666666666667,0.7367007992007992,6,1,,,6.28,9.78,,,,
00-0035924,Jonathan Ward,RB,PIT,BUF,2025-11-30,2.77,23.75,2.0,1.0,1,0.069888843890464,0.3333333333333333,0.5423326673326674,11,9,,,13.69,3.08,,,,
00-0040078,Brashard Smith,RB,KC,DAL,2025-11-27,2.66,25.0,3.0,1.0,0,-0.1152884611769509,0.8,0.4682609057609058,28,18,,,1.77,7.67,,,,
00-0040205,Kalel Mullings,RB,TEN,JAX,2025-11-30,2.65,24.25,3.0,1.0,1,-0.0600036058434601,0.4285714285714285,0.5018106893106893,25,15,,,10.47,1.71,,,,
00-0040238,LeQuint Allen Jr.,RB,JAX,TEN,2025-11-30,2.58,18.25,3.0,1.0,0,0.1250437759787225,0.8571428571428571,0.4613719613719613,7,21,,,10.03,4.79,,,,
00-0038098,Pierre Strong,RB,CLE,SF,2025-11-30,2.53,20.5,2.0,1.0,1,-0.2035625371766095,0.4285714285714285,0.5391483516483516,30,10,,,14.01,3.88,,,,
00-0038397,Evan Hull,RB,NO,MIA,2025-11-30,2.5,23.5,4.0,1.0,0,-0.0114811011743694,0.2,0.4249292374292374,22,25,,,16.17,4.18,,,,
00-0039364,Sione Vaki,RB,DET,GB,2025-11-27,2.48,23.0,3.0,0.5,1,0.1573203137248841,0.4666666666666667,0.6192557442557443,4,4,,,16.86,3.82,,,,
00-0038440,Zavier Scott,RB,MIN,SEA,2025-11-30,2.43,27.5,3.0,1.0,0,-0.0559571697535418,0.5333333333333333,0.3954170829170829,24,29,,,12.6,5.77,,,,
00-0035628,D'Ernest Johnson,RB,NE,NYG,2025-12-01,2.35,19.75,2.0,1.0,1,0.1569497663344893,0.2,0.4147435897435897,5,27,,,15.33,6.6,,,,
00-0035806,JaMycal Hasty,RB,NE,NYG,2025-12-01,2.34,19.75,2.0,1.0,1,0.1569497663344893,0.4615384615384615,0.4147435897435897,5,27,,,8.74,12.94,,,,
00-0035567,Craig Reynolds,RB,DET,GB,2025-11-27,2.15,23.0,4.0,1.0,1,0.1573203137248841,0.5,0.6192557442557443,4,4,,,20.97,3.99,,,,
00-0039244,Chris Collier,RB,LV,LAC,2025-11-30,2.04,25.25,2.0,1.0,0,-0.2095284627489942,0.3333333333333333,0.681984681984682,31,2,,,6.47,3.37,,,,
00-0039407,Dylan Laube,RB,LV,LAC,2025-11-30,2.04,25.25,3.0,1.0,0,-0.2095284627489942,0.1333333333333333,0.681984681984682,31,2,,,9.61,2.51,,,,
00-0034367,Nyheim Hines,RB,LAC,LV,2025-11-30,2.0,15.25,2.0,1.0,1,0.0667973673123801,0.5,0.4346486846486846,12,24,,,0.0,6.32,,,,
00-0036425,DeeJay Dallas,RB,JAX,TEN,2025-11-30,1.97,18.25,2.0,1.0,0,0.1250437759787225,0.5333333333333333,0.4613719613719613,7,21,,,7.04,4.27,,,,
00-0037617,Hassan Haskins,RB,LAC,LV,2025-11-30,1.93,15.25,3.0,1.0,1,0.0667973673123801,0.6666666666666666,0.4346486846486846,12,24,,,2.37,2.56,,,,
00-0038489,Ben VanSumeren,RB,PHI,CHI,2025-11-28,1.76,18.25,2.0,1.0,1,0.0590580013814779,0.2,0.4583749583749584,14,22,,,8.58,4.44,,,,
00-0033854,Dare Ogunbowale,RB,HOU,IND,2025-11-30,1.73,23.75,3.0,1.0,0,0.0063511369932493,0.1428571428571428,0.4002247752247752,18,28,,,3.91,6.53,,,,
00-0037267,Jerome Ford,RB,CLE,SF,2025-11-30,1.73,20.5,3.0,0.5,1,-0.2035625371766095,0.6666666666666666,0.5391483516483516,30,10,,,3.09,6.74,,,,
00-0037594,Julius Chestnut,RB,TEN,JAX,2025-11-30,1.73,24.25,4.0,1.0,1,-0.0600036058434601,0.3333333333333333,0.5018106893106893,25,15,,,4.92,0.0,,,,
00-0034959,Andrew Beck,RB,NYJ,ATL,2025-11-30,1.69,20.75,2.0,1.0,1,-0.2392364677490492,0.6923076923076923,0.4395812520812521,32,23,,,8.25,5.74,,,,
00-0037745,Velus Jones Jr.,RB,NO,MIA,2025-11-30,1.68,23.5,2.0,1.0,0,-0.0114811011743694,0.25,0.4249292374292374,22,25,,,5.5,3.13,,,,
00-0039344,Jonathon Brooks,RB,CAR,LA,2025-11-30,1.68,27.25,4.0,1.0,1,0.0619172570125864,0.4545454545454545,0.5463286713286714,13,8,,,15.91,2.82,,,,
00-0036842,Kene Nwangwu,RB,NYJ,ATL,2025-11-30,1.6,20.75,3.0,1.0,1,-0.2392364677490492,0.8,0.4395812520812521,32,23,,,6.54,5.95,,,,
00-0037276,Ty Chandler,RB,MIN,SEA,2025-11-30,1.55,27.5,4.0,1.0,0,-0.0559571697535418,0.5333333333333333,0.3954170829170829,24,29,,,8.61,2.49,,,,
00-0035726,Jakob Johnson,RB,HOU,IND,2025-11-30,1.35,23.75,2.0,1.0,0,0.0063511369932493,1.0,0.4002247752247752,18,28,,,5.85,0.72,,,,
00-0036950,Avery Williams,RB,ATL,NYJ,2025-11-30,1.2,17.75,2.0,1.0,0,0.0221513693594375,0.6666666666666666,0.4211413586413586,16,26,,,5.31,3.23,,,,
00-0040644,Trevor Etienne,RB,CAR,LA,2025-11-30,1.18,27.25,3.0,1.0,1,0.0619172570125864,0.8,0.5463286713286714,13,8,,,8.67,3.4,,,,
00-0039746,Will Shipley,RB,PHI,CHI,2025-11-28,1.15,18.25,3.0,1.0,1,0.0590580013814779,0.7333333333333333,0.4583749583749584,14,22,,,5.92,4.17,,,,
00-0038896,Jacob Saylors,RB,DET,GB,2025-11-27,1.12,23.0,5.0,1.0,1,0.1573203137248841,0.5,0.6192557442557443,4,4,,,9.67,0.83,,,,
00-0038396,Eric Gray,RB,NYG,NE,2025-12-01,1.09,26.75,3.0,1.0,0,-0.0875692463965452,0.5,0.5231684981684982,26,14,,,7.07,4.55,,,,
00-0039603,British Brooks,RB,HOU,IND,2025-11-30,0.82,23.75,4.0,1.0,0,0.0063511369932493,0.1428571428571428,0.4002247752247752,18,28,,,2.42,2.72,,,,
00-0039363,Isaac Guerendo,RB,SF,CLE,2025-11-30,0.68,15.0,3.0,1.0,0,0.1645314529215629,0.25,0.3858641358641358,3,30,,,0.9,2.91,,,,
00-0037120,Tyler Goodson,RB,IND,HOU,2025-11-30,0.54,20.75,3.0,1.0,1,-0.1099062493798814,0.7142857142857143,0.6739094239094239,27,3,,,0.9,1.93,,,,
00-0037744,Trey McBride,TE,ARI,TB,2025-11-30,13.53,24.5,1.0,1.0,0,-0.0200817692320336,0.3333333333333333,0.5669955044955045,23,5,,,,,,,6.09,66.64
00-0033288,George Kittle,TE,SF,CLE,2025-11-30,11.35,15.0,1.0,1.0,0,0.1645314529215629,0.5714285714285714,0.3858641358641358,3,30,,,,,,,4.37,62.59
00-0040663,Harold Fannin Jr.,TE,CLE,SF,2025-11-30,11.14,20.5,1.0,1.0,1,-0.2035625371766095,0.7142857142857143,0.5391483516483516,30,10,,,,,,,5.13,56.74
00-0039338,Brock Bowers,TE,LV,LAC,2025-11-30,10.99,25.25,1.0,1.0,0,-0.2095284627489942,0.6153846153846154,0.681984681984682,31,2,,,,,,,5.0,75.18
00-0036970,Kyle Pitts,TE,ATL,NYJ,2025-11-30,10.67,17.75,1.0,1.0,0,0.0221513693594375,0.7333333333333333,0.4211413586413586,16,26,,,,,,,6.06,61.41
00-0034351,Dallas Goedert,TE,PHI,CHI,2025-11-28,9.98,18.25,1.0,1.0,1,0.0590580013814779,0.2857142857142857,0.4583749583749584,14,22,,,,,,,4.81,66.62
00-0030506,Travis Kelce,TE,KC,DAL,2025-11-27,9.91,25.0,1.0,1.0,0,-0.1152884611769509,0.8,0.4682609057609058,28,18,,,,,,,5.03,41.69
00-0036244,Colby Parkinson,TE,LA,CAR,2025-11-30,8.48,17.25,1.0,1.0,0,0.2548577506652165,0.4,0.5377747252747253,1,11,,,,,,,3.7,43.34
00-0030061,Zach Ertz,TE,WAS,DEN,2025-11-30,8.44,25.0,1.0,1.0,1,-0.1204819871553674,0.8181818181818182,0.4870546120546121,29,16,,,,,,,3.91,42.93
00-0034753,Mark Andrews,TE,BAL,CIN,2025-11-27,8.29,22.75,1.0,1.0,1,-0.0035963003912532,0.6,0.4665334665334665,19,19,,,,,,,3.49,38.09
00-0036040,Juwan Johnson,TE,NO,MIA,2025-11-30,8.29,23.5,1.0,1.0,0,-0.0114811011743694,0.2,0.4249292374292374,22,25,,,,,,,4.09,51.01
00-0034383,Dalton Schultz,TE,HOU,IND,2025-11-30,7.87,23.75,1.0,1.0,0,0.0063511369932493,0.7333333333333333,0.4002247752247752,18,28,,,,,,,3.86,44.15
00-0040736,Mason Taylor,TE,NYJ,ATL,2025-11-30,7.71,20.75,1.0,1.0,1,-0.2392364677490492,0.3636363636363636,0.4395812520812521,32,23,,,,,,,3.77,38.13
00-0033881,Evan Engram,TE,DEN,WAS,2025-11-30,7.67,18.5,1.0,1.0,0,0.1174218214754575,0.4,0.4614968364968364,8,20,,,,,,,4.12,32.66
00-0040126,Colston Loveland,TE,CHI,PHI,2025-11-28,7.6,25.25,1.0,1.0,0,0.075685334949902,0.7333333333333333,0.5668914418914419,10,6,,,,,,,2.85,41.34
00-0039065,Sam LaPorta,TE,DET,GB,2025-11-27,7.57,23.0,3.0,1.0,1,0.1573203137248841,0.4285714285714285,0.6192557442557443,4,4,,,,,,,3.08,49.02
00-0038996,Tucker Kraft,TE,GB,DET,2025-11-27,7.55,25.5,4.0,1.0,0,0.1529564013719251,0.6666666666666666,0.7367007992007992,6,1,,,,,,,2.61,39.98
00-0039847,Theo Johnson,TE,NYG,NE,2025-12-01,7.35,26.75,1.0,1.0,0,-0.0875692463965452,0.2307692307692307,0.5231684981684982,26,14,,,,,,,3.89,45.05
00-0037838,Isaiah Likely,TE,BAL,CIN,2025-11-27,7.21,22.75,2.0,1.0,1,-0.0035963003912532,0.6,0.4665334665334665,19,19,,,,,,,2.51,30.85
00-0033090,Hunter Henry,TE,NE,NYG,2025-12-01,7.2,19.75,1.0,1.0,1,0.1569497663344893,0.2,0.4147435897435897,5,27,,,,,,,3.59,22.67
00-0033858,Jonnu Smith,TE,PIT,BUF,2025-11-30,7.14,23.75,2.0,1.0,1,0.069888843890464,0.2,0.5423326673326674,11,9,,,,,,,1.59,14.01
00-0035689,Dawson Knox,TE,BUF,PIT,2025-11-30,7.01,20.75,2.0,1.0,0,0.1692050266074698,0.6666666666666666,0.4848068598068598,2,17,,,,,,,3.34,38.4
00-0035229,T.J. Hockenson,TE,MIN,SEA,2025-11-30,6.93,27.5,1.0,1.0,0,-0.0559571697535418,0.4615384615384615,0.3954170829170829,24,29,,,,,,,4.06,36.72
00-0038933,Dalton Kincaid,TE,BUF,PIT,2025-11-30,6.91,20.75,1.0,0.5,0,0.1692050266074698,0.2142857142857142,0.4848068598068598,2,17,,,,,,,3.84,38.44
00-0038935,Brenton Strange,TE,JAX,TEN,2025-11-30,6.83,18.25,1.0,1.0,0,0.1250437759787225,0.5333333333333333,0.4613719613719613,7,21,,,,,,,3.8,33.43
00-0040584,Gunnar Helm,TE,TEN,JAX,2025-11-30,6.72,24.25,1.0,1.0,1,-0.0600036058434601,0.4285714285714285,0.5018106893106893,25,15,,,,,,,4.08,37.08
00-0038041,Jake Ferguson,TE,DAL,KC,2025-11-27,6.65,28.5,1.0,1.0,1,0.0876025690281826,0.2666666666666666,0.5569222444222444,9,7,,,,,,,3.08,35.81
00-0039793,AJ Barner,TE,SEA,MIN,2025-11-30,6.58,15.0,1.0,1.0,1,-0.0089089855616453,0.5333333333333333,0.5245171495171495,21,13,,,,,,,3.55,41.83
00-0037809,Chig Okonkwo,TE,TEN,JAX,2025-11-30,6.34,24.25,2.0,0.5,1,-0.0600036058434601,0.3333333333333333,0.5018106893106893,25,15,,,,,,,3.62,39.56
00-0038129,Cade Otton,TE,TB,ARI,2025-11-30,6.32,20.0,1.0,1.0,1,0.0114114413538503,0.4,0.3117715617715617,17,32,,,,,,,3.39,27.88
00-0033110,Tyler Higbee,TE,LA,CAR,2025-11-30,6.28,17.25,4.0,1.0,0,0.2548577506652165,0.7777777777777778,0.5377747252747253,1,11,,,,,,,2.78,35.65
00-0038558,Darnell Washington,TE,PIT,BUF,2025-11-30,6.2,23.75,1.0,1.0,1,0.069888843890464,0.5714285714285714,0.5423326673326674,11,9,,,,,,,3.16,28.03
00-0039144,Luke Musgrave,TE,GB,DET,2025-11-27,5.88,25.5,2.0,1.0,0,0.1529564013719251,0.8461538461538461,0.7367007992007992,6,1,,,,,,,2.31,25.54
00-0034364,Jordan Akins,TE,CLE,SF,2025-11-30,5.84,20.5,2.0,1.0,1,-0.2035625371766095,0.4666666666666667,0.5391483516483516,30,10,,,,,,,3.2,29.09
00-0040128,Tyler Warren,TE,IND,HOU,2025-11-30,5.81,20.75,1.0,0.5,1,-0.1099062493798814,0.7333333333333333,0.6739094239094239,27,3,,,,,,,3.43,39.64
00-0037252,Greg Dulcich,TE,MIA,NO,2025-11-30,5.75,18.0,1.0,1.0,1,-0.0064661809473301,0.4666666666666667,0.3139985014985015,20,31,,,,,,,3.86,40.18
00-0040189,Oronde Gadsden II,TE,LAC,LV,2025-11-30,5.52,15.25,1.0,1.0,1,0.0667973673123801,0.6666666666666666,0.4346486846486846,12,24,,,,,,,2.94,34.35
00-0034829,Mike Gesicki,TE,CIN,BAL,2025-11-27,5.49,29.75,1.0,1.0,0,0.0448989351680796,0.2,0.5255577755577756,15,12,,,,,,,2.39,25.33
00-0031610,Darren Waller,TE,MIA,NO,2025-11-30,5.43,18.0,4.0,0.5,1,-0.0064661809473301,0.2857142857142857,0.3139985014985015,20,31,,,,,,,3.9,31.46
00-0033357,Taysom Hill,TE,NO,MIA,2025-11-30,5.24,23.5,2.0,1.0,0,-0.0114811011743694,0.2,0.4249292374292374,22,25,,,,,,,1.16,11.05
00-0037755,Jelani Woods,TE,NYJ,ATL,2025-11-30,4.97,20.75,4.0,1.0,1,-0.2392364677490492,0.2857142857142857,0.4395812520812521,32,23,,,,,,,2.25,21.09
00-0037112,Jake Tonges,TE,SF,CLE,2025-11-30,4.87,15.0,3.0,1.0,0,0.1645314529215629,0.5714285714285714,0.3858641358641358,3,30,,,,,,,2.5,25.38
00-0037539,Lucas Krull,TE,DEN,WAS,2025-11-30,4.42,18.5,4.0,1.0,0,0.1174218214754575,0.5,0.4614968364968364,8,20,,,,,,,1.93,15.32
00-0033885,David Njoku,TE,CLE,SF,2025-11-30,4.38,20.5,2.0,1.0,1,-0.2035625371766095,0.6666666666666666,0.5391483516483516,30,10,,,,,,,2.36,26.12
00-0036422,Adam Trautman,TE,DEN,WAS,2025-11-30,4.18,18.5,3.0,1.0,0,0.1174218214754575,0.7142857142857143,0.4614968364968364,8,20,,,,,,,1.94,12.38
00-0039359,Cade Stover,TE,HOU,IND,2025-11-30,4.04,23.75,2.0,1.0,0,0.0063511369932493,0.1428571428571428,0.4002247752247752,18,28,,,,,,,1.87,15.48
00-0037304,Connor Heyward,TE,PIT,BUF,2025-11-30,4.02,23.75,4.0,1.0,1,0.069888843890464,0.2,0.5423326673326674,11,9,,,,,,,0.55,3.74
00-0035249,Josh Oliver,TE,MIN,SEA,2025-11-30,3.96,27.5,2.0,1.0,0,-0.0559571697535418,0.5333333333333333,0.3954170829170829,24,29,,,,,,,1.52,20.81
00-0039912,Ben Sinnott,TE,WAS,DEN,2025-11-30,3.74,25.0,3.0,1.0,1,-0.1204819871553674,0.4,0.4870546120546121,29,16,,,,,,,1.74,20.6
00-0039814,Erick All,TE,CIN,BAL,2025-11-27,3.54,29.75,6.0,1.0,0,0.0448989351680796,0.6666666666666666,0.5255577755577756,15,12,,,,,,,2.22,18.15
00-0037086,Grant Calcaterra,TE,PHI,CHI,2025-11-28,3.46,18.25,2.0,1.0,1,0.0590580013814779,0.7333333333333333,0.4583749583749584,14,22,,,,,,,1.89,18.47
00-0032392,Austin Hooper,TE,NE,NYG,2025-12-01,3.45,19.75,2.0,1.0,1,0.1569497663344893,0.2,0.4147435897435897,5,27,,,,,,,1.43,19.38
00-0036534,Shane Zylstra,TE,DET,GB,2025-11-27,3.43,23.0,4.0,1.0,1,0.1573203137248841,0.1666666666666666,0.6192557442557443,4,4,,,,,,,0.88,20.26
00-0036894,Pat Freiermuth,TE,PIT,BUF,2025-11-30,3.41,23.75,3.0,1.0,1,0.069888843890464,0.2,0.5423326673326674,11,9,,,,,,,2.33,12.85
00-0034830,Hayden Hurst,TE,LAC,LV,2025-11-30,3.39,15.25,2.0,1.0,1,0.0667973673123801,0.25,0.4346486846486846,12,24,,,,,,,1.48,14.76
00-0037004,Hunter Long,TE,JAX,TEN,2025-11-30,3.35,18.25,2.0,1.0,0,0.1250437759787225,0.6666666666666666,0.4613719613719613,7,21,,,,,,,1.64,18.72
00-0033246,Johnny Mundt,TE,JAX,TEN,2025-11-30,3.3,18.25,3.0,1.0,0,0.1250437759787225,0.5333333333333333,0.4613719613719613,7,21,,,,,,,1.73,18.86
00-0037306,John FitzPatrick,TE,GB,DET,2025-11-27,3.29,25.5,1.0,1.0,0,0.1529564013719251,0.8461538461538461,0.7367007992007992,6,1,,,,,,,1.64,16.42
00-0036290,Cole Kmet,TE,CHI,PHI,2025-11-28,3.28,25.25,2.0,1.0,0,0.075685334949902,0.7333333333333333,0.5668914418914419,10,6,,,,,,,1.86,22.82
00-0034613,Tanner Hudson,TE,CIN,BAL,2025-11-27,3.27,29.75,4.0,1.0,0,0.0448989351680796,0.4285714285714285,0.5255577755577756,15,12,,,,,,,1.63,18.18
00-0040187,Mitchell Evans,TE,CAR,LA,2025-11-30,3.26,27.25,3.0,1.0,1,0.0619172570125864,0.8,0.5463286713286714,13,8,,,,,,,1.69,16.11
00-0039074,Davis Allen,TE,LA,CAR,2025-11-30,3.22,17.25,2.0,1.0,0,0.2548577506652165,0.7857142857142857,0.5377747252747253,1,11,,,,,,,1.7,17.82
00-0036628,John Bates,TE,WAS,DEN,2025-11-30,3.02,25.0,2.0,1.0,1,-0.1204819871553674,0.6428571428571429,0.4870546120546121,29,16,,,,,,,1.33,9.7
00-0037805,Jeremy Ruckert,TE,NYJ,ATL,2025-11-30,3.01,20.75,2.0,1.0,1,-0.2392364677490492,0.2857142857142857,0.4395812520812521,32,23,,,,,,,1.63,17.11
00-0033757,Robert Tonyan,TE,KC,DAL,2025-11-27,2.86,25.0,3.0,1.0,0,-0.1152884611769509,0.3333333333333333,0.4682609057609058,28,18,,,,,,,1.17,14.24
00-0036556,Brevin Jordan,TE,HOU,IND,2025-11-30,2.85,23.75,2.0,1.0,0,0.0063511369932493,0.5,0.4002247752247752,18,28,,,,,,,1.65,16.21
00-0036232,Harrison Bryant,TE,HOU,IND,2025-11-30,2.77,23.75,3.0,1.0,0,0.0063511369932493,0.7142857142857143,0.4002247752247752,18,28,,,,,,,1.35,11.94
00-0039041,Elijah Higgins,TE,ARI,TB,2025-11-30,2.73,24.5,2.0,1.0,0,-0.0200817692320336,0.3333333333333333,0.5669955044955045,23,5,,,,,,,2.25,19.33
00-0037340,Zaire Mitchell-Paden,TE,BAL,CIN,2025-11-27,2.7,22.75,5.0,1.0,1,-0.0035963003912532,0.25,0.4665334665334665,19,19,,,,,,,0.82,5.69
00-0039356,Ja'Tavion Sanders,TE,CAR,LA,2025-11-30,2.7,27.25,1.0,1.0,1,0.0619172570125864,0.2307692307692307,0.5463286713286714,13,8,,,,,,,1.4,17.7
00-0037005,Tommy Tremble,TE,CAR,LA,2025-11-30,2.69,27.25,2.0,1.0,1,0.0619172570125864,0.8,0.5463286713286714,13,8,,,,,,,1.76,20.24
00-0038046,Charlie Kolar,TE,BAL,CIN,2025-11-27,2.69,22.75,3.0,1.0,1,-0.0035963003912532,0.7857142857142857,0.4665334665334665,19,19,,,,,,,0.4,6.6
00-0038809,Ben Sims,TE,MIN,SEA,2025-11-30,2.67,27.5,4.0,1.0,0,-0.0559571697535418,0.5333333333333333,0.3954170829170829,24,29,,,,,,,1.18,12.62
00-0038589,Josh Whyle,TE,GB,DET,2025-11-27,2.6,25.5,3.0,1.0,0,0.1529564013719251,0.4666666666666667,0.7367007992007992,6,1,,,,,,,1.2,12.55
00-0040737,Terrance Ferguson,TE,LA,CAR,2025-11-30,2.59,17.25,3.0,1.0,0,0.2548577506652165,0.7857142857142857,0.5377747252747253,1,11,,,,,,,1.13,15.02
00-0035644,Noah Fant,TE,CIN,BAL,2025-11-27,2.58,29.75,2.0,1.0,0,0.0448989351680796,0.2,0.5255577755577756,15,12,,,,,,,1.52,14.23
00-0037348,Tanner Conner,TE,MIA,NO,2025-11-30,2.55,18.0,2.0,1.0,1,-0.0064661809473301,0.5,0.3139985014985015,20,31,,,,,,,1.46,17.41
00-0039824,Jared Wiley,TE,KC,DAL,2025-11-27,2.39,25.0,4.0,1.0,0,-0.1152884611769509,0.4545454545454545,0.4682609057609058,28,18,,,,,,,1.18,6.91
00-0040058,Nick Kallerup,TE,SEA,MIN,2025-11-30,2.39,15.0,3.0,1.0,1,-0.0089089855616453,0.3636363636363636,0.5245171495171495,21,13,,,,,,,1.23,13.41
00-0031690,Eric Tomlinson,TE,LAC,LV,2025-11-30,2.35,15.25,2.0,1.0,1,0.0667973673123801,0.2857142857142857,0.4346486846486846,12,24,,,,,,,0.74,6.71
00-0033217,Mo Alie-Cox,TE,IND,HOU,2025-11-30,2.31,20.75,2.0,1.0,1,-0.1099062493798814,0.7333333333333333,0.6739094239094239,27,3,,,,,,,1.18,14.57
00-0033455,Anthony Firkser,TE,DET,GB,2025-11-27,2.31,23.0,2.0,1.0,1,0.1573203137248841,0.4666666666666667,0.6192557442557443,4,4,,,,,,,1.09,15.4
00-0039754,Devin Culp,TE,TB,ARI,2025-11-30,2.3,20.0,3.0,1.0,1,0.0114114413538503,0.2727272727272727,0.3117715617715617,17,32,,,,,,,1.09,9.66
00-0031585,MyCole Pruitt,TE,PIT,BUF,2025-11-30,2.27,23.75,2.0,1.0,1,0.069888843890464,0.25,0.5423326673326674,11,9,,,,,,,0.85,5.27
00-0034365,Ian Thomas,TE,LV,LAC,2025-11-30,2.24,25.25,3.0,1.0,0,-0.2095284627489942,0.6363636363636364,0.681984681984682,31,2,,,,,,,1.57,13.77
00-0039631,Cam Grandy,TE,CIN,BAL,2025-11-27,2.24,29.75,5.0,1.0,0,0.0448989351680796,0.5,0.5255577755577756,15,12,,,,,,,1.34,10.42
00-0035956,Giovanni Ricci,TE,DET,GB,2025-11-27,2.22,23.0,2.0,1.0,1,0.1573203137248841,0.7692307692307693,0.6192557442557443,4,4,,,,,,,0.91,10.97
00-0037282,James Mitchell,TE,CAR,LA,2025-11-30,2.16,27.25,4.0,1.0,1,0.0619172570125864,0.3333333333333333,0.5463286713286714,13,8,,,,,,,1.18,12.76
00-0032134,C.J. Uzomah,TE,PHI,CHI,2025-11-28,2.11,18.25,2.0,1.0,1,0.0590580013814779,0.25,0.4583749583749584,14,22,,,,,,,1.04,14.28
00-0034270,Tyler Conklin,TE,LAC,LV,2025-11-30,2.09,15.25,3.0,1.0,1,0.0667973673123801,0.625,0.4346486846486846,12,24,,,,,,,1.31,9.49
00-0040488,Carter Runyon,TE,LV,LAC,2025-11-30,2.07,25.25,4.0,1.0,0,-0.2095284627489942,0.3333333333333333,0.681984681984682,31,2,,,,,,,0.97,9.48
00-0035631,Drew Sample,TE,CIN,BAL,2025-11-27,2.02,29.75,3.0,1.0,0,0.0448989351680796,0.2,0.5255577755577756,15,12,,,,,,,1.16,10.29
00-0038720,Julian Hill,TE,MIA,NO,2025-11-30,2.01,18.0,2.0,1.0,1,-0.0064661809473301,0.4666666666666667,0.3139985014985015,20,31,,,,,,,0.89,12.78
00-0037654,Tucker Fisk,TE,LAC,LV,2025-11-30,1.99,15.25,2.0,1.0,1,0.0667973673123801,0.125,0.4346486846486846,12,24,,,,,,,0.74,5.28
00-0040739,Elijah Arroyo,TE,SEA,MIN,2025-11-30,1.98,15.0,2.0,1.0,1,-0.0089089855616453,0.3636363636363636,0.5245171495171495,21,13,,,,,,,1.02,12.57
00-0038564,Cameron Latu,TE,PHI,CHI,2025-11-28,1.88,18.25,4.0,1.0,1,0.0590580013814779,0.6666666666666666,0.4583749583749584,14,22,,,,,,,1.39,11.79
00-0037569,Peyton Hendershot,TE,KC,DAL,2025-11-27,1.85,25.0,2.0,1.0,0,-0.1152884611769509,0.8,0.4682609057609058,28,18,,,,,,,1.09,9.32
00-0032141,Geoff Swaim,TE,CLE,SF,2025-11-30,1.84,20.5,2.0,1.0,1,-0.2035625371766095,0.3333333333333333,0.5391483516483516,30,10,,,,,,,0.7,9.38
00-0036876,Kylen Granson,TE,PHI,CHI,2025-11-28,1.82,18.25,3.0,1.0,1,0.0590580013814779,0.7333333333333333,0.4583749583749584,14,22,,,,,,,1.23,11.68
00-0037292,Andrew Ogletree,TE,IND,HOU,2025-11-30,1.81,20.75,3.0,1.0,1,-0.1099062493798814,0.6666666666666666,0.6739094239094239,27,3,,,,,,,0.98,10.59
00-0038547,Luke Schoonmaker,TE,DAL,KC,2025-11-27,1.78,28.5,2.0,1.0,1,0.0876025690281826,0.2666666666666666,0.5569222444222444,9,7,,,,,,,0.73,10.42
00-0038115,Daniel Bellinger,TE,NYG,NE,2025-12-01,1.77,26.75,2.0,1.0,0,-0.0875692463965452,0.1333333333333333,0.5231684981684982,26,14,,,,,,,1.04,13.61
00-0039613,Dallin Holker,TE,NO,MIA,2025-11-30,1.75,23.5,2.0,1.0,0,-0.0114811011743694,0.1666666666666666,0.4249292374292374,22,25,,,,,,,0.81,6.62
00-0034073,Ross Dwelley,TE,DET,GB,2025-11-27,1.74,23.0,2.0,1.0,1,0.1573203137248841,0.6363636363636364,0.6192557442557443,4,4,,,,,,,0.78,10.59
00-0035547,Joseph Fortson,TE,KC,DAL,2025-11-27,1.74,25.0,2.0,1.0,0,-0.1152884611769509,0.5,0.4682609057609058,28,18,,,,,,,1.0,7.62
00-0038920,John Shenker,TE,LV,LAC,2025-11-30,1.74,25.25,2.0,1.0,0,-0.2095284627489942,1.0,0.681984681984682,31,2,,,,,,,0.78,7.65
00-0036510,Kenny Yeboah,TE,NYJ,ATL,2025-11-30,1.73,20.75,2.0,1.0,1,-0.2392364677490492,0.8,0.4395812520812521,32,23,,,,,,,1.21,10.01
00-0038590,Justin Shorter,TE,LV,LAC,2025-11-30,1.71,25.25,2.0,1.0,0,-0.2095284627489942,0.3333333333333333,0.681984681984682,31,2,,,,,,,0.75,7.84
00-0036332,Josiah Deguara,TE,ARI,TB,2025-11-30,1.7,24.5,3.0,1.0,0,-0.0200817692320336,0.3333333333333333,0.5669955044955045,23,5,,,,,,,0.55,6.62
00-0032394,Nick Vannett,TE,TEN,JAX,2025-11-30,1.69,24.25,2.0,1.0,1,-0.0600036058434601,0.2,0.5018106893106893,25,15,,,,,,,1.25,12.3
00-0039686,Colson Yankoff,TE,WAS,DEN,2025-11-30,1.64,25.0,4.0,1.0,1,-0.1204819871553674,0.3333333333333333,0.4870546120546121,29,16,,,,,,,0.7,7.15
00-0040509,Ben Yurosek,TE,MIN,SEA,2025-11-30,1.6,27.5,3.0,1.0,0,-0.0559571697535418,0.375,0.3954170829170829,24,29,,,,,,,0.78,7.76
00-0037277,Teagan Quitoriano,TE,ATL,NYJ,2025-11-30,1.59,17.75,3.0,1.0,0,0.0221513693594375,0.2,0.4211413586413586,16,26,,,,,,,1.2,9.76
00-0036590,Quintin Morris,TE,JAX,TEN,2025-11-30,1.58,18.25,4.0,1.0,0,0.1250437759787225,0.5333333333333333,0.4613719613719613,7,21,,,,,,,1.1,9.59
00-0036887,Luke Farrell,TE,SF,CLE,2025-11-30,1.56,15.0,2.0,1.0,0,0.1645314529215629,0.2727272727272727,0.3858641358641358,3,30,,,,,,,0.57,6.51
00-0038394,Will Mallory,TE,IND,HOU,2025-11-30,1.45,20.75,4.0,1.0,1,-0.1099062493798814,0.25,0.6739094239094239,27,3,,,,,,,1.03,9.08
00-0040194,Jackson Hawes,TE,BUF,PIT,2025-11-30,1.45,20.75,3.0,1.0,0,0.1692050266074698,0.2142857142857142,0.4848068598068598,2,17,,,,,,,1.07,11.54
00-0033895,Gerald Everett,TE,CHI,PHI,2025-11-28,1.43,25.25,2.0,1.0,0,0.075685334949902,0.5333333333333333,0.5668914418914419,10,6,,,,,,,0.95,9.93
00-0036429,Charlie Woerner,TE,ATL,NYJ,2025-11-30,1.42,17.75,2.0,1.0,0,0.0221513693594375,0.2142857142857142,0.4211413586413586,16,26,,,,,,,1.35,10.13
00-0040363,Keleki Latu,TE,BUF,PIT,2025-11-30,1.42,20.75,2.0,1.0,0,0.1692050266074698,0.6666666666666666,0.4848068598068598,2,17,,,,,,,0.83,6.91
00-0034981,Foster Moreau,TE,NO,MIA,2025-11-30,1.39,23.5,3.0,1.0,0,-0.0114811011743694,0.5833333333333334,0.4249292374292374,22,25,,,,,,,1.05,7.28
00-0039420,Jaheim Bell,TE,NE,NYG,2025-12-01,1.32,19.75,2.0,1.0,1,0.1569497663344893,0.4615384615384615,0.4147435897435897,5,27,,,,,,,0.64,4.04
00-0036741,Jack Stoll,TE,NO,MIA,2025-11-30,1.26,23.5,4.0,1.0,0,-0.0114811011743694,0.5384615384615384,0.4249292374292374,22,25,,,,,,,0.75,6.59
00-0034159,Will Dissly,TE,LAC,LV,2025-11-30,1.22,15.25,4.0,1.0,1,0.0667973673123801,0.6666666666666666,0.4346486846486846,12,24,,,,,,,0.87,7.19
00-0039530,Brevyn Spann-Ford,TE,DAL,KC,2025-11-27,1.21,28.5,3.0,1.0,1,0.0876025690281826,0.2666666666666666,0.5569222444222444,9,7,,,,,,,0.76,4.91
00-0037475,Stone Smartt,TE,NYJ,ATL,2025-11-30,1.18,20.75,3.0,1.0,1,-0.2392364677490492,0.2857142857142857,0.4395812520812521,32,23,,,,,,,0.61,5.76
00-0039648,David Martin-Robinson,TE,TEN,JAX,2025-11-30,1.11,24.25,3.0,1.0,1,-0.0600036058434601,0.3333333333333333,0.5018106893106893,25,15,,,,,,,0.52,9.96
00-0039737,Tip Reiman,TE,ARI,TB,2025-11-30,1.08,24.5,4.0,1.0,0,-0.0200817692320336,1.0,0.5669955044955045,23,5,,,,,,,0.61,4.57
00-0024243,Marcedes Lewis,TE,CHI,PHI,2025-11-28,1.03,25.25,2.0,1.0,0,0.075685334949902,0.5,0.5668914418914419,10,6,,,,,,,0.24,5.78
00-0034798,Durham Smythe,TE,CHI,PHI,2025-11-28,1.0,25.25,3.0,1.0,0,0.075685334949902,0.7333333333333333,0.5668914418914419,10,6,,,,,,,0.58,7.28
00-0037031,Nikola Kalinic,TE,CHI,PHI,2025-11-28,0.84,25.25,2.0,1.0,0,0.075685334949902,0.6,0.5668914418914419,10,6,,,,,,,0.53,7.13
00-0039050,Payne Durham,TE,TB,ARI,2025-11-30,0.82,20.0,2.0,1.0,1,0.0114114413538503,0.1666666666666666,0.3117715617715617,17,32,,,,,,,0.59,5.67
00-0038710,Blake Whiteheart,TE,CLE,SF,2025-11-30,0.78,20.5,3.0,1.0,1,-0.2035625371766095,0.6,0.5391483516483516,30,10,,,,,,,0.68,7.12
00-0033576,Eric Saubert,TE,SEA,MIN,2025-11-30,0.67,15.0,4.0,1.0,1,-0.0089089855616453,0.5333333333333333,0.5245171495171495,21,13,,,,,,,0.68,7.02
00-0038643,Brayden Willis,TE,SF,CLE,2025-11-30,0.61,15.0,2.0,1.0,0,0.1645314529215629,0.8,0.3858641358641358,3,30,,,,,,,0.3,7.11
00-0036825,Feleipe Franks,TE,ATL,NYJ,2025-11-30,0.59,17.75,4.0,1.0,0,0.0221513693594375,0.75,0.4211413586413586,16,26,,,,,,,0.63,6.4
00-0033439,Pharaoh Brown,TE,ARI,TB,2025-11-30,0.49,24.5,2.0,1.0,0,-0.0200817692320336,0.6153846153846154,0.5669955044955045,23,5,,,,,,,0.54,3.4
00-0037311,Ko Kieft,TE,TB,ARI,2025-11-30,0.44,20.0,4.0,1.0,1,0.0114114413538503,0.5,0.3117715617715617,17,32,,,,,,,0.4,7.71
00-0031484,Chris Manhertz,TE,NYG,NE,2025-12-01,0.36,26.75,2.0,1.0,0,-0.0875692463965452,0.4285714285714285,0.5231684981684982,26,14,,,,,,,0.36,2.8
00-0039305,Jack Westover,TE,NE,NYG,2025-12-01,0.23,19.75,2.0,1.0,1,0.1569497663344893,0.2222222222222222,0.4147435897435897,5,27,,,,,,,0.34,3.91
00-0039075,Puka Nacua,WR,LA,CAR,2025-11-30,21.14,17.25,1.0,1.0,0,0.2548577506652165,0.4,0.5377747252747253,1,11,,,,,8.33,102.02,,
00-0039067,Rashee Rice,WR,KC,DAL,2025-11-27,16.36,25.0,1.0,1.0,0,-0.1152884611769509,0.5833333333333334,0.4682609057609058,28,18,,,,,5.87,62.22,,
00-0036900,Ja'Marr Chase,WR,CIN,BAL,2025-11-27,15.54,29.75,1.0,1.0,0,0.0448989351680796,0.2,0.5255577755577756,15,12,,,,,6.4,75.94,,
00-0036963,Amon-Ra St. Brown,WR,DET,GB,2025-11-27,15.13,23.0,1.0,1.0,1,0.1573203137248841,0.4666666666666667,0.6192557442557443,4,4,,,,,7.17,65.2,,
00-0034960,Jakobi Meyers,WR,JAX,TEN,2025-11-30,15.05,18.25,2.0,1.0,0,0.1250437759787225,0.5333333333333333,0.4613719613719613,7,21,,,,,5.4,65.89,,
00-0037240,Jameson Williams,WR,DET,GB,2025-11-27,13.4,23.0,2.0,1.0,1,0.1573203137248841,0.4666666666666667,0.6192557442557443,4,4,,,,,6.14,63.12,,
00-0038117,Wan'Dale Robinson,WR,NYG,NE,2025-12-01,13.31,26.75,1.0,1.0,0,-0.0875692463965452,0.4285714285714285,0.5231684981684982,26,14,,,,,5.18,56.33,,
00-0037247,George Pickens,WR,DAL,KC,2025-11-27,13.09,28.5,2.0,1.0,1,0.0876025690281826,0.2666666666666666,0.5569222444222444,9,7,,,,,5.28,67.64,,
00-0036358,CeeDee Lamb,WR,DAL,KC,2025-11-27,12.96,28.5,1.0,1.0,1,0.0876025690281826,0.2666666666666666,0.5569222444222444,9,7,,,,,5.44,76.37,,
00-0039064,Zay Flowers,WR,BAL,CIN,2025-11-27,12.84,22.75,1.0,1.0,1,-0.0035963003912532,0.6,0.4665334665334665,19,19,,,,,5.06,70.31,,
00-0035640,DK Metcalf,WR,PIT,BUF,2025-11-30,12.68,23.75,1.0,1.0,1,0.069888843890464,0.4615384615384615,0.5423326673326674,11,9,,,,,5.07,58.77,,
00-0039337,Malik Nabers,WR,NYG,NE,2025-12-01,12.67,26.75,6.0,1.0,0,-0.0875692463965452,0.0,0.5231684981684982,26,14,,,,,5.35,83.54,,
00-0031381,Davante Adams,WR,LA,CAR,2025-11-30,12.63,17.25,2.0,1.0,0,0.2548577506652165,0.25,0.5377747252747253,1,11,,,,,3.68,57.92,,
00-0036613,Jaylen Waddle,WR,MIA,NO,2025-11-30,12.6,18.0,1.0,1.0,1,-0.0064661809473301,0.2857142857142857,0.3139985014985015,20,31,,,,,5.59,72.88,,
00-0038559,Michael Wilson,WR,ARI,TB,2025-11-30,12.6,24.5,2.0,1.0,0,-0.0200817692320336,0.3333333333333333,0.5669955044955045,23,5,,,,,4.55,56.61,,
00-0038543,Jaxon Smith-Njigba,WR,SEA,MIN,2025-11-30,12.42,15.0,1.0,1.0,1,-0.0089089855616453,0.5333333333333333,0.5245171495171495,21,13,,,,,5.19,84.98,,
00-0039849,Marvin Harrison Jr.,WR,ARI,TB,2025-11-30,11.7,24.5,1.0,0.5,0,-0.0200817692320336,0.3571428571428571,0.5669955044955045,23,5,,,,,4.72,68.77,,
00-0035676,A.J. Brown,WR,PHI,CHI,2025-11-28,11.3,18.25,1.0,1.0,1,0.0590580013814779,0.2857142857142857,0.4583749583749584,14,22,,,,,5.57,64.79,,
00-0037740,Garrett Wilson,WR,NYJ,ATL,2025-11-30,11.29,20.75,7.0,1.0,1,-0.2392364677490492,0.6,0.4395812520812521,32,23,,,,,5.94,64.02,,
00-0034348,Courtland Sutton,WR,DEN,WAS,2025-11-30,11.03,18.5,2.0,1.0,0,0.1174218214754575,0.4,0.4614968364968364,8,20,,,,,5.21,59.36,,
00-0037239,Chris Olave,WR,NO,MIA,2025-11-30,10.89,23.5,1.0,0.5,0,-0.0114811011743694,0.2142857142857142,0.4249292374292374,22,25,,,,,4.52,69.93,,
00-0035659,Terry McLaurin,WR,WAS,DEN,2025-11-30,10.73,25.0,1.0,1.0,1,-0.1204819871553674,0.4,0.4870546120546121,29,16,,,,,4.02,60.42,,
00-0036554,Nico Collins,WR,HOU,IND,2025-11-30,10.64,23.75,1.0,1.0,0,0.0063511369932493,0.1428571428571428,0.4002247752247752,18,28,,,,,5.25,64.24,,
00-0036322,Justin Jefferson,WR,MIN,SEA,2025-11-30,10.61,27.5,1.0,1.0,0,-0.0559571697535418,0.5333333333333333,0.3954170829170829,24,29,,,,,4.87,53.56,,
00-0038977,Tank Dell,WR,HOU,IND,2025-11-30,10.15,23.75,7.0,1.0,0,0.0063511369932493,0.4615384615384615,0.4002247752247752,18,28,,,,,4.15,64.58,,
00-0038124,Christian Watson,WR,GB,DET,2025-11-27,9.89,25.5,1.0,1.0,0,0.1529564013719251,0.7142857142857143,0.7367007992007992,6,1,,,,,4.19,60.48,,
00-0036261,Brandon Aiyuk,WR,SF,CLE,2025-11-30,9.76,15.0,7.0,1.0,0,0.1645314529215629,0.6,0.3858641358641358,3,30,,,,,3.07,50.91,,
00-0034827,DJ Moore,WR,CHI,PHI,2025-11-28,9.71,25.25,2.0,1.0,0,0.075685334949902,0.7333333333333333,0.5668914418914419,10,6,,,,,3.91,54.04,,
00-0031588,Stefon Diggs,WR,NE,NYG,2025-12-01,9.15,19.75,1.0,1.0,1,0.1569497663344893,0.2,0.4147435897435897,5,27,,,,,4.63,53.91,,
00-0036252,Michael Pittman,WR,IND,HOU,2025-11-30,9.14,20.75,1.0,1.0,1,-0.1099062493798814,0.7333333333333333,0.6739094239094239,27,3,,,,,4.83,57.06,,
00-0036912,DeVonta Smith,WR,PHI,CHI,2025-11-28,9.13,18.25,2.0,1.0,1,0.0590580013814779,0.7333333333333333,0.4583749583749584,14,22,,,,,3.98,54.77,,
00-0036259,Jauan Jennings,WR,SF,CLE,2025-11-30,9.07,15.0,1.0,1.0,0,0.1645314529215629,0.7333333333333333,0.3858641358641358,3,30,,,,,3.98,55.87,,
00-0035719,Deebo Samuel Sr.,WR,WAS,DEN,2025-11-30,8.9,25.0,2.0,1.0,1,-0.1204819871553674,0.4,0.4870546120546121,29,16,,,,,4.23,50.31,,
00-0039894,Xavier Worthy,WR,KC,DAL,2025-11-27,8.85,25.0,2.0,1.0,0,-0.1152884611769509,0.1428571428571428,0.4682609057609058,28,18,,,,,3.92,41.38,,
00-0040705,Chimere Dike,WR,TEN,JAX,2025-11-30,8.82,24.25,2.0,1.0,1,-0.0600036058434601,0.3333333333333333,0.5018106893106893,25,15,,,,,3.59,53.8,,
00-0038563,Tre Tucker,WR,LV,LAC,2025-11-30,8.71,25.25,1.0,1.0,0,-0.2095284627489942,0.1333333333333333,0.681984681984682,31,2,,,,,3.65,45.07,,
00-0031408,Mike Evans,WR,TB,ARI,2025-11-30,8.43,20.0,8.0,1.0,1,0.0114114413538503,0.4,0.3117715617715617,17,32,,,,,3.73,58.89,,
00-0039855,Jalen McMillan,WR,TB,ARI,2025-11-30,8.32,20.0,7.0,1.0,1,0.0114114413538503,0.4,0.3117715617715617,17,32,,,,,2.97,39.15,,
00-0039890,Adonai Mitchell,WR,NYJ,ATL,2025-11-30,8.3,20.75,2.0,1.0,1,-0.2392364677490492,0.8,0.4395812520812521,32,23,,,,,3.75,54.66,,
00-0033921,Chris Godwin Jr.,WR,TB,ARI,2025-11-30,8.26,20.0,2.0,1.0,1,0.0114114413538503,0.4,0.3117715617715617,17,32,,,,,4.23,46.27,,
00-0040124,Tetairoa McMillan,WR,CAR,LA,2025-11-30,8.25,27.25,1.0,1.0,1,0.0619172570125864,0.8,0.5463286713286714,13,8,,,,,3.54,56.85,,
00-0033040,Tyreek Hill,WR,MIA,NO,2025-11-30,8.09,18.0,7.0,1.0,1,-0.0064661809473301,1.0,0.3139985014985015,20,31,,,,,4.21,51.8,,
00-0034837,Calvin Ridley,WR,TEN,JAX,2025-11-30,7.95,24.25,6.0,1.0,1,-0.0600036058434601,0.2,0.5018106893106893,25,15,,,,,3.22,50.57,,
00-0033555,Mack Hollins,WR,NE,NYG,2025-12-01,7.9,19.75,3.0,1.0,1,0.1569497663344893,0.6923076923076923,0.4147435897435897,5,27,,,,,2.69,41.4,,
00-0039919,Rome Odunze,WR,CHI,PHI,2025-11-28,7.9,25.25,1.0,1.0,0,0.075685334949902,0.6,0.5668914418914419,10,6,,,,,2.04,43.82,,
00-0040129,Emeka Egbuka,WR,TB,ARI,2025-11-30,7.86,20.0,1.0,1.0,1,0.0114114413538503,0.4,0.3117715617715617,17,32,,,,,3.92,48.07,,
00-0039915,Ladd McConkey,WR,LAC,LV,2025-11-30,7.76,15.25,1.0,1.0,1,0.0667973673123801,0.4285714285714285,0.4346486846486846,12,24,,,,,3.43,50.76,,
00-0031544,Amari Cooper,WR,BUF,PIT,2025-11-30,7.58,20.75,2.0,1.0,0,0.1692050266074698,0.2142857142857142,0.4848068598068598,2,17,,,,,2.98,40.14,,
00-0039893,Brian Thomas Jr.,WR,JAX,TEN,2025-11-30,7.57,18.25,1.0,1.0,0,0.1250437759787225,0.5333333333333333,0.4613719613719613,7,21,,,,,2.88,41.96,,
00-0037614,John Metchie III,WR,NYJ,ATL,2025-11-30,7.46,20.75,1.0,1.0,1,-0.2392364677490492,0.8,0.4395812520812521,32,23,,,,,4.09,43.23,,
00-0038606,Parker Washington,WR,JAX,TEN,2025-11-30,7.44,18.25,3.0,1.0,0,0.1250437759787225,0.5333333333333333,0.4613719613719613,7,21,,,,,2.91,43.87,,
00-0033908,Cooper Kupp,WR,SEA,MIN,2025-11-30,7.37,15.0,2.0,1.0,1,-0.0089089855616453,0.5333333333333333,0.5245171495171495,21,13,,,,,2.81,38.46,,
00-0039491,Jalen Coker,WR,CAR,LA,2025-11-30,7.35,27.25,3.0,1.0,1,0.0619172570125864,0.8,0.5463286713286714,13,8,,,,,3.07,45.21,,
00-0039868,Troy Franklin,WR,DEN,WAS,2025-11-30,7.33,18.5,1.0,1.0,0,0.1174218214754575,0.4,0.4614968364968364,8,20,,,,,3.35,41.3,,
00-0037664,Alec Pierce,WR,IND,HOU,2025-11-30,7.05,20.75,2.0,1.0,1,-0.1099062493798814,0.7333333333333333,0.6739094239094239,27,3,,,,,2.69,42.68,,
00-0037261,Khalil Shakir,WR,BUF,PIT,2025-11-30,7.0,20.75,1.0,1.0,0,0.1692050266074698,0.2142857142857142,0.4848068598068598,2,17,,,,,3.3,39.94,,
00-0039410,Ryan Flournoy,WR,DAL,KC,2025-11-27,6.95,28.5,3.0,1.0,1,0.0876025690281826,0.7142857142857143,0.5569222444222444,9,7,,,,,2.81,34.28,,
00-0037545,Rashid Shaheed,WR,SEA,MIN,2025-11-30,6.88,15.0,3.0,1.0,1,-0.0089089855616453,0.5333333333333333,0.5245171495171495,21,13,,,,,2.48,30.05,,
00-0035535,Darius Slayton,WR,NYG,NE,2025-12-01,6.77,26.75,2.0,1.0,0,-0.0875692463965452,0.1333333333333333,0.5231684981684982,26,14,,,,,2.38,32.23,,
00-0038997,Josh Downs,WR,IND,HOU,2025-11-30,6.69,20.75,3.0,1.0,1,-0.1099062493798814,0.7333333333333333,0.6739094239094239,27,3,,,,,3.5,40.72,,
00-0036407,Jerry Jeudy,WR,CLE,SF,2025-11-30,6.58,20.5,1.0,1.0,1,-0.2035625371766095,0.6,0.5391483516483516,30,10,,,,,2.53,44.45,,
00-0035216,Diontae Johnson,WR,BAL,CIN,2025-11-27,6.57,22.75,2.0,1.0,1,-0.0035963003912532,0.7,0.4665334665334665,19,19,,,,,1.96,21.36,,
00-0039424,Devaughn Vele,WR,NO,MIA,2025-11-30,6.55,23.5,2.0,1.0,0,-0.0114811011743694,0.5833333333333334,0.4249292374292374,22,25,,,,,2.72,37.36,,
00-0040735,Luther Burden III,WR,CHI,PHI,2025-11-28,6.51,25.25,3.0,1.0,0,0.075685334949902,0.7333333333333333,0.5668914418914419,10,6,,,,,3.53,40.46,,
00-0039901,Keon Coleman,WR,BUF,PIT,2025-11-30,6.44,20.75,6.0,1.0,0,0.1692050266074698,0.3333333333333333,0.4848068598068598,2,17,,,,,2.13,32.92,,
00-0040311,Theo Wease Jr.,WR,MIA,NO,2025-11-30,6.4,18.0,2.0,1.0,1,-0.0064661809473301,0.4666666666666667,0.3139985014985015,20,31,,,,,2.71,39.46,,
00-0038393,Dontayvion Wicks,WR,GB,DET,2025-11-27,6.36,25.5,4.0,1.0,0,0.1529564013719251,0.7142857142857143,0.7367007992007992,6,1,,,,,2.41,38.19,,
00-0030279,Keenan Allen,WR,LAC,LV,2025-11-30,6.3,15.25,3.0,1.0,1,0.0667973673123801,0.6666666666666666,0.4346486846486846,12,24,,,,,3.19,41.29,,
00-0035359,David Sills,WR,ATL,NYJ,2025-11-30,6.18,17.75,3.0,1.0,0,0.0221513693594375,0.7333333333333333,0.4211413586413586,16,26,,,,,2.59,38.15,,
00-0038994,Jordan Addison,WR,MIN,SEA,2025-11-30,6.18,27.5,2.0,1.0,0,-0.0559571697535418,0.5333333333333333,0.3954170829170829,24,29,,,,,2.82,38.55,,
00-0040134,Pat Bryant,WR,DEN,WAS,2025-11-30,6.16,18.5,3.0,1.0,0,0.1174218214754575,0.7142857142857143,0.4614968364968364,8,20,,,,,2.51,31.62,,
00-0036309,Darnell Mooney,WR,ATL,NYJ,2025-11-30,6.09,17.75,2.0,1.0,0,0.0221513693594375,0.7333333333333333,0.4211413586413586,16,26,,,,,2.43,41.89,,
00-0035500,Greg Dortch,WR,ARI,TB,2025-11-30,6.0,24.5,3.0,1.0,0,-0.0200817692320336,0.6,0.5669955044955045,23,5,,,,,2.01,19.84,,
00-0032385,Sterling Shepard,WR,TB,ARI,2025-11-30,5.97,20.0,4.0,1.0,1,0.0114114413538503,0.2727272727272727,0.3117715617715617,17,32,,,,,3.17,32.38,,
00-0034777,DJ Chark,WR,LAC,LV,2025-11-30,5.61,15.25,2.0,1.0,1,0.0667973673123801,0.2,0.4346486846486846,12,24,,,,,2.32,37.83,,
00-0040170,Elic Ayomanor,WR,TEN,JAX,2025-11-30,5.6,24.25,1.0,0.5,1,-0.0600036058434601,0.3333333333333333,0.5018106893106893,25,15,,,,,2.16,33.34,,
00-0040727,Tre Harris,WR,LAC,LV,2025-11-30,5.59,15.25,4.0,1.0,1,0.0667973673123801,0.6666666666666666,0.4346486846486846,12,24,,,,,2.68,34.2,,
00-0032398,Chris Moore,WR,WAS,DEN,2025-11-30,5.52,25.0,5.0,0.5,1,-0.1204819871553674,0.6428571428571429,0.4870546120546121,29,16,,,,,1.51,32.55,,
00-0038608,Kayshon Boutte,WR,NE,NYG,2025-12-01,5.32,19.75,2.0,1.0,1,0.1569497663344893,0.5,0.4147435897435897,5,27,,,,,2.27,30.21,,
00-0033891,Zay Jones,WR,ARI,TB,2025-11-30,5.3,24.5,6.0,1.0,0,-0.0200817692320336,0.6,0.5669955044955045,23,5,,,,,2.16,29.92,,
00-0040729,Jack Bech,WR,LV,LAC,2025-11-30,5.19,25.25,4.0,1.0,0,-0.2095284627489942,0.6428571428571429,0.681984681984682,31,2,,,,,2.47,26.48,,
00-0039880,Malik Washington,WR,MIA,NO,2025-11-30,5.15,18.0,2.0,1.0,1,-0.0064661809473301,0.4666666666666667,0.3139985014985015,20,31,,,,,2.4,23.64,,
00-0034775,Christian Kirk,WR,HOU,IND,2025-11-30,5.11,23.75,3.0,1.0,0,0.0063511369932493,0.7333333333333333,0.4002247752247752,18,28,,,,,2.89,31.43,,
00-0038839,Mitchell Tinsley,WR,CIN,BAL,2025-11-27,5.08,29.75,4.0,1.0,0,0.0448989351680796,0.4615384615384615,0.5255577755577756,15,12,,,,,2.08,26.26,,
00-0036849,Tutu Atwell,WR,LA,CAR,2025-11-30,4.92,17.25,6.0,1.0,0,0.2548577506652165,0.4,0.5377747252747253,1,11,,,,,1.5,24.36,,
00-0032543,Alex Erickson,WR,NE,NYG,2025-12-01,4.91,19.75,2.0,1.0,1,0.1569497663344893,0.6,0.4147435897435897,5,27,,,,,2.07,27.5,,
00-0040669,Isaac TeSlaa,WR,DET,GB,2025-11-27,4.84,23.0,4.0,0.5,1,0.1573203137248841,0.4666666666666667,0.6192557442557443,4,4,,,,,2.08,29.72,,
00-0036626,Dyami Brown,WR,JAX,TEN,2025-11-30,4.81,18.25,5.0,1.0,0,0.1250437759787225,0.2307692307692307,0.4613719613719613,7,21,,,,,1.59,16.68,,
00-0036196,Gabe Davis,WR,BUF,PIT,2025-11-30,4.77,20.75,4.0,1.0,0,0.1692050266074698,0.6666666666666666,0.4848068598068598,2,17,,,,,2.2,23.78,,
00-0037816,Romeo Doubs,WR,GB,DET,2025-11-27,4.71,25.5,2.0,1.0,0,0.1529564013719251,0.7142857142857143,0.7367007992007992,6,1,,,,,2.38,28.02,,
00-0034407,Ray-Ray McCloud,WR,NYG,NE,2025-12-01,4.69,26.75,2.0,1.0,0,-0.0875692463965452,0.625,0.5231684981684982,26,14,,,,,1.59,24.14,,
00-0036415,Van Jefferson,WR,TEN,JAX,2025-11-30,4.65,24.25,3.0,1.0,1,-0.0600036058434601,0.4285714285714285,0.5018106893106893,25,15,,,,,1.93,25.15,,
00-0039739,Roman Wilson,WR,PIT,BUF,2025-11-30,4.64,23.75,3.0,1.0,1,0.069888843890464,0.7,0.5423326673326674,11,9,,,,,1.93,22.25,,
00-0039386,Bub Means,WR,NO,MIA,2025-11-30,4.63,23.5,7.0,1.0,0,-0.0114811011743694,0.5,0.4249292374292374,22,25,,,,,2.71,30.98,,
00-0035662,Marquise Brown,WR,KC,DAL,2025-11-27,4.62,25.0,3.0,1.0,0,-0.1152884611769509,0.8,0.4682609057609058,28,18,,,,,2.15,26.01,,
00-0038544,Quentin Johnston,WR,LAC,LV,2025-11-30,4.62,15.25,2.0,1.0,1,0.0667973673123801,0.4285714285714285,0.4346486846486846,12,24,,,,,2.87,33.41,,
00-0033375,Tim Patrick,WR,JAX,TEN,2025-11-30,4.61,18.25,4.0,1.0,0,0.1250437759787225,0.5333333333333333,0.4613719613719613,7,21,,,,,2.19,30.94,,
00-0036527,DJ Turner,WR,LV,LAC,2025-11-30,4.51,25.25,2.0,1.0,0,-0.2095284627489942,0.5454545454545454,0.681984681984682,31,2,,,,,1.95,23.66,,
00-0034983,Hunter Renfrow,WR,CAR,LA,2025-11-30,4.49,27.25,6.0,1.0,1,0.0619172570125864,0.25,0.5463286713286714,13,8,,,,,2.54,27.72,,
00-0035406,Lil'Jordan Humphrey,WR,DEN,WAS,2025-11-30,4.48,18.5,5.0,1.0,0,0.1174218214754575,0.7142857142857143,0.4614968364968364,8,20,,,,,1.99,22.1,,
00-0040718,Travis Hunter,WR,JAX,TEN,2025-11-30,4.48,18.25,7.0,1.0,0,0.1250437759787225,0.6,0.4613719613719613,7,21,,,,,2.46,29.17,,
00-0037291,Jalen Nailor,WR,MIN,SEA,2025-11-30,4.43,27.5,3.0,1.0,0,-0.0559571697535418,0.5333333333333333,0.3954170829170829,24,29,,,,,1.59,19.24,,
00-0036165,Isaiah Hodgins,WR,NYG,NE,2025-12-01,4.41,26.75,3.0,1.0,0,-0.0875692463965452,0.1333333333333333,0.5231684981684982,26,14,,,,,1.62,23.67,,
00-0032775,Demarcus Robinson,WR,SF,CLE,2025-11-30,4.38,15.0,3.0,1.0,0,0.1645314529215629,0.7333333333333333,0.3858641358641358,3,30,,,,,1.35,19.49,,
00-0037524,Tay Martin,WR,WAS,DEN,2025-11-30,4.34,25.0,2.0,1.0,1,-0.1204819871553674,0.3333333333333333,0.4870546120546121,29,16,,,,,1.49,26.86,,
00-0036427,Tyler Johnson,WR,NYJ,ATL,2025-11-30,4.28,20.75,6.0,1.0,1,-0.2392364677490492,0.2857142857142857,0.4395812520812521,32,23,,,,,1.94,24.33,,
00-0031549,Nelson Agholor,WR,BAL,CIN,2025-11-27,4.25,22.75,2.0,1.0,1,-0.0035963003912532,0.8181818181818182,0.4665334665334665,19,19,,,,,1.55,16.95,,
00-0036988,Josh Palmer,WR,BUF,PIT,2025-11-30,4.23,20.75,2.0,0.5,0,0.1692050266074698,0.6666666666666666,0.4848068598068598,2,17,,,,,1.7,22.46,,
00-0035341,Trenton Irwin,WR,CIN,BAL,2025-11-27,4.22,29.75,2.0,1.0,0,0.0448989351680796,0.6666666666666666,0.5255577755577756,15,12,,,,,1.65,20.74,,
00-0038679,Tyrell Shavers,WR,BUF,PIT,2025-11-30,4.1,20.75,5.0,1.0,0,0.1692050266074698,0.2142857142857142,0.4848068598068598,2,17,,,,,2.1,27.66,,
00-0039342,Xavier Legette,WR,CAR,LA,2025-11-30,4.07,27.25,2.0,1.0,1,0.0619172570125864,0.8,0.5463286713286714,13,8,,,,,1.6,19.35,,
00-0030564,DeAndre Hopkins,WR,BAL,CIN,2025-11-27,4.06,22.75,3.0,1.0,1,-0.0035963003912532,0.6,0.4665334665334665,19,19,,,,,1.76,21.84,,
00-0038953,Dylan Drummond,WR,ATL,NYJ,2025-11-30,3.98,17.75,2.0,1.0,0,0.0221513693594375,0.7333333333333333,0.4211413586413586,16,26,,,,,1.61,21.77,,
00-0040130,Jayden Higgins,WR,HOU,IND,2025-11-30,3.97,23.75,2.0,1.0,0,0.0063511369932493,0.7333333333333333,0.4002247752247752,18,28,,,,,2.26,25.19,,
00-0037742,Treylon Burks,WR,WAS,DEN,2025-11-30,3.92,25.0,3.0,1.0,1,-0.1204819871553674,0.4,0.4870546120546121,29,16,,,,,1.53,26.93,,
00-0039451,Isaiah Williams,WR,NYJ,ATL,2025-11-30,3.85,20.75,4.0,1.0,1,-0.2392364677490492,0.8,0.4395812520812521,32,23,,,,,2.51,17.6,,
00-0039355,Luke McCaffrey,WR,WAS,DEN,2025-11-30,3.82,25.0,8.0,1.0,1,-0.1204819871553674,0.5714285714285714,0.4870546120546121,29,16,,,,,1.31,26.95,,
00-0034386,Justin Watson,WR,HOU,IND,2025-11-30,3.79,23.75,8.0,1.0,0,0.0063511369932493,1.0,0.4002247752247752,18,28,,,,,1.4,24.75,,
00-0040648,Tory Horton,WR,SEA,MIN,2025-11-30,3.79,15.0,7.0,1.0,1,-0.0089089855616453,0.4,0.5245171495171495,21,13,,,,,1.51,21.6,,
00-0038621,DeMario Douglas,WR,NE,NYG,2025-12-01,3.78,19.75,4.0,1.0,1,0.1569497663344893,0.2,0.4147435897435897,5,27,,,,,1.26,12.47,,
00-0032211,Tyler Lockett,WR,LV,LAC,2025-11-30,3.77,25.25,2.0,1.0,0,-0.2095284627489942,0.1333333333333333,0.681984681984682,31,2,,,,,1.91,23.11,,
00-0040667,Matthew Golden,WR,GB,DET,2025-11-27,3.74,25.5,3.0,0.5,0,0.1529564013719251,0.4666666666666667,0.7367007992007992,6,1,,,,,1.76,22.66,,
00-0040131,Kyle Williams,WR,NE,NYG,2025-12-01,3.73,19.75,5.0,1.0,1,0.1569497663344893,0.2,0.4147435897435897,5,27,,,,,1.21,15.79,,
00-0037801,KaVontae Turpin,WR,DAL,KC,2025-11-27,3.69,28.5,4.0,1.0,1,0.0876025690281826,0.2666666666666666,0.5569222444222444,9,7,,,,,1.5,16.72,,
00-0038492,Jason Brownlee,WR,KC,DAL,2025-11-27,3.69,25.0,2.0,1.0,0,-0.1152884611769509,0.75,0.4682609057609058,28,18,,,,,1.12,18.41,,
00-0040782,Isaiah Bond,WR,CLE,SF,2025-11-30,3.69,20.5,3.0,1.0,1,-0.2035625371766095,0.6,0.5391483516483516,30,10,,,,,1.17,21.25,,
00-0033536,Mike Williams,WR,PIT,BUF,2025-11-30,3.64,23.75,2.0,1.0,1,0.069888843890464,0.9333333333333332,0.5423326673326674,11,9,,,,,1.86,21.73,,
00-0036345,K.J. Osborn,WR,NE,NYG,2025-12-01,3.62,19.75,2.0,1.0,1,0.1569497663344893,0.5,0.4147435897435897,5,27,,,,,1.59,19.89,,
00-0033943,Josh Reynolds,WR,NYJ,ATL,2025-11-30,3.6,20.75,8.0,1.0,1,-0.2392364677490492,0.6,0.4395812520812521,32,23,,,,,1.62,21.72,,
00-0033009,Tyler Boyd,WR,TEN,JAX,2025-11-30,3.57,24.25,2.0,1.0,1,-0.0600036058434601,0.4285714285714285,0.5018106893106893,25,15,,,,,2.13,20.75,,
00-0035639,Parris Campbell,WR,PHI,CHI,2025-11-28,3.51,18.25,2.0,1.0,1,0.0590580013814779,0.3333333333333333,0.4583749583749584,14,22,,,,,1.63,15.93,,
00-0036387,Jalen Reagor,WR,LAC,LV,2025-11-30,3.48,15.25,2.0,1.0,1,0.0667973673123801,0.6363636363636364,0.4346486846486846,12,24,,,,,1.38,14.57,,
00-0033589,David Moore,WR,CAR,LA,2025-11-30,3.45,27.25,7.0,1.0,1,0.0619172570125864,0.5,0.5463286713286714,13,8,,,,,1.15,17.57,,
00-0034867,Malik Turner,WR,SF,CLE,2025-11-30,3.44,15.0,2.0,1.0,0,0.1645314529215629,0.75,0.3858641358641358,3,30,,,,,1.5,16.27,,
00-0030431,Robert Woods,WR,HOU,IND,2025-11-30,3.42,23.75,2.0,1.0,0,0.0063511369932493,0.6666666666666666,0.4002247752247752,18,28,,,,,1.67,21.63,,
00-0040581,Dont'e Thornton Jr.,WR,LV,LAC,2025-11-30,3.42,25.25,3.0,1.0,0,-0.2095284627489942,0.1333333333333333,0.681984681984682,31,2,,,,,1.18,14.59,,
00-0038938,Jalin Hyatt,WR,NYG,NE,2025-12-01,3.39,26.75,5.0,1.0,0,-0.0875692463965452,0.5555555555555556,0.5231684981684982,26,14,,,,,1.03,21.67,,
00-0038619,Andrei Iosivas,WR,CIN,BAL,2025-11-27,3.38,29.75,3.0,1.0,0,0.0448989351680796,0.2,0.5255577755577756,15,12,,,,,1.31,16.65,,
00-0038640,Jalen Brooks,WR,ARI,TB,2025-11-30,3.38,24.5,2.0,1.0,0,-0.0200817692320336,0.3571428571428571,0.5669955044955045,23,5,,,,,1.19,17.17,,
00-0036550,Rashod Bateman,WR,BAL,CIN,2025-11-27,3.37,22.75,2.0,1.0,1,-0.0035963003912532,0.7857142857142857,0.4665334665334665,19,19,,,,,1.33,18.22,,
00-0035208,Olamide Zaccheaus,WR,CHI,PHI,2025-11-28,3.35,25.25,4.0,1.0,0,0.075685334949902,0.2307692307692307,0.5668914418914419,10,6,,,,,1.82,18.07,,
00-0038104,Tyquan Thornton,WR,KC,DAL,2025-11-27,3.34,25.0,5.0,1.0,0,-0.1152884611769509,0.5833333333333334,0.4682609057609058,28,18,,,,,1.28,20.41,,
00-0034272,Marquez Valdes-Scantling,WR,PIT,BUF,2025-11-30,3.28,23.75,2.0,1.0,1,0.069888843890464,0.2,0.5423326673326674,11,9,,,,,1.28,18.13,,
00-0038618,Xavier Hutchinson,WR,HOU,IND,2025-11-30,3.25,23.75,5.0,1.0,0,0.0063511369932493,0.7333333333333333,0.4002247752247752,18,28,,,,,1.49,19.18,,
00-0031236,Brandin Cooks,WR,BUF,PIT,2025-11-30,3.18,20.75,3.0,1.0,0,0.1692050266074698,0.2142857142857142,0.4848068598068598,2,17,,,,,1.24,23.21,,
00-0036980,Elijah Moore,WR,BUF,PIT,2025-11-30,3.12,20.75,8.0,1.0,0,0.1692050266074698,0.2222222222222222,0.4848068598068598,2,17,,,,,1.28,16.18,,
00-0031428,Allen Robinson,WR,DET,GB,2025-11-27,3.05,23.0,2.0,1.0,1,0.1573203137248841,0.7692307692307693,0.6192557442557443,4,4,,,,,1.15,15.44,,
00-0037666,Jalen Tolbert,WR,DAL,KC,2025-11-27,3.02,28.5,6.0,1.0,1,0.0876025690281826,0.2666666666666666,0.5569222444222444,9,7,,,,,1.07,17.89,,
00-0038647,Ronnie Bell,WR,NO,MIA,2025-11-30,3.0,23.5,2.0,1.0,0,-0.0114811011743694,0.2,0.4249292374292374,22,25,,,,,1.39,21.53,,
00-0038976,Marvin Mims Jr.,WR,DEN,WAS,2025-11-30,2.96,18.5,4.0,1.0,0,0.1174218214754575,0.4,0.4614968364968364,8,20,,,,,1.76,14.64,,
00-0039394,Casey Washington,WR,ATL,NYJ,2025-11-30,2.96,17.75,6.0,1.0,0,0.0221513693594375,0.6666666666666666,0.4211413586413586,16,26,,,,,1.4,21.25,,
00-0033857,JuJu Smith-Schuster,WR,KC,DAL,2025-11-27,2.89,25.0,4.0,1.0,0,-0.1152884611769509,0.8,0.4682609057609058,28,18,,,,,1.14,18.47,,
00-0040237,Tez Johnson,WR,TB,ARI,2025-11-30,2.89,20.0,3.0,1.0,1,0.0114114413538503,0.4,0.3117715617715617,17,32,,,,,1.32,13.19,,
00-0039650,Bryce Oliver,WR,TEN,JAX,2025-11-30,2.88,24.25,7.0,1.0,1,-0.0600036058434601,0.5,0.5018106893106893,25,15,,,,,1.38,13.6,,
00-0040582,Arian Smith,WR,NYJ,ATL,2025-11-30,2.8,20.75,5.0,1.0,1,-0.2392364677490492,0.8,0.4395812520812521,32,23,,,,,0.93,13.58,,
00-0031235,Odell Beckham Jr.,WR,MIA,NO,2025-11-30,2.77,18.0,2.0,1.0,1,-0.0064661809473301,0.7272727272727273,0.3139985014985015,20,31,,,,,1.5,19.37,,
00-0033307,Kendrick Bourne,WR,SF,CLE,2025-11-30,2.76,15.0,4.0,1.0,0,0.1645314529215629,0.7333333333333333,0.3858641358641358,3,30,,,,,1.18,17.54,,
00-0030035,Adam Thielen,WR,PIT,BUF,2025-11-30,2.74,23.75,4.0,1.0,1,0.069888843890464,0.2,0.5423326673326674,11,9,,,,,1.28,13.74,,
00-0037231,Kevin Austin Jr.,WR,NO,MIA,2025-11-30,2.74,23.5,4.0,1.0,0,-0.0114811011743694,0.2,0.4249292374292374,22,25,,,,,1.36,16.46,,
00-0039916,Ricky Pearsall,WR,SF,CLE,2025-11-30,2.74,15.0,2.0,1.0,0,0.1645314529215629,0.1538461538461538,0.3858641358641358,3,30,,,,,1.68,29.31,,
00-0031941,Jamison Crowder,WR,WAS,DEN,2025-11-30,2.71,25.0,2.0,1.0,1,-0.1204819871553674,0.5333333333333333,0.4870546120546121,29,16,,,,,1.41,21.05,,
00-0039521,Xavier Weaver,WR,ARI,TB,2025-11-30,2.71,24.5,4.0,1.0,0,-0.0200817692320336,0.3571428571428571,0.5669955044955045,23,5,,,,,0.9,13.85,,
00-0038359,Xavier Smith,WR,LA,CAR,2025-11-30,2.67,17.25,4.0,1.0,0,0.2548577506652165,0.4,0.5377747252747253,1,11,,,,,1.15,16.71,,
00-0036841,Austin Trammell,WR,JAX,TEN,2025-11-30,2.66,18.25,6.0,1.0,0,0.1250437759787225,0.0909090909090909,0.4613719613719613,7,21,,,,,1.16,20.13,,
00-0038519,Nikko Remigio,WR,KC,DAL,2025-11-27,2.65,25.0,6.0,1.0,0,-0.1152884611769509,0.6923076923076923,0.4682609057609058,28,18,,,,,0.69,14.95,,
00-0038752,Jake Bobo,WR,SEA,MIN,2025-11-30,2.65,15.0,5.0,1.0,1,-0.0089089855616453,0.1,0.5245171495171495,21,13,,,,,0.75,8.2,,
00-0037741,Jahan Dotson,WR,PHI,CHI,2025-11-28,2.62,18.25,3.0,1.0,1,0.0590580013814779,0.7333333333333333,0.4583749583749584,14,22,,,,,1.11,14.45,,
00-0039792,Devontez Walker,WR,BAL,CIN,2025-11-27,2.62,22.75,4.0,1.0,1,-0.0035963003912532,0.7857142857142857,0.4665334665334665,19,19,,,,,1.03,14.27,,
00-0034521,Allen Lazard,WR,NYJ,ATL,2025-11-30,2.57,20.75,3.0,0.5,1,-0.2392364677490492,0.4166666666666667,0.4395812520812521,32,23,,,,,1.57,14.72,,
00-0033251,Zach Pascal,WR,ARI,TB,2025-11-30,2.56,24.5,2.0,1.0,0,-0.0200817692320336,0.6,0.5669955044955045,23,5,,,,,0.84,13.48,,
00-0034419,Braxton Berrios,WR,HOU,IND,2025-11-30,2.51,23.75,6.0,1.0,0,0.0063511369932493,0.75,0.4002247752247752,18,28,,,,,1.56,17.47,,
00-0040024,Darius Cooper,WR,PHI,CHI,2025-11-28,2.51,18.25,4.0,1.0,1,0.0590580013814779,0.7333333333333333,0.4583749583749584,14,22,,,,,1.08,13.17,,
00-0039747,Ainias Smith,WR,PHI,CHI,2025-11-28,2.49,18.25,2.0,1.0,1,0.0590580013814779,0.375,0.4583749583749584,14,22,,,,,1.11,7.25,,
00-0040590,Konata Mumpfield,WR,LA,CAR,2025-11-30,2.47,17.25,5.0,1.0,0,0.2548577506652165,0.4,0.5377747252747253,1,11,,,,,0.95,12.73,,
00-0035140,Mecole Hardman,WR,BUF,PIT,2025-11-30,2.45,20.75,9.0,1.0,0,0.1692050266074698,0.6666666666666666,0.4848068598068598,2,17,,,,,1.01,8.33,,
00-0039052,Trey Palmer,WR,TB,ARI,2025-11-30,2.45,20.0,5.0,1.0,1,0.0114114413538503,0.2666666666666666,0.3117715617715617,17,32,,,,,0.75,12.71,,
00-0038979,Cedric Tillman,WR,CLE,SF,2025-11-30,2.44,20.5,2.0,1.0,1,-0.2035625371766095,0.6,0.5391483516483516,30,10,,,,,1.08,11.46,,
00-0036133,James Proche,WR,TEN,JAX,2025-11-30,2.43,24.25,4.0,1.0,1,-0.0600036058434601,0.3333333333333333,0.5018106893106893,25,15,,,,,1.13,15.46,,
00-0039623,Mason Tipton,WR,NO,MIA,2025-11-30,2.43,23.5,3.0,1.0,0,-0.0114811011743694,0.5384615384615384,0.4249292374292374,22,25,,,,,1.34,13.79,,
00-0035891,Cody White,WR,SEA,MIN,2025-11-30,2.42,15.0,4.0,1.0,1,-0.0089089855616453,0.3333333333333333,0.5245171495171495,21,13,,,,,0.7,14.59,,
00-0034854,KhaDarel Hodge,WR,ATL,NYJ,2025-11-30,2.41,17.75,4.0,1.0,0,0.0221513693594375,0.5,0.4211413586413586,16,26,,,,,1.26,18.01,,
00-0038465,Malik Heath,WR,GB,DET,2025-11-27,2.39,25.5,6.0,1.0,0,0.1529564013719251,0.5,0.7367007992007992,6,1,,,,,1.1,14.24,,
00-0039379,Jamari Thrash,WR,CLE,SF,2025-11-30,2.35,20.5,5.0,1.0,1,-0.2035625371766095,0.7142857142857143,0.5391483516483516,30,10,,,,,0.95,13.21,,
00-0036182,Nick Westbrook-Ikhine,WR,MIA,NO,2025-11-30,2.34,18.0,3.0,1.0,1,-0.0064661809473301,0.5384615384615384,0.3139985014985015,20,31,,,,,0.67,10.7,,
00-0037837,Calvin Austin III,WR,PIT,BUF,2025-11-30,2.34,23.75,2.0,1.0,1,0.069888843890464,0.5714285714285714,0.5423326673326674,11,9,,,,,1.28,14.23,,
00-0039062,Jonathan Mingo,WR,DAL,KC,2025-11-27,2.32,28.5,5.0,1.0,1,0.0876025690281826,0.2666666666666666,0.5569222444222444,9,7,,,,,0.9,13.77,,
00-0038821,Rakim Jarrett,WR,TB,ARI,2025-11-30,2.31,20.0,2.0,1.0,1,0.0114114413538503,0.4285714285714285,0.3117715617715617,17,32,,,,,0.92,12.8,,
00-0039543,Ramel Keyton,WR,LV,LAC,2025-11-30,2.31,25.25,2.0,1.0,0,-0.2095284627489942,0.3333333333333333,0.681984681984682,31,2,,,,,1.02,14.9,,
00-0034418,Cedrick Wilson Jr.,WR,MIA,NO,2025-11-30,2.27,18.0,5.0,1.0,1,-0.0064661809473301,0.4666666666666667,0.3139985014985015,20,31,,,,,1.01,13.51,,
00-0034054,River Cracraft,WR,WAS,DEN,2025-11-30,2.26,25.0,2.0,1.0,1,-0.1204819871553674,0.4,0.4870546120546121,29,16,,,,,1.21,18.03,,
00-0040432,Beaux Collins,WR,NYG,NE,2025-12-01,2.26,26.75,7.0,1.0,0,-0.0875692463965452,0.6666666666666666,0.5231684981684982,26,14,,,,,0.91,11.73,,
00-0040184,KeAndre Lambert-Smith,WR,LAC,LV,2025-11-30,2.25,15.25,6.0,1.0,1,0.0667973673123801,0.6666666666666666,0.4346486846486846,12,24,,,,,1.01,13.78,,
00-0035298,Scott Miller,WR,PIT,BUF,2025-11-30,2.18,23.75,5.0,1.0,1,0.069888843890464,0.2,0.5423326673326674,11,9,,,,,0.96,8.96,,
00-0032128,Chris Conley,WR,SF,CLE,2025-11-30,2.17,15.0,2.0,1.0,0,0.1645314529215629,0.8666666666666667,0.3858641358641358,3,30,,,,,1.27,21.53,,
00-0038941,Tyler Scott,WR,CHI,PHI,2025-11-28,2.15,25.25,2.0,1.0,0,0.075685334949902,0.5333333333333333,0.5668914418914419,10,6,,,,,0.74,11.14,,
00-0036620,Dee Eskridge,WR,MIA,NO,2025-11-30,2.12,18.0,4.0,1.0,1,-0.0064661809473301,0.5384615384615384,0.3139985014985015,20,31,,,,,0.36,8.2,,
00-0036955,Terrace Marshall Jr.,WR,LV,LAC,2025-11-30,2.09,25.25,2.0,1.0,0,-0.2095284627489942,0.2142857142857142,0.681984681984682,31,2,,,,,0.83,12.48,,
00-0035976,Dan Chisena,WR,CAR,LA,2025-11-30,2.04,27.25,2.0,1.0,1,0.0619172570125864,0.5333333333333333,0.5463286713286714,13,8,,,,,0.82,7.66,,
00-0037093,Dareke Young,WR,SEA,MIN,2025-11-30,2.0,15.0,6.0,1.0,1,-0.0089089855616453,0.7857142857142857,0.5245171495171495,21,13,,,,,0.4,7.39,,
00-0036913,Kadarius Toney,WR,CLE,SF,2025-11-30,1.99,20.5,2.0,1.0,1,-0.2035625371766095,0.5833333333333334,0.5391483516483516,30,10,,,,,1.1,9.52,,
00-0034487,Trent Sherfield,WR,DEN,WAS,2025-11-30,1.97,18.5,2.0,1.0,0,0.1174218214754575,1.0,0.4614968364968364,8,20,,,,,0.49,7.3,,
00-0039236,Johnny Wilson,WR,PHI,CHI,2025-11-28,1.97,18.25,6.0,1.0,1,0.0590580013814779,0.7692307692307693,0.4583749583749584,14,22,,,,,1.01,9.63,,
00-0037300,Mike Woods,WR,CLE,SF,2025-11-30,1.94,20.5,2.0,1.0,1,-0.2035625371766095,0.4285714285714285,0.5391483516483516,30,10,,,,,1.1,12.16,,
00-0035021,Ashton Dulin,WR,IND,HOU,2025-11-30,1.91,20.75,6.0,1.0,1,-0.1099062493798814,0.7333333333333333,0.6739094239094239,27,3,,,,,0.91,14.05,,
00-0039751,Jordan Whittington,WR,LA,CAR,2025-11-30,1.91,17.25,3.0,1.0,0,0.2548577506652165,0.4,0.5377747252747253,1,11,,,,,0.94,13.31,,
00-0036268,Laviska Shenault Jr.,WR,SEA,MIN,2025-11-30,1.87,15.0,2.0,1.0,1,-0.0089089855616453,0.4285714285714285,0.5245171495171495,21,13,,,,,0.65,2.76,,
00-0038573,Derius Davis,WR,LAC,LV,2025-11-30,1.87,15.25,5.0,1.0,1,0.0667973673123801,0.6666666666666666,0.4346486846486846,12,24,,,,,0.86,9.17,,
00-0040218,Jimmy Horn Jr.,WR,CAR,LA,2025-11-30,1.85,27.25,4.0,1.0,1,0.0619172570125864,0.8,0.5463286713286714,13,8,,,,,0.66,2.99,,
00-0037487,Deven Thompkins,WR,ATL,NYJ,2025-11-30,1.84,17.75,2.0,1.0,0,0.0221513693594375,0.7333333333333333,0.4211413586413586,16,26,,,,,0.71,8.57,,
00-0035215,Deonte Harty,WR,BAL,CIN,2025-11-27,1.83,22.75,2.0,1.0,1,-0.0035963003912532,1.0,0.4665334665334665,19,19,,,,,0.61,6.46,,
00-0038891,Shedrick Jackson,WR,LV,LAC,2025-11-30,1.8,25.25,2.0,1.0,0,-0.2095284627489942,0.1333333333333333,0.681984681984682,31,2,,,,,0.9,14.2,,
00-0040138,Jaylin Noel,WR,HOU,IND,2025-11-30,1.78,23.75,4.0,1.0,0,0.0063511369932493,0.7333333333333333,0.4002247752247752,18,28,,,,,0.86,9.1,,
00-0032688,Robbie Chosen,WR,WAS,DEN,2025-11-30,1.74,25.0,6.0,1.0,1,-0.1204819871553674,0.625,0.4870546120546121,29,16,,,,,1.12,18.11,,
00-0040164,Jaylin Lane,WR,WAS,DEN,2025-11-30,1.74,25.0,4.0,1.0,1,-0.1204819871553674,0.1538461538461538,0.4870546120546121,29,16,,,,,0.83,14.69,,
00-0040259,Gage Larvadain,WR,CLE,SF,2025-11-30,1.71,20.5,6.0,1.0,1,-0.2035625371766095,0.6,0.5391483516483516,30,10,,,,,0.84,9.12,,
00-0038576,Charlie Jones,WR,CIN,BAL,2025-11-27,1.62,29.75,5.0,1.0,0,0.0448989351680796,0.6666666666666666,0.5255577755577756,15,12,,,,,0.68,8.68,,
00-0036877,Jaelon Darden,WR,SEA,MIN,2025-11-30,1.54,15.0,2.0,1.0,1,-0.0089089855616453,0.2666666666666666,0.5245171495171495,21,13,,,,,0.3,6.39,,
00-0038090,Skyy Moore,WR,SF,CLE,2025-11-30,1.5,15.0,5.0,1.0,0,0.1645314529215629,0.7333333333333333,0.3858641358641358,3,30,,,,,0.43,5.81,,
00-0039816,Anthony Gould,WR,IND,HOU,2025-11-30,1.45,20.75,4.0,1.0,1,-0.1099062493798814,0.5454545454545454,0.6739094239094239,27,3,,,,,0.56,10.13,,
00-0039392,Jha'Quan Jackson,WR,TEN,JAX,2025-11-30,1.44,24.25,2.0,1.0,1,-0.0600036058434601,0.6363636363636364,0.5018106893106893,25,15,,,,,0.55,7.98,,
00-0039614,Jermaine Jackson,WR,NO,MIA,2025-11-30,1.42,23.5,2.0,1.0,0,-0.0114811011743694,0.125,0.4249292374292374,22,25,,,,,0.51,6.01,,
00-0036176,Mason Kinsey,WR,TEN,JAX,2025-11-30,1.4,24.25,5.0,1.0,1,-0.0600036058434601,0.3333333333333333,0.5018106893106893,25,15,,,,,0.79,8.24,,
00-0037708,Maurice Alexander,WR,DET,GB,2025-11-27,1.39,23.0,2.0,1.0,1,0.1573203137248841,0.3636363636363636,0.6192557442557443,4,4,,,,,0.77,8.71,,
00-0034928,Steven Sims,WR,ARI,TB,2025-11-30,1.37,24.5,2.0,1.0,0,-0.0200817692320336,0.3333333333333333,0.5669955044955045,23,5,,,,,0.41,6.15,,
00-0040534,Ke'Shawn Williams,WR,CIN,BAL,2025-11-27,1.34,29.75,6.0,1.0,0,0.0448989351680796,0.2,0.5255577755577756,15,12,,,,,0.64,6.03,,
00-0039920,Malachi Corley,WR,CLE,SF,2025-11-30,1.31,20.5,4.0,1.0,1,-0.2035625371766095,0.6,0.5391483516483516,30,10,,,,,0.85,6.2,,
00-0035544,Tom Kennedy,WR,DET,GB,2025-11-27,1.29,23.0,2.0,1.0,1,0.1573203137248841,0.4666666666666667,0.6192557442557443,4,4,,,,,0.74,6.54,,
00-0039589,Kameron Johnson,WR,TB,ARI,2025-11-30,1.27,20.0,6.0,1.0,1,0.0114114413538503,0.4,0.3117715617715617,17,32,,,,,0.63,8.49,,
00-0036959,Michael Bandy,WR,DEN,WAS,2025-11-30,1.21,18.5,2.0,1.0,0,0.1174218214754575,0.6923076923076923,0.4614968364968364,8,20,,,,,0.29,4.32,,
00-0040075,LaJohntay Wester,WR,BAL,CIN,2025-11-27,1.16,22.75,6.0,1.0,1,-0.0035963003912532,0.6,0.4665334665334665,19,19,,,,,0.57,4.57,,
00-0039853,Javon Baker,WR,NE,NYG,2025-12-01,1.14,19.75,2.0,1.0,1,0.1569497663344893,0.6,0.4147435897435897,5,27,,,,,0.62,8.25,,
00-0035602,Alex Bachman,WR,LV,LAC,2025-11-30,1.13,25.25,5.0,1.0,0,-0.2095284627489942,0.1333333333333333,0.681984681984682,31,2,,,,,0.59,7.0,,
00-0035876,Andre Baccellia,WR,ARI,TB,2025-11-30,1.12,24.5,5.0,1.0,0,-0.0200817692320336,0.75,0.5669955044955045,23,5,,,,,0.35,6.32,,
00-0039907,Ja'Lynn Polk,WR,NE,NYG,2025-12-01,1.11,19.75,6.0,1.0,1,0.1569497663344893,0.4615384615384615,0.4147435897435897,5,27,,,,,0.71,8.21,,
00-0034646,Brandon Powell,WR,MIN,SEA,2025-11-30,1.1,27.5,2.0,1.0,0,-0.0559571697535418,0.7333333333333333,0.3954170829170829,24,29,,,,,0.55,4.32,,
00-0040277,Jahdae Walker,WR,CHI,PHI,2025-11-28,1.1,25.25,6.0,1.0,0,0.075685334949902,0.7333333333333333,0.5668914418914419,10,6,,,,,0.48,8.81,,
00-0038824,Ryan Miller,WR,TB,ARI,2025-11-30,1.09,20.0,5.0,1.0,1,0.0114114413538503,0.2727272727272727,0.3117715617715617,17,32,,,,,0.55,8.89,,
00-0040431,Dalen Cambre,WR,NYG,NE,2025-12-01,1.07,26.75,2.0,1.0,0,-0.0875692463965452,0.2307692307692307,0.5231684981684982,26,14,,,,,0.23,5.27,,
00-0036497,Tim Jones,WR,JAX,TEN,2025-11-30,1.05,18.25,2.0,1.0,0,0.1250437759787225,0.2857142857142857,0.4613719613719613,7,21,,,,,0.44,6.08,,
00-0035645,Gunner Olszewski,WR,NYG,NE,2025-12-01,0.97,26.75,4.0,1.0,0,-0.0875692463965452,0.1333333333333333,0.5231684981684982,26,14,,,,,0.28,5.32,,
00-0036635,Ihmir Smith-Marsette,WR,NYG,NE,2025-12-01,0.97,26.75,2.0,1.0,0,-0.0875692463965452,0.4666666666666667,0.5231684981684982,26,14,,,,,0.35,4.07,,
00-0034860,Dante Pettis,WR,NO,MIA,2025-11-30,0.91,23.5,2.0,1.0,0,-0.0114811011743694,0.2,0.4249292374292374,22,25,,,,,0.69,9.26,,
00-0040563,Efton Chism III,WR,NE,NYG,2025-12-01,0.91,19.75,6.0,1.0,1,0.1569497663344893,0.2,0.4147435897435897,5,27,,,,,0.52,6.35,,
00-0033572,Jamal Agnew,WR,ATL,NYJ,2025-11-30,0.87,17.75,5.0,1.0,0,0.0221513693594375,0.1818181818181818,0.4211413586413586,16,26,,,,,0.51,8.19,,
00-0038477,Bryce Ford-Wheaton,WR,NYG,NE,2025-12-01,0.82,26.75,8.0,1.0,0,-0.0875692463965452,0.3636363636363636,0.5231684981684982,26,14,,,,,0.4,6.46,,
00-0032951,Laquon Treadwell,WR,IND,HOU,2025-11-30,0.81,20.75,5.0,1.0,1,-0.1099062493798814,0.6666666666666666,0.6739094239094239,27,3,,,,,0.4,0.21,,
00-0040154,Tai Felton,WR,MIN,SEA,2025-11-30,0.8,27.5,5.0,1.0,0,-0.0559571697535418,0.1428571428571428,0.3954170829170829,24,29,,,,,0.44,3.41,,
00-0037132,Britain Covey,WR,PHI,CHI,2025-11-28,0.77,18.25,2.0,1.0,1,0.0590580013814779,0.7333333333333333,0.4583749583749584,14,22,,,,,0.27,2.93,,
00-0038840,Brycen Tremayne,WR,CAR,LA,2025-11-30,0.77,27.25,5.0,1.0,1,0.0619172570125864,0.8,0.5463286713286714,13,8,,,,,0.34,3.18,,
00-0037156,Irvin Charles,WR,NYJ,ATL,2025-11-30,0.75,20.75,9.0,1.0,1,-0.2392364677490492,0.4,0.4395812520812521,32,23,,,,,0.24,3.96,,
00-0036646,Simi Fehoko,WR,ARI,TB,2025-11-30,0.73,24.5,7.0,1.0,0,-0.0200817692320336,0.375,0.5669955044955045,23,5,,,,,0.28,2.45,,
00-0033292,Trent Taylor,WR,SF,CLE,2025-11-30,0.7,15.0,9.0,1.0,0,0.1645314529215629,0.25,0.3858641358641358,3,30,,,,,0.07,3.77,,
00-0036630,Tylan Wallace,WR,BAL,CIN,2025-11-27,0.7,22.75,5.0,1.0,1,-0.0035963003912532,0.2,0.4665334665334665,19,19,,,,,0.53,6.48,,
00-0036862,Ben Skowronek,WR,PIT,BUF,2025-11-30,0.7,23.75,4.0,1.0,1,0.069888843890464,0.5714285714285714,0.5423326673326674,11,9,,,,,0.54,5.22,,
00-0040506,Myles Price,WR,MIN,SEA,2025-11-30,0.69,27.5,6.0,1.0,0,-0.0559571697535418,0.1428571428571428,0.3954170829170829,24,29,,,,,0.41,3.37,,
00-0031763,DeAndre Carter,WR,CLE,SF,2025-11-30,0.66,20.5,7.0,1.0,1,-0.2035625371766095,1.0,0.5391483516483516,30,10,,,,,0.3,2.62,,
00-0039365,Jacob Cowing,WR,SF,CLE,2025-11-30,0.61,15.0,8.0,1.0,0,0.1645314529215629,0.8666666666666667,0.3858641358641358,3,30,,,,,0.51,7.41,,
00-0037387,Jalen Virgil,WR,BUF,PIT,2025-11-30,0.56,20.75,2.0,1.0,0,0.1692050266074698,0.5,0.4848068598068598,2,17,,,,,0.32,3.88,,
00-0036331,Devin Duvernay,WR,CHI,PHI,2025-11-28,0.2,25.25,5.0,1.0,0,0.075685334949902,0.7333333333333333,0.5668914418914419,10,6,,,,,0.09,3.03,,
00-0036254,Collin Johnson,WR,CHI,PHI,2025-11-28,0.08,25.25,2.0,1.0,0,0.075685334949902,0.8571428571428571,0.5668914418914419,10,6,,,,,0.12,2.33,,
