Position,Name,Salary,TeamAbbrev,AvgPointsPerGame,Game Info
QB,Brock Purdy,8800,SF,20.45,SF@LA 2025-11-09 01:00PM ET
QB,Josh Allen,8600,BUF,18.99,BUF@MIA 2025-11-09 01:00PM ET
QB,Bo Nix,8400,DEN,17.89,DEN@LV 2025-11-09 01:00PM ET
QB,Drake Maye,8200,NE,16.81,NE@TB 2025-11-09 01:00PM ET
QB,Jared Goff,8100,DET,16.12,DET@WAS 2025-11-09 01:00PM ET
QB,Lamar Jackson,8100,BAL,16.12,BAL@MIN 2025-11-09 01:00PM ET
QB,Jalen Hurts,8100,PHI,15.9,PHI@GB 2025-11-09 01:00PM ET
QB,Kyler Murray,8000,ARI,15.87,ARI@SEA 2025-11-09 01:00PM ET
QB,Trevor Lawrence,8000,JAX,15.84,JAX@HOU 2025-11-09 01:00PM ET
QB,Jordan Love,8000,GB,15.63,GB@PHI 2025-11-09 01:00PM ET
QB,Daniel Jones,8000,IND,15.53,IND@ATL 2025-11-09 01:00PM ET
QB,J.J. McCarthy,7900,MIN,15.23,MIN@BAL 2025-11-09 01:00PM ET
QB,Jacoby Brissett,7900,ARI,15.19,ARI@SEA 2025-11-09 01:00PM ET
QB,Caleb Williams,7900,CHI,14.69,CHI@NYG 2025-11-09 01:00PM ET
QB,Matthew Stafford,7800,LA,14.47,LA@SF 2025-11-09 01:00PM ET
QB,Carson Wentz,7800,MIN,14.45,MIN@BAL 2025-11-09 01:00PM ET
QB,Russell Wilson,7800,NYG,14.21,NYG@CHI 2025-11-09 01:00PM ET
QB,Justin Fields,7700,NYJ,13.97,NYJ@CLE 2025-11-09 01:00PM ET
QB,Jaxson Dart,7700,NYG,13.82,NYG@CHI 2025-11-09 01:00PM ET
QB,Tyler Shough,7700,NO,13.81,NO@CAR 2025-11-09 01:00PM ET
QB,Marcus Mariota,7700,WAS,13.69,WAS@DET 2025-11-09 01:00PM ET
QB,Anthony Richardson,7600,IND,13.43,IND@ATL 2025-11-09 01:00PM ET
QB,Jameis Winston,7600,NYG,13.4,NYG@CHI 2025-11-09 01:00PM ET
QB,Spencer Rattler,7600,NO,12.99,NO@CAR 2025-11-09 01:00PM ET
QB,Philip Rivers,7600,IND,12.97,IND@ATL 2025-11-09 01:00PM ET
QB,Aaron Rodgers,7600,PIT,12.94,PIT@LAC 2025-11-09 01:00PM ET
QB,Kirk Cousins,7500,ATL,12.85,ATL@IND 2025-11-09 01:00PM ET
QB,Sam Darnold,7500,SEA,12.83,SEA@ARI 2025-11-09 01:00PM ET
QB,Tyrod Taylor,7500,NYJ,12.81,NYJ@CLE 2025-11-09 01:00PM ET
QB,Mac Jones,7500,SF,12.61,SF@LA 2025-11-09 01:00PM ET
QB,Derek Carr,7500,NO,12.38,NO@CAR 2025-11-09 01:00PM ET
QB,Justin Herbert,7500,LAC,12.29,LAC@PIT 2025-11-09 01:00PM ET
QB,Shedeur Sanders,7400,CLE,12.2,CLE@NYJ 2025-11-09 01:00PM ET
QB,Tua Tagovailoa,7400,MIA,12.1,MIA@BUF 2025-11-09 01:00PM ET
QB,Joshua Dobbs,7400,NE,12.07,NE@TB 2025-11-09 01:00PM ET
QB,Jarrett Stidham,7400,DEN,12.0,DEN@LV 2025-11-09 01:00PM ET
QB,Baker Mayfield,7400,TB,11.84,TB@NE 2025-11-09 01:00PM ET
QB,Riley Leonard,7300,IND,11.46,IND@ATL 2025-11-09 01:00PM ET
QB,Tyler Huntley,7300,BAL,11.39,BAL@MIN 2025-11-09 01:00PM ET
QB,Davis Mills,7300,HOU,11.21,HOU@JAX 2025-11-09 01:00PM ET
QB,Michael Penix Jr.,7200,ATL,10.85,ATL@IND 2025-11-09 01:00PM ET
QB,Deshaun Watson,7200,CLE,10.52,CLE@NYJ 2025-11-09 01:00PM ET
QB,Dillon Gabriel,7200,CLE,10.46,CLE@NYJ 2025-11-09 01:00PM ET
QB,Josh Johnson,7100,WAS,10.12,WAS@DET 2025-11-09 01:00PM ET
QB,Drew Lock,7100,SEA,10.06,SEA@ARI 2025-11-09 01:00PM ET
QB,Bryce Young,7000,CAR,9.79,CAR@NO 2025-11-09 01:00PM ET
QB,Geno Smith,7000,LV,9.55,LV@DEN 2025-11-09 01:00PM ET
QB,Quinn Ewers,6800,MIA,8.43,MIA@BUF 2025-11-09 01:00PM ET
QB,Tim Boyle,6800,MIA,8.42,MIA@BUF 2025-11-09 01:00PM ET
QB,Kenny Pickett,6800,LV,8.01,LV@DEN 2025-11-09 01:00PM ET
QB,Zach Wilson,6700,MIA,7.45,MIA@BUF 2025-11-09 01:00PM ET
QB,Trey Lance,6700,LAC,7.4,LAC@PIT 2025-11-09 01:00PM ET
QB,Tanner McKee,6600,PHI,7.22,PHI@GB 2025-11-09 01:00PM ET
QB,Jimmy Garoppolo,6500,LA,6.61,LA@SF 2025-11-09 01:00PM ET
QB,Mitchell Trubisky,6500,BUF,6.43,BUF@MIA 2025-11-09 01:00PM ET
QB,Malik Willis,6400,GB,6.07,GB@PHI 2025-11-09 01:00PM ET
QB,Tommy DeVito,6400,NYG,5.97,NYG@CHI 2025-11-09 01:00PM ET
QB,Desmond Ridder,6400,LV,5.79,LV@DEN 2025-11-09 01:00PM ET
QB,Jalen Milroe,6400,SEA,5.79,SEA@ARI 2025-11-09 01:00PM ET
QB,Brandon Allen,6400,SF,5.66,SF@LA 2025-11-09 01:00PM ET
QB,Jake Haener,6300,NO,5.57,NO@CAR 2025-11-09 01:00PM ET
QB,Brady Cook,6300,NYJ,5.53,NYJ@CLE 2025-11-09 01:00PM ET
QB,Max Brosmer,6300,MIN,5.2,MIN@BAL 2025-11-09 01:00PM ET
QB,Tyson Bagent,6200,CHI,4.73,CHI@NYG 2025-11-09 01:00PM ET
QB,Clayton Tune,6200,GB,4.72,GB@PHI 2025-11-09 01:00PM ET
QB,Cooper Rush,6200,BAL,4.67,BAL@MIN 2025-11-09 01:00PM ET
QB,Andy Dalton,6200,CAR,4.56,CAR@NO 2025-11-09 01:00PM ET
QB,Dorian Thompson-Robinson,6100,CLE,4.28,CLE@NYJ 2025-11-09 01:00PM ET
QB,Teddy Bridgewater,6100,TB,4.27,TB@NE 2025-11-09 01:00PM ET
QB,Taylor Heinicke,6100,LAC,3.93,LAC@PIT 2025-11-09 01:00PM ET
QB,Hendon Hooker,6000,DET,3.38,DET@WAS 2025-11-09 01:00PM ET
QB,Skylar Thompson,6000,MIA,3.28,MIA@BUF 2025-11-09 01:00PM ET
QB,Mason Rudolph,6000,PIT,3.24,PIT@LAC 2025-11-09 01:00PM ET
QB,Kyle Trask,5800,TB,2.08,TB@NE 2025-11-09 01:00PM ET
QB,Kyle Allen,5700,DET,1.72,DET@WAS 2025-11-09 01:00PM ET
QB,Nick Mullens,5600,JAX,1.02,JAX@HOU 2025-11-09 01:00PM ET
RB,Derrick Henry,9200,BAL,16.26,BAL@MIN 2025-11-09 01:00PM ET
RB,Jahmyr Gibbs,9000,DET,15.6,DET@WAS 2025-11-09 01:00PM ET
RB,James Cook,8700,BUF,14.81,BUF@MIA 2025-11-09 01:00PM ET
RB,Christian McCaffrey,7900,SF,12.66,SF@LA 2025-11-09 01:00PM ET
RB,Bijan Robinson,7800,ATL,12.39,ATL@IND 2025-11-09 01:00PM ET
RB,RJ Harvey,7700,DEN,12.13,DEN@LV 2025-11-09 01:00PM ET
RB,De'Von Achane,7700,MIA,12.0,MIA@BUF 2025-11-09 01:00PM ET
RB,Travis Etienne,7600,JAX,11.86,JAX@HOU 2025-11-09 01:00PM ET
RB,J.K. Dobbins,7500,DEN,11.46,DEN@LV 2025-11-09 01:00PM ET
RB,Kenneth Gainwell,7400,PIT,11.23,PIT@LAC 2025-11-09 01:00PM ET
RB,James Conner,7400,ARI,11.19,ARI@SEA 2025-11-09 01:00PM ET
RB,Ashton Jeanty,7200,LV,10.74,LV@DEN 2025-11-09 01:00PM ET
RB,Kyren Williams,7200,LA,10.62,LA@SF 2025-11-09 01:00PM ET
RB,Kenneth Walker III,7100,SEA,10.41,SEA@ARI 2025-11-09 01:00PM ET
RB,Jonathan Taylor,7000,IND,10.19,IND@ATL 2025-11-09 01:00PM ET
RB,Tyrone Tracy Jr.,6800,NYG,9.69,NYG@CHI 2025-11-09 01:00PM ET
RB,Joe Mixon,6800,HOU,9.63,HOU@JAX 2025-11-09 01:00PM ET
RB,Saquon Barkley,6800,PHI,9.61,PHI@GB 2025-11-09 01:00PM ET
RB,Josh Jacobs,6800,GB,9.54,GB@PHI 2025-11-09 01:00PM ET
RB,Jawhar Jordan,6700,HOU,9.31,HOU@JAX 2025-11-09 01:00PM ET
RB,Breece Hall,6700,NYJ,9.23,NYJ@CLE 2025-11-09 01:00PM ET
RB,Cam Skattebo,6700,NYG,9.17,NYG@CHI 2025-11-09 01:00PM ET
RB,Rico Dowdle,6600,CAR,8.97,CAR@NO 2025-11-09 01:00PM ET
RB,Blake Corum,6600,LA,8.89,LA@SF 2025-11-09 01:00PM ET
RB,D'Andre Swift,6600,CHI,8.88,CHI@NYG 2025-11-09 01:00PM ET
RB,Rhamondre Stevenson,6400,NE,8.53,NE@TB 2025-11-09 01:00PM ET
RB,Jaylen Warren,6400,PIT,8.51,PIT@LAC 2025-11-09 01:00PM ET
RB,Bam Knight,6400,ARI,8.48,ARI@SEA 2025-11-09 01:00PM ET
RB,Quinshon Judkins,6400,CLE,8.36,CLE@NYJ 2025-11-09 01:00PM ET
RB,Kimani Vidal,6300,LAC,8.14,LAC@PIT 2025-11-09 01:00PM ET
RB,Sincere McCormick,6200,LV,7.87,LV@DEN 2025-11-09 01:00PM ET
RB,Kyle Monangai,6100,CHI,7.57,CHI@NYG 2025-11-09 01:00PM ET
RB,Michael Carter,6000,ARI,7.35,ARI@SEA 2025-11-09 01:00PM ET
RB,Devin Singletary,6000,NYG,7.19,NYG@CHI 2025-11-09 01:00PM ET
RB,Chris Rodriguez Jr.,5900,WAS,6.94,WAS@DET 2025-11-09 01:00PM ET
RB,TreVeyon Henderson,5800,NE,6.9,NE@TB 2025-11-09 01:00PM ET
RB,Alvin Kamara,5800,NO,6.84,NO@CAR 2025-11-09 01:00PM ET
RB,Tyler Allgeier,5800,ATL,6.79,ATL@IND 2025-11-09 01:00PM ET
RB,Aaron Jones,5800,MIN,6.63,MIN@BAL 2025-11-09 01:00PM ET
RB,Jacory Croskey-Merritt,5700,WAS,6.6,WAS@DET 2025-11-09 01:00PM ET
RB,Zach Charbonnet,5700,SEA,6.59,SEA@ARI 2025-11-09 01:00PM ET
RB,David Montgomery,5700,DET,6.48,DET@WAS 2025-11-09 01:00PM ET
RB,Gus Edwards,5700,LAC,6.44,LAC@PIT 2025-11-09 01:00PM ET
RB,Jordan Mason,5700,MIN,6.43,MIN@BAL 2025-11-09 01:00PM ET
RB,Omarion Hampton,5700,LAC,6.37,LAC@PIT 2025-11-09 01:00PM ET
RB,Alexander Mattison,5600,LV,6.11,LV@DEN 2025-11-09 01:00PM ET
RB,Austin Ekeler,5400,WAS,5.76,WAS@DET 2025-11-09 01:00PM ET
RB,Keaton Mitchell,5400,BAL,5.7,BAL@MIN 2025-11-09 01:00PM ET
RB,Najee Harris,5400,LAC,5.58,LAC@PIT 2025-11-09 01:00PM ET
RB,Chuba Hubbard,5300,CAR,5.44,CAR@NO 2025-11-09 01:00PM ET
RB,Rachaad White,5200,TB,5.04,TB@NE 2025-11-09 01:00PM ET
RB,Justice Hill,5200,BAL,5.01,BAL@MIN 2025-11-09 01:00PM ET
RB,Woody Marks,5200,HOU,5.01,HOU@JAX 2025-11-09 01:00PM ET
RB,Jaret Patterson,5100,LAC,4.89,LAC@PIT 2025-11-09 01:00PM ET
RB,Ty Johnson,5100,BUF,4.85,BUF@MIA 2025-11-09 01:00PM ET
RB,Rasheen Ali,5100,BAL,4.84,BAL@MIN 2025-11-09 01:00PM ET
RB,Tank Bigsby,5100,PHI,4.79,PHI@GB 2025-11-09 01:00PM ET
RB,Antonio Gibson,5100,NE,4.71,NE@TB 2025-11-09 01:00PM ET
RB,Audric Estimé,5100,NO,4.69,NO@CAR 2025-11-09 01:00PM ET
RB,Emanuel Wilson,5000,GB,4.65,GB@PHI 2025-11-09 01:00PM ET
RB,Chase Edmonds,5000,WAS,4.62,WAS@DET 2025-11-09 01:00PM ET
RB,Emari Demercado,5000,ARI,4.6,ARI@SEA 2025-11-09 01:00PM ET
RB,Dylan Sampson,5000,CLE,4.54,CLE@NYJ 2025-11-09 01:00PM ET
RB,Corey Kiner,5000,ARI,4.53,ARI@SEA 2025-11-09 01:00PM ET
RB,J.J. Taylor,5000,HOU,4.43,HOU@JAX 2025-11-09 01:00PM ET
RB,Cam Akers,4900,SEA,4.35,SEA@ARI 2025-11-09 01:00PM ET
RB,Jaleel McLaughlin,4900,DEN,4.24,DEN@LV 2025-11-09 01:00PM ET
RB,Jaylen Wright,4800,MIA,4.1,MIA@BUF 2025-11-09 01:00PM ET
RB,Jordan Mims,4800,NO,4.04,NO@CAR 2025-11-09 01:00PM ET
RB,Kendre Miller,4800,NO,4.0,NO@CAR 2025-11-09 01:00PM ET
RB,Jermar Jefferson,4800,DET,3.94,DET@WAS 2025-11-09 01:00PM ET
RB,Jamaal Williams,4800,NO,3.93,NO@CAR 2025-11-09 01:00PM ET
RB,Kenny McIntosh,4800,SEA,3.93,SEA@ARI 2025-11-09 01:00PM ET
RB,Trey Benson,4700,ARI,3.79,ARI@SEA 2025-11-09 01:00PM ET
RB,Devin Neal,4700,NO,3.77,NO@CAR 2025-11-09 01:00PM ET
RB,Raheim Sanders,4700,CLE,3.77,CLE@NYJ 2025-11-09 01:00PM ET
RB,Raheem Mostert,4700,LV,3.65,LV@DEN 2025-11-09 01:00PM ET
RB,Chris Brooks,4600,GB,3.51,GB@PHI 2025-11-09 01:00PM ET
RB,Adam Prentice,4600,DEN,3.45,DEN@LV 2025-11-09 01:00PM ET
RB,Ronnie Rivers,4600,LA,3.43,LA@SF 2025-11-09 01:00PM ET
RB,Braelon Allen,4600,NYJ,3.42,NYJ@CLE 2025-11-09 01:00PM ET
RB,Brian Robinson,4600,SF,3.41,SF@LA 2025-11-09 01:00PM ET
RB,Myles Gaskin,4600,MIN,3.38,MIN@BAL 2025-11-09 01:00PM ET
RB,Nick Chubb,4600,HOU,3.36,HOU@JAX 2025-11-09 01:00PM ET
RB,Ray Davis,4500,BUF,3.22,BUF@MIA 2025-11-09 01:00PM ET
RB,D'Onta Foreman,4500,CLE,3.21,CLE@NYJ 2025-11-09 01:00PM ET
RB,Patrick Taylor,4500,SF,3.2,SF@LA 2025-11-09 01:00PM ET
RB,DJ Giddens,4500,IND,3.15,IND@ATL 2025-11-09 01:00PM ET
RB,Ameer Abdullah,4500,IND,3.1,IND@ATL 2025-11-09 01:00PM ET
RB,Tyler Badie,4500,DEN,3.09,DEN@LV 2025-11-09 01:00PM ET
RB,Khalil Herbert,4500,NYJ,3.03,NYJ@CLE 2025-11-09 01:00PM ET
RB,AJ Dillon,4400,PHI,2.99,PHI@GB 2025-11-09 01:00PM ET
RB,Jeff Wilson,4400,MIA,2.96,MIA@BUF 2025-11-09 01:00PM ET
RB,Evan Hull,4400,NO,2.96,NO@CAR 2025-11-09 01:00PM ET
RB,Zamir White,4400,LV,2.93,LV@DEN 2025-11-09 01:00PM ET
RB,Trayveon Williams,4400,CLE,2.92,CLE@NYJ 2025-11-09 01:00PM ET
RB,Bhayshul Tuten,4400,JAX,2.89,JAX@HOU 2025-11-09 01:00PM ET
RB,Raheem Blackshear,4400,CAR,2.86,CAR@NO 2025-11-09 01:00PM ET
RB,Isaiah Davis,4400,NYJ,2.75,NYJ@CLE 2025-11-09 01:00PM ET
RB,Ollie Gordon II,4400,MIA,2.75,MIA@BUF 2025-11-09 01:00PM ET
RB,Trey Sermon,4300,PIT,2.63,PIT@LAC 2025-11-09 01:00PM ET
RB,Mike Boone,4300,CAR,2.57,CAR@NO 2025-11-09 01:00PM ET
RB,Dameon Pierce,4300,HOU,2.56,HOU@JAX 2025-11-09 01:00PM ET
RB,Kaleb Johnson,4300,PIT,2.49,PIT@LAC 2025-11-09 01:00PM ET
RB,Sean Tucker,4200,TB,2.39,TB@NE 2025-11-09 01:00PM ET
RB,Terrell Jennings,4200,NE,2.34,NE@TB 2025-11-09 01:00PM ET
RB,LeQuint Allen Jr.,4200,JAX,2.29,JAX@HOU 2025-11-09 01:00PM ET
RB,D'Ernest Johnson,4200,NE,2.26,NE@TB 2025-11-09 01:00PM ET
RB,Jeremy McNichols,4100,WAS,2.15,WAS@DET 2025-11-09 01:00PM ET
RB,Velus Jones Jr.,4100,NO,2.14,NO@CAR 2025-11-09 01:00PM ET
RB,Hassan Haskins,4100,LAC,2.13,LAC@PIT 2025-11-09 01:00PM ET
RB,Troy Hairston,4100,HOU,2.11,HOU@JAX 2025-11-09 01:00PM ET
RB,Nyheim Hines,4100,LAC,2.06,LAC@PIT 2025-11-09 01:00PM ET
RB,Aaron Shampklin,4100,PIT,2.02,PIT@LAC 2025-11-09 01:00PM ET
RB,Dare Ogunbowale,4100,HOU,2.01,HOU@JAX 2025-11-09 01:00PM ET
RB,JaMycal Hasty,4100,NE,2.0,NE@TB 2025-11-09 01:00PM ET
RB,Roschon Johnson,4100,CHI,1.97,CHI@NYG 2025-11-09 01:00PM ET
RB,Zavier Scott,4100,MIN,1.95,MIN@BAL 2025-11-09 01:00PM ET
RB,Jonathan Ward,4000,PIT,1.83,PIT@LAC 2025-11-09 01:00PM ET
RB,George Holani,4000,SEA,1.81,SEA@ARI 2025-11-09 01:00PM ET
RB,Craig Reynolds,4000,DET,1.79,DET@WAS 2025-11-09 01:00PM ET
RB,Cordarrelle Patterson,4000,PIT,1.64,PIT@LAC 2025-11-09 01:00PM ET
RB,Andrew Beck,4000,NYJ,1.62,NYJ@CLE 2025-11-09 01:00PM ET
RB,Robbie Ouzts,4000,SEA,1.62,SEA@ARI 2025-11-09 01:00PM ET
RB,Sione Vaki,3900,DET,1.59,DET@WAS 2025-11-09 01:00PM ET
RB,DeeJay Dallas,3900,JAX,1.55,JAX@HOU 2025-11-09 01:00PM ET
RB,Tyler Goodson,3900,IND,1.51,IND@ATL 2025-11-09 01:00PM ET
RB,Pierre Strong,3900,CLE,1.44,CLE@NYJ 2025-11-09 01:00PM ET
RB,Chris Collier,3900,LV,1.34,LV@DEN 2025-11-09 01:00PM ET
RB,Avery Williams,3800,ATL,1.21,ATL@IND 2025-11-09 01:00PM ET
RB,Dylan Laube,3800,LV,1.17,LV@DEN 2025-11-09 01:00PM ET
RB,Ben VanSumeren,3800,PHI,1.16,PHI@GB 2025-11-09 01:00PM ET
RB,Jonathon Brooks,3800,CAR,1.13,CAR@NO 2025-11-09 01:00PM ET
RB,Ty Chandler,3800,MIN,1.07,MIN@BAL 2025-11-09 01:00PM ET
RB,Jerome Ford,3700,CLE,1.04,CLE@NYJ 2025-11-09 01:00PM ET
RB,Will Shipley,3700,PHI,0.98,PHI@GB 2025-11-09 01:00PM ET
RB,Brittain Brown,3700,CHI,0.81,CHI@NYG 2025-11-09 01:00PM ET
RB,Eric Gray,3600,NYG,0.75,NYG@CHI 2025-11-09 01:00PM ET
RB,Trevor Etienne,3600,CAR,0.75,CAR@NO 2025-11-09 01:00PM ET
RB,Kene Nwangwu,3600,NYJ,0.57,NYJ@CLE 2025-11-09 01:00PM ET
RB,Isaac Guerendo,3600,SF,0.57,SF@LA 2025-11-09 01:00PM ET
RB,British Brooks,3500,HOU,0.47,HOU@JAX 2025-11-09 01:00PM ET
RB,Travis Homer,3500,CHI,0.34,CHI@NYG 2025-11-09 01:00PM ET
TE,Harold Fannin Jr.,7600,CLE,10.77,CLE@NYJ 2025-11-09 01:00PM ET
TE,Trey McBride,7400,ARI,10.29,ARI@SEA 2025-11-09 01:00PM ET
TE,Brock Bowers,7200,LV,9.86,LV@DEN 2025-11-09 01:00PM ET
TE,George Kittle,7000,SF,9.55,SF@LA 2025-11-09 01:00PM ET
TE,Dallas Goedert,6600,PHI,8.63,PHI@GB 2025-11-09 01:00PM ET
TE,Juwan Johnson,6000,NO,7.53,NO@CAR 2025-11-09 01:00PM ET
TE,Sam LaPorta,6000,DET,7.4,DET@WAS 2025-11-09 01:00PM ET
TE,Kyle Pitts,5800,ATL,7.03,ATL@IND 2025-11-09 01:00PM ET
TE,Theo Johnson,5700,NYG,6.83,NYG@CHI 2025-11-09 01:00PM ET
TE,Zach Ertz,5700,WAS,6.83,WAS@DET 2025-11-09 01:00PM ET
TE,Dalton Schultz,5600,HOU,6.69,HOU@JAX 2025-11-09 01:00PM ET
TE,Mark Andrews,5500,BAL,6.55,BAL@MIN 2025-11-09 01:00PM ET
TE,Evan Engram,5500,DEN,6.41,DEN@LV 2025-11-09 01:00PM ET
TE,Jonnu Smith,5400,PIT,6.21,PIT@LAC 2025-11-09 01:00PM ET
TE,Colston Loveland,5400,CHI,6.21,CHI@NYG 2025-11-09 01:00PM ET
TE,Colby Parkinson,5300,LA,6.16,LA@SF 2025-11-09 01:00PM ET
TE,Dalton Kincaid,5300,BUF,6.16,BUF@MIA 2025-11-09 01:00PM ET
TE,Hunter Henry,5300,NE,6.13,NE@TB 2025-11-09 01:00PM ET
TE,Cade Otton,5300,TB,6.09,TB@NE 2025-11-09 01:00PM ET
TE,Dawson Knox,5200,BUF,5.94,BUF@MIA 2025-11-09 01:00PM ET
TE,Tucker Kraft,5200,GB,5.93,GB@PHI 2025-11-09 01:00PM ET
TE,T.J. Hockenson,5100,MIN,5.64,MIN@BAL 2025-11-09 01:00PM ET
TE,AJ Barner,5100,SEA,5.62,SEA@ARI 2025-11-09 01:00PM ET
TE,Tyler Higbee,5000,LA,5.38,LA@SF 2025-11-09 01:00PM ET
TE,Isaiah Likely,4900,BAL,5.23,BAL@MIN 2025-11-09 01:00PM ET
TE,Mason Taylor,4900,NYJ,5.21,NYJ@CLE 2025-11-09 01:00PM ET
TE,Oronde Gadsden II,4800,LAC,5.13,LAC@PIT 2025-11-09 01:00PM ET
TE,Luke Musgrave,4800,GB,5.05,GB@PHI 2025-11-09 01:00PM ET
TE,Tyler Warren,4600,IND,4.7,IND@ATL 2025-11-09 01:00PM ET
TE,Jordan Akins,4600,CLE,4.56,CLE@NYJ 2025-11-09 01:00PM ET
TE,Greg Dulcich,4500,MIA,4.52,MIA@BUF 2025-11-09 01:00PM ET
TE,Brenton Strange,4500,JAX,4.37,JAX@HOU 2025-11-09 01:00PM ET
TE,Darnell Washington,4400,PIT,4.34,PIT@LAC 2025-11-09 01:00PM ET
TE,Darren Waller,4300,MIA,4.12,MIA@BUF 2025-11-09 01:00PM ET
TE,Cade Stover,4100,HOU,3.65,HOU@JAX 2025-11-09 01:00PM ET
TE,Taysom Hill,4100,NO,3.59,NO@CAR 2025-11-09 01:00PM ET
TE,Jelani Woods,4100,NYJ,3.54,NYJ@CLE 2025-11-09 01:00PM ET
TE,Lucas Krull,4000,DEN,3.52,DEN@LV 2025-11-09 01:00PM ET
TE,David Njoku,4000,CLE,3.43,CLE@NYJ 2025-11-09 01:00PM ET
TE,Connor Heyward,4000,PIT,3.32,PIT@LAC 2025-11-09 01:00PM ET
TE,Grant Calcaterra,3900,PHI,3.2,PHI@GB 2025-11-09 01:00PM ET
TE,Jake Tonges,3900,SF,3.15,SF@LA 2025-11-09 01:00PM ET
TE,John Bates,3800,WAS,3.04,WAS@DET 2025-11-09 01:00PM ET
TE,Ben Sinnott,3800,WAS,3.04,WAS@DET 2025-11-09 01:00PM ET
TE,Elijah Higgins,3800,ARI,2.96,ARI@SEA 2025-11-09 01:00PM ET
TE,Hayden Hurst,3700,LAC,2.83,LAC@PIT 2025-11-09 01:00PM ET
TE,Adam Trautman,3700,DEN,2.81,DEN@LV 2025-11-09 01:00PM ET
TE,Austin Hooper,3700,NE,2.75,NE@TB 2025-11-09 01:00PM ET
TE,Cole Kmet,3600,CHI,2.65,CHI@NYG 2025-11-09 01:00PM ET
TE,Tommy Tremble,3600,CAR,2.65,CAR@NO 2025-11-09 01:00PM ET
TE,Ben Sims,3600,MIN,2.64,MIN@BAL 2025-11-09 01:00PM ET
TE,Michael Mayer,3600,LV,2.59,LV@DEN 2025-11-09 01:00PM ET
TE,Mitchell Evans,3600,CAR,2.58,CAR@NO 2025-11-09 01:00PM ET
TE,Shane Zylstra,3600,DET,2.57,DET@WAS 2025-11-09 01:00PM ET
TE,Johnny Mundt,3600,JAX,2.54,JAX@HOU 2025-11-09 01:00PM ET
TE,Ian Thomas,3600,LV,2.54,LV@DEN 2025-11-09 01:00PM ET
TE,Julian Hill,3500,MIA,2.48,MIA@BUF 2025-11-09 01:00PM ET
TE,Brevin Jordan,3500,HOU,2.35,HOU@JAX 2025-11-09 01:00PM ET
TE,Davis Allen,3400,LA,2.29,LA@SF 2025-11-09 01:00PM ET
TE,Jeremy Ruckert,3400,NYJ,2.25,NYJ@CLE 2025-11-09 01:00PM ET
TE,Devin Culp,3400,TB,2.25,TB@NE 2025-11-09 01:00PM ET
TE,Tanner Conner,3400,MIA,2.24,MIA@BUF 2025-11-09 01:00PM ET
TE,Mo Alie-Cox,3300,IND,2.09,IND@ATL 2025-11-09 01:00PM ET
TE,Harrison Bryant,3300,HOU,2.06,HOU@JAX 2025-11-09 01:00PM ET
TE,Pat Freiermuth,3300,PIT,2.06,PIT@LAC 2025-11-09 01:00PM ET
TE,Ben Yurosek,3300,MIN,2.04,MIN@BAL 2025-11-09 01:00PM ET
TE,Carter Runyon,3300,LV,2.01,LV@DEN 2025-11-09 01:00PM ET
TE,Terrance Ferguson,3300,LA,2.01,LA@SF 2025-11-09 01:00PM ET
TE,Daniel Bellinger,3300,NYG,1.98,NYG@CHI 2025-11-09 01:00PM ET
TE,Ja'Tavion Sanders,3300,CAR,1.95,CAR@NO 2025-11-09 01:00PM ET
TE,Anthony Firkser,3300,DET,1.94,DET@WAS 2025-11-09 01:00PM ET
TE,Josh Whyle,3300,GB,1.92,GB@PHI 2025-11-09 01:00PM ET
TE,Brenden Bates,3300,CLE,1.92,CLE@NYJ 2025-11-09 01:00PM ET
TE,Tucker Fisk,3300,LAC,1.91,LAC@PIT 2025-11-09 01:00PM ET
TE,Brock Wright,3200,DET,1.9,DET@WAS 2025-11-09 01:00PM ET
TE,C.J. Uzomah,3200,PHI,1.82,PHI@GB 2025-11-09 01:00PM ET
TE,Cameron Latu,3200,PHI,1.82,PHI@GB 2025-11-09 01:00PM ET
TE,Kylen Granson,3200,PHI,1.81,PHI@GB 2025-11-09 01:00PM ET
TE,Jackson Hawes,3200,BUF,1.81,BUF@MIA 2025-11-09 01:00PM ET
TE,MyCole Pruitt,3200,PIT,1.79,PIT@LAC 2025-11-09 01:00PM ET
TE,Tyler Conklin,3200,LAC,1.73,LAC@PIT 2025-11-09 01:00PM ET
TE,John Shenker,3200,LV,1.7,LV@DEN 2025-11-09 01:00PM ET
TE,Will Mallory,3100,IND,1.68,IND@ATL 2025-11-09 01:00PM ET
TE,Andrew Ogletree,3100,IND,1.67,IND@ATL 2025-11-09 01:00PM ET
TE,Josiah Deguara,3100,ARI,1.66,ARI@SEA 2025-11-09 01:00PM ET
TE,Giovanni Ricci,3100,DET,1.61,DET@WAS 2025-11-09 01:00PM ET
TE,Colson Yankoff,3100,WAS,1.61,WAS@DET 2025-11-09 01:00PM ET
TE,Dallin Holker,3100,NO,1.56,NO@CAR 2025-11-09 01:00PM ET
TE,Charlie Kolar,3100,BAL,1.56,BAL@MIN 2025-11-09 01:00PM ET
TE,Nick Kallerup,3100,SEA,1.51,SEA@ARI 2025-11-09 01:00PM ET
TE,James Mitchell,3100,CAR,1.5,CAR@NO 2025-11-09 01:00PM ET
TE,Eric Tomlinson,3000,LAC,1.47,LAC@PIT 2025-11-09 01:00PM ET
TE,John FitzPatrick,3000,GB,1.42,GB@PHI 2025-11-09 01:00PM ET
TE,Zaire Mitchell-Paden,3000,BAL,1.41,BAL@MIN 2025-11-09 01:00PM ET
TE,Foster Moreau,3000,NO,1.4,NO@CAR 2025-11-09 01:00PM ET
TE,Elijah Arroyo,3000,SEA,1.39,SEA@ARI 2025-11-09 01:00PM ET
TE,Charlie Woerner,3000,ATL,1.38,ATL@IND 2025-11-09 01:00PM ET
TE,Justin Shorter,3000,LV,1.37,LV@DEN 2025-11-09 01:00PM ET
TE,Luke Farrell,3000,SF,1.36,SF@LA 2025-11-09 01:00PM ET
TE,Will Dissly,3000,LAC,1.35,LAC@PIT 2025-11-09 01:00PM ET
TE,Jack Stoll,3000,NO,1.35,NO@CAR 2025-11-09 01:00PM ET
TE,Teagan Quitoriano,3000,ATL,1.33,ATL@IND 2025-11-09 01:00PM ET
TE,Jaheim Bell,3000,NE,1.32,NE@TB 2025-11-09 01:00PM ET
TE,Ross Dwelley,3000,DET,1.3,DET@WAS 2025-11-09 01:00PM ET
TE,Quintin Morris,2900,JAX,1.1,JAX@HOU 2025-11-09 01:00PM ET
TE,Geoff Swaim,2900,CLE,1.1,CLE@NYJ 2025-11-09 01:00PM ET
TE,Tip Reiman,2800,ARI,1.02,ARI@SEA 2025-11-09 01:00PM ET
TE,Kenny Yeboah,2800,NYJ,0.99,NYJ@CLE 2025-11-09 01:00PM ET
TE,Marcedes Lewis,2800,CHI,0.97,CHI@NYG 2025-11-09 01:00PM ET
TE,Chris Manhertz,2700,NYG,0.86,NYG@CHI 2025-11-09 01:00PM ET
TE,Keleki Latu,2700,BUF,0.85,BUF@MIA 2025-11-09 01:00PM ET
TE,Ko Kieft,2700,TB,0.83,TB@NE 2025-11-09 01:00PM ET
TE,Pharaoh Brown,2700,ARI,0.82,ARI@SEA 2025-11-09 01:00PM ET
TE,Brayden Willis,2700,SF,0.82,SF@LA 2025-11-09 01:00PM ET
TE,Gerald Everett,2700,CHI,0.81,CHI@NYG 2025-11-09 01:00PM ET
TE,Feleipe Franks,2700,ATL,0.81,ATL@IND 2025-11-09 01:00PM ET
TE,Payne Durham,2700,TB,0.79,TB@NE 2025-11-09 01:00PM ET
TE,Durham Smythe,2700,CHI,0.71,CHI@NYG 2025-11-09 01:00PM ET
TE,Eric Saubert,2600,SEA,0.64,SEA@ARI 2025-11-09 01:00PM ET
TE,Stone Smartt,2600,NYJ,0.61,NYJ@CLE 2025-11-09 01:00PM ET
TE,Jack Westover,2500,NE,0.45,NE@TB 2025-11-09 01:00PM ET
TE,Blake Whiteheart,2500,CLE,0.39,CLE@NYJ 2025-11-09 01:00PM ET
TE,Nikola Kalinic,2500,CHI,0.37,CHI@NYG 2025-11-09 01:00PM ET
WR,Puka Nacua,8800,LA,16.35,LA@SF 2025-11-09 01:00PM ET
WR,Amon-Ra St. Brown,7900,DET,13.52,DET@WAS 2025-11-09 01:00PM ET
WR,Jakobi Meyers,7700,JAX,12.89,JAX@HOU 2025-11-09 01:00PM ET
WR,Davante Adams,7200,LA,11.59,LA@SF 2025-11-09 01:00PM ET
WR,Zay Flowers,7200,BAL,11.37,BAL@MIN 2025-11-09 01:00PM ET
WR,Jameson Williams,7200,DET,11.33,DET@WAS 2025-11-09 01:00PM ET
WR,Garrett Wilson,7000,NYJ,10.83,NYJ@CLE 2025-11-09 01:00PM ET
WR,Courtland Sutton,6900,DEN,10.63,DEN@LV 2025-11-09 01:00PM ET
WR,DK Metcalf,6900,PIT,10.44,PIT@LAC 2025-11-09 01:00PM ET
WR,Justin Jefferson,6900,MIN,10.4,MIN@BAL 2025-11-09 01:00PM ET
WR,Wan'Dale Robinson,6800,NYG,10.32,NYG@CHI 2025-11-09 01:00PM ET
WR,Jaylen Waddle,6800,MIA,10.24,MIA@BUF 2025-11-09 01:00PM ET
WR,Drake London,6700,ATL,9.83,ATL@IND 2025-11-09 01:00PM ET
WR,A.J. Brown,6500,PHI,9.41,PHI@GB 2025-11-09 01:00PM ET
WR,Jaxon Smith-Njigba,6500,SEA,9.32,SEA@ARI 2025-11-09 01:00PM ET
WR,Chris Olave,6500,NO,9.23,NO@CAR 2025-11-09 01:00PM ET
WR,DeVonta Smith,6300,PHI,8.67,PHI@GB 2025-11-09 01:00PM ET
WR,Malik Nabers,6200,NYG,8.39,NYG@CHI 2025-11-09 01:00PM ET
WR,Michael Wilson,6200,ARI,8.33,ARI@SEA 2025-11-09 01:00PM ET
WR,Nico Collins,6200,HOU,8.3,HOU@JAX 2025-11-09 01:00PM ET
WR,Brandon Aiyuk,6100,SF,8.13,SF@LA 2025-11-09 01:00PM ET
WR,Tank Dell,6100,HOU,8.09,HOU@JAX 2025-11-09 01:00PM ET
WR,Christian Watson,6100,GB,8.08,GB@PHI 2025-11-09 01:00PM ET
WR,Michael Pittman,6000,IND,7.85,IND@ATL 2025-11-09 01:00PM ET
WR,DJ Moore,6000,CHI,7.84,CHI@NYG 2025-11-09 01:00PM ET
WR,Mike Evans,6000,TB,7.77,TB@NE 2025-11-09 01:00PM ET
WR,Stefon Diggs,6000,NE,7.68,NE@TB 2025-11-09 01:00PM ET
WR,Marvin Harrison Jr.,5900,ARI,7.55,ARI@SEA 2025-11-09 01:00PM ET
WR,Tre Tucker,5900,LV,7.52,LV@DEN 2025-11-09 01:00PM ET
WR,Deebo Samuel Sr.,5900,WAS,7.45,WAS@DET 2025-11-09 01:00PM ET
WR,Jauan Jennings,5800,SF,7.24,SF@LA 2025-11-09 01:00PM ET
WR,Tyreek Hill,5800,MIA,7.07,MIA@BUF 2025-11-09 01:00PM ET
WR,Adonai Mitchell,5800,NYJ,7.04,NYJ@CLE 2025-11-09 01:00PM ET
WR,Jalen McMillan,5700,TB,6.94,TB@NE 2025-11-09 01:00PM ET
WR,Tetairoa McMillan,5700,CAR,6.81,CAR@NO 2025-11-09 01:00PM ET
WR,Troy Franklin,5600,DEN,6.71,DEN@LV 2025-11-09 01:00PM ET
WR,Jalen Coker,5600,CAR,6.68,CAR@NO 2025-11-09 01:00PM ET
WR,Ladd McConkey,5600,LAC,6.68,LAC@PIT 2025-11-09 01:00PM ET
WR,Amari Cooper,5600,BUF,6.66,BUF@MIA 2025-11-09 01:00PM ET
WR,Alec Pierce,5600,IND,6.6,IND@ATL 2025-11-09 01:00PM ET
WR,Parker Washington,5600,JAX,6.56,JAX@HOU 2025-11-09 01:00PM ET
WR,Emeka Egbuka,5600,TB,6.56,TB@NE 2025-11-09 01:00PM ET
WR,Luther Burden III,5600,CHI,6.48,CHI@NYG 2025-11-09 01:00PM ET
WR,Keon Coleman,5600,BUF,6.47,BUF@MIA 2025-11-09 01:00PM ET
WR,Dontayvion Wicks,5500,GB,6.41,GB@PHI 2025-11-09 01:00PM ET
WR,Mack Hollins,5500,NE,6.4,NE@TB 2025-11-09 01:00PM ET
WR,Rome Odunze,5500,CHI,6.3,CHI@NYG 2025-11-09 01:00PM ET
WR,Jordan Addison,5400,MIN,5.86,MIN@BAL 2025-11-09 01:00PM ET
WR,Cooper Kupp,5300,SEA,5.79,SEA@ARI 2025-11-09 01:00PM ET
WR,Rashid Shaheed,5300,SEA,5.78,SEA@ARI 2025-11-09 01:00PM ET
WR,Pat Bryant,5300,DEN,5.78,DEN@LV 2025-11-09 01:00PM ET
WR,Josh Downs,5300,IND,5.7,IND@ATL 2025-11-09 01:00PM ET
WR,Khalil Shakir,5300,BUF,5.6,BUF@MIA 2025-11-09 01:00PM ET
WR,Jerry Jeudy,5300,CLE,5.59,CLE@NYJ 2025-11-09 01:00PM ET
WR,Keenan Allen,5300,LAC,5.56,LAC@PIT 2025-11-09 01:00PM ET
WR,David Sills,5200,ATL,5.23,ATL@IND 2025-11-09 01:00PM ET
WR,Devaughn Vele,5200,NO,5.2,NO@CAR 2025-11-09 01:00PM ET
WR,Darnell Mooney,5200,ATL,5.19,ATL@IND 2025-11-09 01:00PM ET
WR,Jayden Reed,5100,GB,5.1,GB@PHI 2025-11-09 01:00PM ET
WR,Theo Wease Jr.,5100,MIA,5.1,MIA@BUF 2025-11-09 01:00PM ET
WR,Tory Horton,5100,SEA,4.94,SEA@ARI 2025-11-09 01:00PM ET
WR,Christian Kirk,5100,HOU,4.93,HOU@JAX 2025-11-09 01:00PM ET
WR,Darius Slayton,5100,NYG,4.93,NYG@CHI 2025-11-09 01:00PM ET
WR,John Metchie III,5100,NYJ,4.9,NYJ@CLE 2025-11-09 01:00PM ET
WR,Sterling Shepard,5000,TB,4.8,TB@NE 2025-11-09 01:00PM ET
WR,Romeo Doubs,5000,GB,4.68,GB@PHI 2025-11-09 01:00PM ET
WR,DJ Chark,5000,LAC,4.61,LAC@PIT 2025-11-09 01:00PM ET
WR,Tre Harris,5000,LAC,4.6,LAC@PIT 2025-11-09 01:00PM ET
WR,Noah Brown,5000,WAS,4.58,WAS@DET 2025-11-09 01:00PM ET
WR,Diontae Johnson,5000,BAL,4.58,BAL@MIN 2025-11-09 01:00PM ET
WR,Malik Washington,4900,MIA,4.48,MIA@BUF 2025-11-09 01:00PM ET
WR,Chris Moore,4900,WAS,4.47,WAS@DET 2025-11-09 01:00PM ET
WR,Roman Wilson,4900,PIT,4.28,PIT@LAC 2025-11-09 01:00PM ET
WR,Gabe Davis,4800,BUF,4.23,BUF@MIA 2025-11-09 01:00PM ET
WR,Tyrell Shavers,4800,BUF,4.18,BUF@MIA 2025-11-09 01:00PM ET
WR,Alex Erickson,4800,NE,4.06,NE@TB 2025-11-09 01:00PM ET
WR,Quentin Johnston,4800,LAC,4.06,LAC@PIT 2025-11-09 01:00PM ET
WR,Greg Dortch,4800,ARI,4.05,ARI@SEA 2025-11-09 01:00PM ET
WR,Zay Jones,4800,ARI,4.05,ARI@SEA 2025-11-09 01:00PM ET
WR,Lil'Jordan Humphrey,4800,DEN,4.01,DEN@LV 2025-11-09 01:00PM ET
WR,Bub Means,4800,NO,4.01,NO@CAR 2025-11-09 01:00PM ET
WR,Tim Patrick,4700,JAX,3.9,JAX@HOU 2025-11-09 01:00PM ET
WR,Kalif Raymond,4700,DET,3.88,DET@WAS 2025-11-09 01:00PM ET
WR,Kayshon Boutte,4700,NE,3.86,NE@TB 2025-11-09 01:00PM ET
WR,Josh Palmer,4700,BUF,3.82,BUF@MIA 2025-11-09 01:00PM ET
WR,Tyler Johnson,4700,NYJ,3.81,NYJ@CLE 2025-11-09 01:00PM ET
WR,Jalen Nailor,4700,MIN,3.8,MIN@BAL 2025-11-09 01:00PM ET
WR,DJ Turner,4700,LV,3.79,LV@DEN 2025-11-09 01:00PM ET
WR,Olamide Zaccheaus,4700,CHI,3.72,CHI@NYG 2025-11-09 01:00PM ET
WR,Travis Hunter,4700,JAX,3.72,JAX@HOU 2025-11-09 01:00PM ET
WR,Demarcus Robinson,4700,SF,3.71,SF@LA 2025-11-09 01:00PM ET
WR,Dyami Brown,4700,JAX,3.71,JAX@HOU 2025-11-09 01:00PM ET
WR,Isaac TeSlaa,4700,DET,3.69,DET@WAS 2025-11-09 01:00PM ET
WR,Jayden Higgins,4600,HOU,3.65,HOU@JAX 2025-11-09 01:00PM ET
WR,Jack Bech,4600,LV,3.63,LV@DEN 2025-11-09 01:00PM ET
WR,Justin Watson,4600,HOU,3.62,HOU@JAX 2025-11-09 01:00PM ET
WR,Curtis Samuel,4600,BUF,3.6,BUF@MIA 2025-11-09 01:00PM ET
WR,Isaiah Hodgins,4600,NYG,3.58,NYG@CHI 2025-11-09 01:00PM ET
WR,Tutu Atwell,4600,LA,3.55,LA@SF 2025-11-09 01:00PM ET
WR,Treylon Burks,4600,WAS,3.48,WAS@DET 2025-11-09 01:00PM ET
WR,Nelson Agholor,4600,BAL,3.46,BAL@MIN 2025-11-09 01:00PM ET
WR,Ray-Ray McCloud,4600,NYG,3.45,NYG@CHI 2025-11-09 01:00PM ET
WR,Hunter Renfrow,4600,CAR,3.43,CAR@NO 2025-11-09 01:00PM ET
WR,Mike Williams,4600,PIT,3.43,PIT@LAC 2025-11-09 01:00PM ET
WR,Casey Washington,4600,ATL,3.4,ATL@IND 2025-11-09 01:00PM ET
WR,Matthew Golden,4600,GB,3.39,GB@PHI 2025-11-09 01:00PM ET
WR,Isaiah Williams,4600,NYJ,3.37,NYJ@CLE 2025-11-09 01:00PM ET
WR,Tay Martin,4500,WAS,3.35,WAS@DET 2025-11-09 01:00PM ET
WR,Luke McCaffrey,4500,WAS,3.32,WAS@DET 2025-11-09 01:00PM ET
WR,Brandin Cooks,4500,BUF,3.31,BUF@MIA 2025-11-09 01:00PM ET
WR,Dylan Drummond,4500,ATL,3.31,ATL@IND 2025-11-09 01:00PM ET
WR,Jalen Reagor,4500,LAC,3.28,LAC@PIT 2025-11-09 01:00PM ET
WR,Robert Woods,4500,HOU,3.26,HOU@JAX 2025-11-09 01:00PM ET
WR,Marquez Valdes-Scantling,4500,PIT,3.26,PIT@LAC 2025-11-09 01:00PM ET
WR,Tyler Lockett,4500,LV,3.2,LV@DEN 2025-11-09 01:00PM ET
WR,Tyler Scott,4500,CHI,3.15,CHI@NYG 2025-11-09 01:00PM ET
WR,K.J. Osborn,4500,NE,3.06,NE@TB 2025-11-09 01:00PM ET
WR,Jalin Hyatt,4500,NYG,3.06,NYG@CHI 2025-11-09 01:00PM ET
WR,DeAndre Hopkins,4500,BAL,3.05,BAL@MIN 2025-11-09 01:00PM ET
WR,Dont'e Thornton Jr.,4500,LV,3.05,LV@DEN 2025-11-09 01:00PM ET
WR,Xavier Legette,4400,CAR,3.03,CAR@NO 2025-11-09 01:00PM ET
WR,Malik Turner,4400,SF,3.0,SF@LA 2025-11-09 01:00PM ET
WR,DeMario Douglas,4400,NE,2.98,NE@TB 2025-11-09 01:00PM ET
WR,Kendrick Bourne,4400,SF,2.95,SF@LA 2025-11-09 01:00PM ET
WR,Josh Reynolds,4400,NYJ,2.94,NYJ@CLE 2025-11-09 01:00PM ET
WR,Xavier Hutchinson,4400,HOU,2.93,HOU@JAX 2025-11-09 01:00PM ET
WR,Parris Campbell,4400,PHI,2.92,PHI@GB 2025-11-09 01:00PM ET
WR,Adam Thielen,4400,PIT,2.75,PIT@LAC 2025-11-09 01:00PM ET
WR,Elijah Moore,4300,BUF,2.73,BUF@MIA 2025-11-09 01:00PM ET
WR,Odell Beckham Jr.,4300,MIA,2.64,MIA@BUF 2025-11-09 01:00PM ET
WR,Kyle Williams,4300,NE,2.59,NE@TB 2025-11-09 01:00PM ET
WR,Rashod Bateman,4300,BAL,2.58,BAL@MIN 2025-11-09 01:00PM ET
WR,David Moore,4300,CAR,2.57,CAR@NO 2025-11-09 01:00PM ET
WR,Braxton Berrios,4300,HOU,2.55,HOU@JAX 2025-11-09 01:00PM ET
WR,Jalen Brooks,4300,ARI,2.54,ARI@SEA 2025-11-09 01:00PM ET
WR,Nick Westbrook-Ikhine,4300,MIA,2.52,MIA@BUF 2025-11-09 01:00PM ET
WR,Ainias Smith,4300,PHI,2.48,PHI@GB 2025-11-09 01:00PM ET
WR,Zach Pascal,4300,ARI,2.46,ARI@SEA 2025-11-09 01:00PM ET
WR,Austin Trammell,4300,JAX,2.46,JAX@HOU 2025-11-09 01:00PM ET
WR,Kevin Austin Jr.,4300,NO,2.44,NO@CAR 2025-11-09 01:00PM ET
WR,Jahan Dotson,4200,PHI,2.43,PHI@GB 2025-11-09 01:00PM ET
WR,Chris Conley,4200,SF,2.42,SF@LA 2025-11-09 01:00PM ET
WR,Calvin Austin III,4200,PIT,2.37,PIT@LAC 2025-11-09 01:00PM ET
WR,Johnny Wilson,4200,PHI,2.37,PHI@GB 2025-11-09 01:00PM ET
WR,Xavier Weaver,4200,ARI,2.37,ARI@SEA 2025-11-09 01:00PM ET
WR,Mecole Hardman,4200,BUF,2.34,BUF@MIA 2025-11-09 01:00PM ET
WR,Ronnie Bell,4200,NO,2.33,NO@CAR 2025-11-09 01:00PM ET
WR,Jamari Thrash,4200,CLE,2.27,CLE@NYJ 2025-11-09 01:00PM ET
WR,Allen Robinson,4200,DET,2.25,DET@WAS 2025-11-09 01:00PM ET
WR,Tez Johnson,4200,TB,2.25,TB@NE 2025-11-09 01:00PM ET
WR,Devontez Walker,4200,BAL,2.23,BAL@MIN 2025-11-09 01:00PM ET
WR,Kadarius Toney,4200,CLE,2.22,CLE@NYJ 2025-11-09 01:00PM ET
WR,Savion Williams,4200,GB,2.19,GB@PHI 2025-11-09 01:00PM ET
WR,KeAndre Lambert-Smith,4200,LAC,2.17,LAC@PIT 2025-11-09 01:00PM ET
WR,Trent Sherfield,4200,DEN,2.13,DEN@LV 2025-11-09 01:00PM ET
WR,Allen Lazard,4200,NYJ,2.13,NYJ@CLE 2025-11-09 01:00PM ET
WR,Cody White,4200,SEA,2.13,SEA@ARI 2025-11-09 01:00PM ET
WR,Darius Cooper,4200,PHI,2.13,PHI@GB 2025-11-09 01:00PM ET
WR,Ramel Keyton,4100,LV,2.12,LV@DEN 2025-11-09 01:00PM ET
WR,KhaDarel Hodge,4100,ATL,2.07,ATL@IND 2025-11-09 01:00PM ET
WR,Arian Smith,4100,NYJ,2.03,NYJ@CLE 2025-11-09 01:00PM ET
WR,Cedric Tillman,4100,CLE,2.02,CLE@NYJ 2025-11-09 01:00PM ET
WR,Cedrick Wilson Jr.,4100,MIA,2.0,MIA@BUF 2025-11-09 01:00PM ET
WR,Mason Tipton,4100,NO,2.0,NO@CAR 2025-11-09 01:00PM ET
WR,Jamison Crowder,4100,WAS,1.95,WAS@DET 2025-11-09 01:00PM ET
WR,Xavier Smith,4100,LA,1.93,LA@SF 2025-11-09 01:00PM ET
WR,Mike Woods,4100,CLE,1.91,CLE@NYJ 2025-11-09 01:00PM ET
WR,Malik Heath,4100,GB,1.91,GB@PHI 2025-11-09 01:00PM ET
WR,Konata Mumpfield,4100,LA,1.89,LA@SF 2025-11-09 01:00PM ET
WR,Shedrick Jackson,4100,LV,1.88,LV@DEN 2025-11-09 01:00PM ET
WR,Robbie Chosen,4100,WAS,1.87,WAS@DET 2025-11-09 01:00PM ET
WR,Terrace Marshall Jr.,4100,LV,1.84,LV@DEN 2025-11-09 01:00PM ET
WR,Jaylin Lane,4100,WAS,1.84,WAS@DET 2025-11-09 01:00PM ET
WR,Skyy Moore,4100,SF,1.83,SF@LA 2025-11-09 01:00PM ET
WR,Derius Davis,4100,LAC,1.83,LAC@PIT 2025-11-09 01:00PM ET
WR,River Cracraft,4000,WAS,1.78,WAS@DET 2025-11-09 01:00PM ET
WR,Jaelon Darden,4000,SEA,1.77,SEA@ARI 2025-11-09 01:00PM ET
WR,Ashton Dulin,4000,IND,1.71,IND@ATL 2025-11-09 01:00PM ET
WR,Jaylin Noel,4000,HOU,1.67,HOU@JAX 2025-11-09 01:00PM ET
WR,Gage Larvadain,4000,CLE,1.65,CLE@NYJ 2025-11-09 01:00PM ET
WR,Rakim Jarrett,4000,TB,1.63,TB@NE 2025-11-09 01:00PM ET
WR,Laviska Shenault Jr.,4000,SEA,1.59,SEA@ARI 2025-11-09 01:00PM ET
WR,Trey Palmer,4000,TB,1.58,TB@NE 2025-11-09 01:00PM ET
WR,Michael Bandy,3900,DEN,1.5,DEN@LV 2025-11-09 01:00PM ET
WR,Deven Thompkins,3900,ATL,1.44,ATL@IND 2025-11-09 01:00PM ET
WR,Jordan Whittington,3900,LA,1.43,LA@SF 2025-11-09 01:00PM ET
WR,Brandon Powell,3900,MIN,1.41,MIN@BAL 2025-11-09 01:00PM ET
WR,Malachi Corley,3900,CLE,1.3,CLE@NYJ 2025-11-09 01:00PM ET
WR,Trent Taylor,3900,SF,1.22,SF@LA 2025-11-09 01:00PM ET
WR,Alex Bachman,3900,LV,1.22,LV@DEN 2025-11-09 01:00PM ET
WR,Deonte Harty,3800,BAL,1.19,BAL@MIN 2025-11-09 01:00PM ET
WR,Jacob Cowing,3800,SF,1.18,SF@LA 2025-11-09 01:00PM ET
WR,Dan Chisena,3800,CAR,1.17,CAR@NO 2025-11-09 01:00PM ET
WR,Jermaine Jackson,3800,NO,1.15,NO@CAR 2025-11-09 01:00PM ET
WR,Tim Jones,3800,JAX,1.08,JAX@HOU 2025-11-09 01:00PM ET
WR,Javon Baker,3800,NE,1.06,NE@TB 2025-11-09 01:00PM ET
WR,Steven Sims,3800,ARI,1.05,ARI@SEA 2025-11-09 01:00PM ET
WR,Tai Felton,3800,MIN,1.05,MIN@BAL 2025-11-09 01:00PM ET
WR,Ben Skowronek,3800,PIT,1.04,PIT@LAC 2025-11-09 01:00PM ET
WR,DeAndre Carter,3800,CLE,1.03,CLE@NYJ 2025-11-09 01:00PM ET
WR,Laquon Treadwell,3800,IND,0.99,IND@ATL 2025-11-09 01:00PM ET
WR,Myles Price,3800,MIN,0.99,MIN@BAL 2025-11-09 01:00PM ET
WR,Tom Kennedy,3800,DET,0.95,DET@WAS 2025-11-09 01:00PM ET
WR,Collin Johnson,3800,CHI,0.94,CHI@NYG 2025-11-09 01:00PM ET
WR,Kameron Johnson,3800,TB,0.94,TB@NE 2025-11-09 01:00PM ET
WR,Maurice Alexander,3800,DET,0.92,DET@WAS 2025-11-09 01:00PM ET
WR,Andre Baccellia,3700,ARI,0.88,ARI@SEA 2025-11-09 01:00PM ET
WR,Ihmir Smith-Marsette,3700,NYG,0.87,NYG@CHI 2025-11-09 01:00PM ET
WR,Ja'Lynn Polk,3700,NE,0.84,NE@TB 2025-11-09 01:00PM ET
WR,Jamal Agnew,3700,ATL,0.8,ATL@IND 2025-11-09 01:00PM ET
WR,Xavier Gipson,3700,PHI,0.76,PHI@GB 2025-11-09 01:00PM ET
WR,Dante Pettis,3700,NO,0.72,NO@CAR 2025-11-09 01:00PM ET
WR,Britain Covey,3700,PHI,0.72,PHI@GB 2025-11-09 01:00PM ET
WR,Devin Duvernay,3700,CHI,0.71,CHI@NYG 2025-11-09 01:00PM ET
WR,Jalen Virgil,3700,BUF,0.7,BUF@MIA 2025-11-09 01:00PM ET
WR,Ryan Miller,3700,TB,0.67,TB@NE 2025-11-09 01:00PM ET
WR,Efton Chism III,3700,NE,0.66,NE@TB 2025-11-09 01:00PM ET
WR,Gunner Olszewski,3700,NYG,0.65,NYG@CHI 2025-11-09 01:00PM ET
WR,Irvin Charles,3700,NYJ,0.62,NYJ@CLE 2025-11-09 01:00PM ET
WR,Dalen Cambre,3700,NYG,0.62,NYG@CHI 2025-11-09 01:00PM ET
WR,Tylan Wallace,3600,BAL,0.52,BAL@MIN 2025-11-09 01:00PM ET
WR,Bryce Ford-Wheaton,3600,NYG,0.48,NYG@CHI 2025-11-09 01:00PM ET
WR,LaJohntay Wester,3600,BAL,0.39,BAL@MIN 2025-11-09 01:00PM ET
WR,Jimmy Horn Jr.,3600,CAR,0.3,CAR@NO 2025-11-09 01:00PM ET
WR,Brycen Tremayne,3500,CAR,0.23,CAR@NO 2025-11-09 01:00PM ET
WR,Simi Fehoko,3500,ARI,0.14,ARI@SEA 2025-11-09 01:00PM ET
DST,ARI,2500,ARI,7.5,ARI DEF
DST,ATL,2600,ATL,7.7,ATL DEF
DST,BAL,2700,BAL,7.9,BAL DEF
DST,BUF,2800,BUF,8.1,BUF DEF
DST,CAR,2900,CAR,8.3,CAR DEF
DST,CHI,3000,CHI,8.5,CHI DEF
DST,CLE,3100,CLE,8.7,CLE DEF
DST,DEN,3200,DEN,8.9,DEN DEF
DST,DET,3300,DET,9.1,DET DEF
DST,GB,3400,GB,9.3,GB DEF
DST,HOU,3500,HOU,9.5,HOU DEF
DST,IND,3600,IND,9.7,IND DEF
DST,JAX,3700,JAX,9.9,JAX DEF
DST,LA,3800,LA,10.1,LA DEF
DST,LAC,3900,LAC,10.3,LAC DEF
DST,LV,4000,LV,10.5,LV DEF
DST,MIA,4100,MIA,10.7,MIA DEF
DST,MIN,4200,MIN,10.9,MIN DEF
DST,NE,4300,NE,11.1,NE DEF
DST,NO,4400,NO,11.3,NO DEF
DST,NYG,4500,NYG,11.5,NYG DEF
DST,NYJ,4600,NYJ,11.7,NYJ DEF
DST,PHI,4700,PHI,11.9,PHI DEF
DST,PIT,4800,PIT,12.1,PIT DEF
DST,SEA,4900,SEA,12.3,SEA DEF
DST,SF,5000,SF,12.5,SF DEF
DST,TB,5100,TB,12.7,TB DEF
DST,WAS,5200,WAS,12.9,WAS DEF
