game_id,home_team,away_team,gameday,season,week,total_line,xgb_predicted_total,ridge_predicted_total,xgb_diff,ridge_diff,consensus_tier,recommendation,mode,logged_at,actual_total,went_over,model_correct
2025_10_ARI_SEA,SEA,ARI,2025-11-09,2025,10,44.5,44.2,44.0,-0.33,-0.47,HIGH,UNDER,backfill,2026-05-28 14:12,66.0,1.0,0.0
2025_10_ATL_IND,IND,ATL,2025-11-09,2025,10,48.5,49.6,52.3,1.12,3.79,PASS,PASS,backfill,2026-05-28 14:12,56.0,1.0,
2025_10_BAL_MIN,MIN,BAL,2025-11-09,2025,10,48.5,49.5,47.7,1.0,-0.79,PASS,PASS,backfill,2026-05-28 14:12,46.0,0.0,
2025_10_BUF_MIA,MIA,BUF,2025-11-09,2025,10,50.5,50.0,47.5,-0.49,-3.0,HIGH,UNDER,backfill,2026-05-28 14:12,43.0,0.0,1.0
2025_10_CLE_NYJ,NYJ,CLE,2025-11-09,2025,10,37.5,38.0,38.5,0.46,1.01,PASS,PASS,backfill,2026-05-28 14:12,47.0,1.0,
2025_10_DET_WAS,WAS,DET,2025-11-09,2025,10,49.5,45.6,47.2,-3.86,-2.25,HIGH,UNDER,backfill,2026-05-28 14:12,66.0,1.0,0.0
2025_10_JAX_HOU,HOU,JAX,2025-11-09,2025,10,37.5,39.1,39.7,1.58,2.17,PASS,PASS,backfill,2026-05-28 14:12,65.0,1.0,
2025_10_LA_SF,SF,LA,2025-11-09,2025,10,49.5,49.1,48.3,-0.45,-1.17,HIGH,UNDER,backfill,2026-05-28 14:12,68.0,1.0,0.0
2025_10_LV_DEN,DEN,LV,2025-11-06,2025,10,42.5,43.4,42.6,0.93,0.08,PASS,PASS,backfill,2026-05-28 14:12,17.0,0.0,
2025_10_NE_TB,TB,NE,2025-11-09,2025,10,48.5,49.0,48.8,0.54,0.33,PASS,PASS,backfill,2026-05-28 14:12,51.0,1.0,
2025_10_NO_CAR,CAR,NO,2025-11-09,2025,10,38.5,39.9,40.3,1.36,1.77,PASS,PASS,backfill,2026-05-28 14:12,24.0,0.0,
2025_10_NYG_CHI,CHI,NYG,2025-11-09,2025,10,45.5,42.8,40.8,-2.74,-4.7,HIGH,UNDER,backfill,2026-05-28 14:12,44.0,0.0,1.0
2025_10_PHI_GB,GB,PHI,2025-11-10,2025,10,45.5,43.5,45.0,-2.05,-0.46,HIGH,UNDER,backfill,2026-05-28 14:12,17.0,0.0,1.0
2025_10_PIT_LAC,LAC,PIT,2025-11-09,2025,10,45.5,45.8,45.4,0.29,-0.1,PASS,PASS,backfill,2026-05-28 14:12,35.0,0.0,
2025_11_BAL_CLE,CLE,BAL,2025-11-16,2025,11,37.5,36.2,32.6,-1.32,-4.88,HIGH,UNDER,backfill,2026-05-28 14:14,39.0,1.0,0.0
2025_11_CAR_ATL,ATL,CAR,2025-11-16,2025,11,42.5,45.4,43.9,2.87,1.4,PASS,PASS,backfill,2026-05-28 14:14,57.0,1.0,
2025_11_CHI_MIN,MIN,CHI,2025-11-16,2025,11,47.5,47.3,47.8,-0.22,0.3,PASS,PASS,backfill,2026-05-28 14:14,36.0,0.0,1.0
2025_11_CIN_PIT,PIT,CIN,2025-11-16,2025,11,48.5,47.6,43.7,-0.89,-4.85,HIGH,UNDER,backfill,2026-05-28 14:14,46.0,0.0,1.0
2025_11_DAL_LV,LV,DAL,2025-11-17,2025,11,48.5,50.9,47.3,2.42,-1.17,PASS,PASS,backfill,2026-05-28 14:14,49.0,1.0,
2025_11_DET_PHI,PHI,DET,2025-11-16,2025,11,46.5,45.4,43.3,-1.12,-3.24,HIGH,UNDER,backfill,2026-05-28 14:14,25.0,0.0,1.0
2025_11_GB_NYG,NYG,GB,2025-11-16,2025,11,41.5,39.7,39.9,-1.8,-1.6,HIGH,UNDER,backfill,2026-05-28 14:14,47.0,1.0,0.0
2025_11_HOU_TEN,TEN,HOU,2025-11-16,2025,11,37.5,37.0,37.6,-0.51,0.07,PASS,PASS,backfill,2026-05-28 14:14,29.0,0.0,1.0
2025_11_KC_DEN,DEN,KC,2025-11-16,2025,11,44.5,42.9,42.9,-1.58,-1.64,HIGH,UNDER,backfill,2026-05-28 14:14,41.0,0.0,1.0
2025_11_LAC_JAX,JAX,LAC,2025-11-16,2025,11,43.5,42.3,41.0,-1.16,-2.49,HIGH,UNDER,backfill,2026-05-28 14:14,41.0,0.0,1.0
2025_11_NYJ_NE,NE,NYJ,2025-11-13,2025,11,43.5,42.6,43.3,-0.9,-0.22,HIGH,UNDER,backfill,2026-05-28 14:14,41.0,0.0,1.0
2025_11_SEA_LA,LA,SEA,2025-11-16,2025,11,49.5,50.9,53.8,1.42,4.34,PASS,PASS,backfill,2026-05-28 14:14,40.0,0.0,
2025_11_SF_ARI,ARI,SF,2025-11-16,2025,11,48.5,48.2,46.9,-0.31,-1.62,HIGH,UNDER,backfill,2026-05-28 14:14,63.0,1.0,0.0
2025_11_TB_BUF,BUF,TB,2025-11-16,2025,11,46.5,46.5,43.5,0.03,-2.96,PASS,PASS,backfill,2026-05-28 14:14,76.0,1.0,
2025_11_WAS_MIA,MIA,WAS,2025-11-16,2025,11,47.5,49.0,48.3,1.54,0.82,PASS,PASS,backfill,2026-05-28 14:14,29.0,0.0,
2025_12_ATL_NO,NO,ATL,2025-11-23,2025,12,41.5,44.1,43.1,2.62,1.65,PASS,PASS,backfill,2026-05-28 14:12,34.0,0.0,
2025_12_BUF_HOU,HOU,BUF,2025-11-20,2025,12,43.5,43.2,43.2,-0.31,-0.35,HIGH,UNDER,backfill,2026-05-28 14:12,42.0,0.0,1.0
2025_12_CAR_SF,SF,CAR,2025-11-24,2025,12,48.5,50.3,49.2,1.76,0.7,PASS,PASS,backfill,2026-05-28 14:12,29.0,0.0,
2025_12_CLE_LV,LV,CLE,2025-11-23,2025,12,35.5,37.8,36.4,2.32,0.91,PASS,PASS,backfill,2026-05-28 14:12,34.0,0.0,
2025_12_IND_KC,KC,IND,2025-11-23,2025,12,50.5,51.7,51.3,1.18,0.79,PASS,PASS,backfill,2026-05-28 14:12,43.0,0.0,
2025_12_JAX_ARI,ARI,JAX,2025-11-23,2025,12,47.5,47.8,47.7,0.26,0.24,PASS,PASS,backfill,2026-05-28 14:12,51.0,1.0,
2025_12_MIN_GB,GB,MIN,2025-11-23,2025,12,41.5,42.0,40.9,0.49,-0.63,PASS,PASS,backfill,2026-05-28 14:12,29.0,0.0,
2025_12_NE_CIN,CIN,NE,2025-11-23,2025,12,50.5,48.9,50.6,-1.64,0.06,PASS,PASS,backfill,2026-05-28 14:12,46.0,0.0,
2025_12_NYG_DET,DET,NYG,2025-11-23,2025,12,50.5,51.1,51.1,0.56,0.64,PASS,PASS,backfill,2026-05-28 14:12,61.0,1.0,
2025_12_NYJ_BAL,BAL,NYJ,2025-11-23,2025,12,44.5,41.7,42.0,-2.77,-2.53,HIGH,UNDER,backfill,2026-05-28 14:12,33.0,0.0,1.0
2025_12_PHI_DAL,DAL,PHI,2025-11-23,2025,12,47.5,46.2,47.7,-1.28,0.24,PASS,PASS,backfill,2026-05-28 14:12,45.0,0.0,
2025_12_PIT_CHI,CHI,PIT,2025-11-23,2025,12,46.5,46.4,45.9,-0.14,-0.55,HIGH,UNDER,backfill,2026-05-28 14:12,59.0,1.0,0.0
2025_12_SEA_TEN,TEN,SEA,2025-11-23,2025,12,41.5,42.6,44.8,1.15,3.26,PASS,PASS,backfill,2026-05-28 14:12,54.0,1.0,
2025_12_TB_LA,LA,TB,2025-11-23,2025,12,49.5,51.1,52.0,1.61,2.54,PASS,PASS,backfill,2026-05-28 14:12,41.0,0.0,
2025_13_ARI_TB,TB,ARI,2025-11-30,2025,13,44.5,45.5,43.9,0.97,-0.57,PASS,PASS,backfill,2026-05-28 14:12,37.0,0.0,
2025_13_ATL_NYJ,NYJ,ATL,2025-11-30,2025,13,38.5,39.7,39.3,1.19,0.83,PASS,PASS,backfill,2026-05-28 14:12,51.0,1.0,
2025_13_BUF_PIT,PIT,BUF,2025-11-30,2025,13,44.5,43.4,41.4,-1.14,-3.07,HIGH,UNDER,backfill,2026-05-28 14:12,33.0,0.0,1.0
2025_13_CHI_PHI,PHI,CHI,2025-11-28,2025,13,43.5,44.2,42.5,0.7,-0.99,PASS,PASS,backfill,2026-05-28 14:12,39.0,0.0,1.0
2025_13_CIN_BAL,BAL,CIN,2025-11-27,2025,13,52.5,51.9,50.3,-0.61,-2.17,HIGH,UNDER,backfill,2026-05-28 14:12,46.0,0.0,1.0
2025_13_DEN_WAS,WAS,DEN,2025-11-30,2025,13,43.5,40.3,41.8,-3.24,-1.68,HIGH,UNDER,backfill,2026-05-28 14:12,53.0,1.0,0.0
2025_13_GB_DET,DET,GB,2025-11-27,2025,13,48.5,50.7,49.7,2.17,1.24,PASS,PASS,backfill,2026-05-28 14:12,55.0,1.0,
2025_13_HOU_IND,IND,HOU,2025-11-30,2025,13,44.5,47.0,47.2,2.51,2.73,PASS,PASS,backfill,2026-05-28 14:12,36.0,0.0,
2025_13_JAX_TEN,TEN,JAX,2025-11-30,2025,13,42.5,41.5,43.7,-0.96,1.25,PASS,PASS,backfill,2026-05-28 14:12,28.0,0.0,
2025_13_KC_DAL,DAL,KC,2025-11-27,2025,13,53.5,53.0,53.8,-0.47,0.32,PASS,PASS,backfill,2026-05-28 14:12,59.0,1.0,
2025_13_LA_CAR,CAR,LA,2025-11-30,2025,13,44.5,44.5,43.1,-0.04,-1.36,HIGH,UNDER,backfill,2026-05-28 14:12,59.0,1.0,0.0
2025_13_LV_LAC,LAC,LV,2025-11-30,2025,13,40.5,41.5,41.1,1.0,0.61,PASS,PASS,backfill,2026-05-28 14:12,45.0,1.0,
2025_13_MIN_SEA,SEA,MIN,2025-11-30,2025,13,42.5,42.8,43.5,0.3,1.03,PASS,PASS,backfill,2026-05-28 14:12,26.0,0.0,
2025_13_NO_MIA,MIA,NO,2025-11-30,2025,13,41.5,43.5,42.9,1.98,1.43,PASS,PASS,backfill,2026-05-28 14:12,38.0,0.0,
2025_13_NYG_NE,NE,NYG,2025-12-01,2025,13,46.5,44.7,47.4,-1.79,0.93,PASS,PASS,backfill,2026-05-28 14:12,48.0,1.0,
2025_13_SF_CLE,CLE,SF,2025-11-30,2025,13,35.5,35.1,29.7,-0.35,-5.83,HIGH,UNDER,backfill,2026-05-28 14:12,34.0,0.0,1.0
2025_14_CHI_GB,GB,CHI,2025-12-07,2025,14,44.5,44.7,45.1,0.21,0.55,PASS,PASS,backfill,2026-05-28 14:12,49.0,1.0,
2025_14_CIN_BUF,BUF,CIN,2025-12-07,2025,14,54.5,53.4,51.0,-1.11,-3.48,HIGH,UNDER,backfill,2026-05-28 14:12,73.0,1.0,0.0
2025_14_DAL_DET,DET,DAL,2025-12-04,2025,14,55.5,55.5,55.2,-0.04,-0.26,HIGH,UNDER,backfill,2026-05-28 14:12,74.0,1.0,0.0
2025_14_DEN_LV,LV,DEN,2025-12-07,2025,14,40.5,39.9,39.5,-0.64,-0.96,HIGH,UNDER,backfill,2026-05-28 14:12,41.0,1.0,0.0
2025_14_HOU_KC,KC,HOU,2025-12-07,2025,14,41.5,43.2,41.0,1.66,-0.49,PASS,PASS,backfill,2026-05-28 14:12,30.0,0.0,
2025_14_IND_JAX,JAX,IND,2025-12-07,2025,14,44.5,45.0,45.6,0.48,1.11,PASS,PASS,backfill,2026-05-28 14:12,55.0,1.0,
2025_14_LA_ARI,ARI,LA,2025-12-07,2025,14,49.5,47.5,47.9,-1.97,-1.57,HIGH,UNDER,backfill,2026-05-28 14:12,62.0,1.0,0.0
2025_14_MIA_NYJ,NYJ,MIA,2025-12-07,2025,14,41.5,42.4,42.4,0.86,0.88,PASS,PASS,backfill,2026-05-28 14:12,44.0,1.0,
2025_14_NO_TB,TB,NO,2025-12-07,2025,14,41.5,43.8,43.4,2.25,1.9,PASS,PASS,backfill,2026-05-28 14:12,44.0,1.0,
2025_14_PHI_LAC,LAC,PHI,2025-12-08,2025,14,41.5,38.1,41.5,-3.42,0.01,PASS,PASS,backfill,2026-05-28 14:12,41.0,0.0,
2025_14_PIT_BAL,BAL,PIT,2025-12-07,2025,14,43.5,44.0,43.3,0.49,-0.24,PASS,PASS,backfill,2026-05-28 14:12,49.0,1.0,
2025_14_SEA_ATL,ATL,SEA,2025-12-07,2025,14,44.5,45.0,47.3,0.47,2.8,PASS,PASS,backfill,2026-05-28 14:12,46.0,1.0,
2025_14_TEN_CLE,CLE,TEN,2025-12-07,2025,14,33.5,35.4,32.0,1.87,-1.46,PASS,PASS,backfill,2026-05-28 14:12,60.0,1.0,
2025_14_WAS_MIN,MIN,WAS,2025-12-07,2025,14,43.5,44.3,41.3,0.81,-2.21,PASS,PASS,backfill,2026-05-28 14:12,31.0,0.0,
2025_15_ARI_HOU,HOU,ARI,2025-12-14,2025,15,42.5,43.9,45.1,1.39,2.59,PASS,PASS,backfill,2026-05-28 14:12,60.0,1.0,
2025_15_ATL_TB,TB,ATL,2025-12-11,2025,15,43.5,44.4,43.6,0.89,0.1,PASS,PASS,backfill,2026-05-28 14:12,57.0,1.0,
2025_15_BAL_CIN,CIN,BAL,2025-12-14,2025,15,51.5,47.9,49.3,-3.57,-2.21,HIGH,UNDER,backfill,2026-05-28 14:12,24.0,0.0,1.0
2025_15_BUF_NE,NE,BUF,2025-12-14,2025,15,49.5,50.4,48.4,0.89,-1.1,PASS,PASS,backfill,2026-05-28 14:12,66.0,1.0,
2025_15_CAR_NO,NO,CAR,2025-12-14,2025,15,41.5,43.0,42.7,1.47,1.2,PASS,PASS,backfill,2026-05-28 14:12,37.0,0.0,
2025_15_CLE_CHI,CHI,CLE,2025-12-14,2025,15,38.5,39.3,39.4,0.77,0.94,PASS,PASS,backfill,2026-05-28 14:12,34.0,0.0,
2025_15_DET_LA,LA,DET,2025-12-14,2025,15,54.5,54.9,56.3,0.4,1.81,PASS,PASS,backfill,2026-05-28 14:12,75.0,1.0,
2025_15_GB_DEN,DEN,GB,2025-12-14,2025,15,42.5,40.6,42.9,-1.93,0.36,PASS,PASS,backfill,2026-05-28 14:12,60.0,1.0,
2025_15_IND_SEA,SEA,IND,2025-12-14,2025,15,41.5,41.5,43.3,0.0,1.82,PASS,PASS,backfill,2026-05-28 14:12,34.0,0.0,
2025_15_LAC_KC,KC,LAC,2025-12-14,2025,15,41.5,43.0,40.8,1.5,-0.7,PASS,PASS,backfill,2026-05-28 14:12,29.0,0.0,
2025_15_LV_PHI,PHI,LV,2025-12-14,2025,15,37.5,35.6,36.7,-1.89,-0.79,HIGH,UNDER,backfill,2026-05-28 14:12,31.0,0.0,1.0
2025_15_MIA_PIT,PIT,MIA,2025-12-15,2025,15,42.5,42.6,42.6,0.09,0.12,PASS,PASS,backfill,2026-05-28 14:12,43.0,1.0,
2025_15_MIN_DAL,DAL,MIN,2025-12-14,2025,15,47.5,49.9,50.4,2.39,2.91,PASS,PASS,backfill,2026-05-28 14:12,60.0,1.0,
2025_15_NYJ_JAX,JAX,NYJ,2025-12-14,2025,15,40.5,38.6,40.7,-1.91,0.16,PASS,PASS,backfill,2026-05-28 14:12,68.0,1.0,
2025_15_TEN_SF,SF,TEN,2025-12-14,2025,15,44.5,43.1,45.2,-1.36,0.67,PASS,PASS,backfill,2026-05-28 14:12,61.0,1.0,
2025_15_WAS_NYG,NYG,WAS,2025-12-14,2025,15,46.5,43.1,43.7,-3.4,-2.83,HIGH,UNDER,backfill,2026-05-28 14:12,50.0,1.0,0.0
2025_16_ATL_ARI,ARI,ATL,2025-12-21,2025,16,48.5,48.2,48.5,-0.31,-0.03,HIGH,UNDER,backfill,2026-05-28 14:12,45.0,0.0,1.0
2025_16_BUF_CLE,CLE,BUF,2025-12-21,2025,16,41.5,41.0,38.2,-0.46,-3.34,HIGH,UNDER,backfill,2026-05-28 14:12,43.0,1.0,0.0
2025_16_CIN_MIA,MIA,CIN,2025-12-21,2025,16,48.5,49.5,48.4,1.01,-0.12,PASS,PASS,backfill,2026-05-28 14:12,66.0,1.0,
2025_16_GB_CHI,CHI,GB,2025-12-20,2025,16,45.5,43.6,44.6,-1.86,-0.89,HIGH,UNDER,backfill,2026-05-28 14:12,38.0,0.0,1.0
2025_16_JAX_DEN,DEN,JAX,2025-12-21,2025,16,46.5,47.5,48.4,1.01,1.91,PASS,PASS,backfill,2026-05-28 14:12,54.0,1.0,
2025_16_KC_TEN,TEN,KC,2025-12-21,2025,16,37.5,38.5,38.6,1.03,1.09,PASS,PASS,backfill,2026-05-28 14:12,35.0,0.0,
2025_16_LAC_DAL,DAL,LAC,2025-12-21,2025,16,50.5,53.3,52.1,2.81,1.62,PASS,PASS,backfill,2026-05-28 14:12,51.0,1.0,
2025_16_LA_SEA,SEA,LA,2025-12-18,2025,16,42.5,41.4,41.4,-1.09,-1.15,HIGH,UNDER,backfill,2026-05-28 14:12,75.0,1.0,0.0
2025_16_LV_HOU,HOU,LV,2025-12-21,2025,16,39.5,41.7,43.0,2.17,3.49,PASS,PASS,backfill,2026-05-28 14:12,44.0,1.0,
2025_16_MIN_NYG,NYG,MIN,2025-12-21,2025,16,41.5,41.0,40.7,-0.49,-0.82,HIGH,UNDER,backfill,2026-05-28 14:12,29.0,0.0,1.0
2025_16_NE_BAL,BAL,NE,2025-12-21,2025,16,48.5,48.6,48.0,0.07,-0.53,PASS,PASS,backfill,2026-05-28 14:12,52.0,1.0,
2025_16_NYJ_NO,NO,NYJ,2025-12-21,2025,16,39.5,40.9,41.4,1.37,1.87,PASS,PASS,backfill,2026-05-28 14:12,35.0,0.0,
2025_16_PHI_WAS,WAS,PHI,2025-12-20,2025,16,43.5,40.8,42.2,-2.68,-1.26,HIGH,UNDER,backfill,2026-05-28 14:12,47.0,1.0,0.0
2025_16_PIT_DET,DET,PIT,2025-12-21,2025,16,52.5,53.3,53.0,0.82,0.48,PASS,PASS,backfill,2026-05-28 14:12,53.0,1.0,
2025_16_SF_IND,IND,SF,2025-12-22,2025,16,46.5,44.7,45.0,-1.81,-1.45,HIGH,UNDER,backfill,2026-05-28 14:12,75.0,1.0,0.0
2025_16_TB_CAR,CAR,TB,2025-12-21,2025,16,44.5,42.9,42.8,-1.59,-1.73,HIGH,UNDER,backfill,2026-05-28 14:12,43.0,0.0,1.0
2025_17_ARI_CIN,CIN,ARI,2025-12-28,2025,17,52.5,52.0,48.7,-0.52,-3.76,HIGH,UNDER,backfill,2026-05-28 14:12,51.0,0.0,1.0
2025_17_BAL_GB,GB,BAL,2025-12-27,2025,17,38.5,39.1,37.9,0.59,-0.56,PASS,PASS,backfill,2026-05-28 14:12,65.0,1.0,
2025_17_CHI_SF,SF,CHI,2025-12-28,2025,17,51.5,50.9,51.1,-0.55,-0.37,HIGH,UNDER,backfill,2026-05-28 14:12,80.0,1.0,0.0
2025_17_DAL_WAS,WAS,DAL,2025-12-25,2025,17,50.5,47.4,48.4,-3.09,-2.09,HIGH,UNDER,backfill,2026-05-28 14:12,53.0,1.0,0.0
2025_17_DEN_KC,KC,DEN,2025-12-25,2025,17,37.5,36.5,35.2,-1.03,-2.3,HIGH,UNDER,backfill,2026-05-28 14:12,33.0,0.0,1.0
2025_17_DET_MIN,MIN,DET,2025-12-25,2025,17,45.5,41.8,41.7,-3.72,-3.75,HIGH,UNDER,backfill,2026-05-28 14:12,33.0,0.0,1.0
2025_17_HOU_LAC,LAC,HOU,2025-12-27,2025,17,40.5,40.5,42.2,0.02,1.68,PASS,PASS,backfill,2026-05-28 14:12,36.0,0.0,
2025_17_JAX_IND,IND,JAX,2025-12-28,2025,17,48.5,47.6,49.7,-0.95,1.24,PASS,PASS,backfill,2026-05-28 14:12,40.0,0.0,
2025_17_LA_ATL,ATL,LA,2025-12-29,2025,17,48.5,45.9,50.4,-2.61,1.86,PASS,PASS,backfill,2026-05-28 14:12,51.0,1.0,
2025_17_NE_NYJ,NYJ,NE,2025-12-28,2025,17,42.5,41.9,42.4,-0.57,-0.09,HIGH,UNDER,backfill,2026-05-28 14:12,52.0,1.0,0.0
2025_17_NO_TEN,TEN,NO,2025-12-28,2025,17,39.5,39.0,37.9,-0.49,-1.63,HIGH,UNDER,backfill,2026-05-28 14:12,60.0,1.0,0.0
2025_17_NYG_LV,LV,NYG,2025-12-28,2025,17,40.5,43.1,41.2,2.6,0.69,PASS,PASS,backfill,2026-05-28 14:12,44.0,1.0,
2025_17_PHI_BUF,BUF,PHI,2025-12-28,2025,17,45.5,45.0,43.9,-0.53,-1.64,HIGH,UNDER,backfill,2026-05-28 14:12,25.0,0.0,1.0
2025_17_PIT_CLE,CLE,PIT,2025-12-28,2025,17,35.5,35.7,31.6,0.21,-3.88,PASS,PASS,backfill,2026-05-28 14:12,19.0,0.0,
2025_17_SEA_CAR,CAR,SEA,2025-12-28,2025,17,42.5,43.0,44.5,0.54,2.04,PASS,PASS,backfill,2026-05-28 14:12,37.0,0.0,
2025_17_TB_MIA,MIA,TB,2025-12-28,2025,17,44.5,43.9,42.4,-0.65,-2.07,HIGH,UNDER,backfill,2026-05-28 14:12,37.0,0.0,1.0
