player_id,player,position,team,is_rookie,draft_pick,adp_pos_rank,projection,sleeper,diff
00-0036970,Kyle Pitts,TE,ATL,0,4.0,7.0,158.8,138.6,20.2
00-0039338,Brock Bowers,TE,LV,0,13.0,1.0,152.2,188.0,-35.8
00-0033288,George Kittle,TE,SF,0,146.0,8.0,151.2,123.4,27.8
00-0037744,Trey McBride,TE,ARI,0,55.0,2.0,135.1,191.4,-56.3
00-0040128,Tyler Warren,TE,IND,0,14.0,4.0,131.1,151.2,-20.1
00-0036040,Juwan Johnson,TE,NO,0,,17.0,129.4,109.6,19.8
00-0030506,Travis Kelce,TE,KC,0,63.0,19.0,128.5,131.5,-3.0
00-0040126,Colston Loveland,TE,CHI,0,10.0,3.0,124.5,161.9,-37.4
00-0040663,Harold Fannin Jr.,TE,CLE,0,67.0,6.0,124.2,148.1,-23.9
00-0033090,Hunter Henry,TE,NE,0,35.0,12.0,118.5,119.9,-1.4
00-0034351,Dallas Goedert,TE,PHI,0,49.0,13.0,113.6,115.5,-1.9
00-0034383,Dalton Schultz,TE,HOU,0,137.0,16.0,104.7,106.0,-1.3
00-0039065,Sam LaPorta,TE,DET,0,34.0,9.0,104.3,144.1,-39.8
00-0034753,Mark Andrews,TE,BAL,0,86.0,15.0,97.0,127.8,-30.8
00-0038041,Jake Ferguson,TE,DAL,0,129.0,14.0,96.0,124.8,-28.8
00-0039793,AJ Barner,TE,SEA,0,121.0,23.0,92.5,113.4,-20.9
00-0038933,Dalton Kincaid,TE,BUF,0,25.0,10.0,91.0,125.6,-34.6
00-0039847,Theo Johnson,TE,NYG,0,107.0,30.0,90.4,61.5,28.9
00-0038996,Tucker Kraft,TE,GB,0,78.0,5.0,90.1,134.8,-44.7
00-0036894,Pat Freiermuth,TE,PIT,0,55.0,,83.3,,
00-0040189,Oronde Gadsden II,TE,LAC,0,165.0,11.0,83.3,122.1,-38.8
00-0038129,Cade Otton,TE,TB,0,106.0,31.0,80.5,100.0,-19.5
00-0041483,Eli Stowers,TE,PHI,1,54.0,28.0,74.7,65.9,8.8
00-0037809,Chig Okonkwo,TE,WAS,0,143.0,22.0,70.1,95.9,-25.8
00-0038935,Brenton Strange,TE,JAX,0,61.0,18.0,70.0,124.8,-54.8
00-0033881,Evan Engram,TE,DEN,0,23.0,,68.6,,
00-0033885,David Njoku,TE,LAC,0,29.0,25.0,68.6,64.2,4.4
00-0040736,Mason Taylor,TE,NYJ,0,42.0,27.0,67.5,60.8,6.7
00-0041084,Tanner Koziol,TE,JAX,1,164.0,,65.7,,
00-0037838,Isaiah Likely,TE,NYG,0,139.0,21.0,56.4,121.7,-65.3
00-0041032,Kenyon Sadiq,TE,NYJ,1,16.0,20.0,56.2,109.4,-53.2
00-0035229,T.J. Hockenson,TE,MIN,0,8.0,24.0,56.1,103.0,-46.9
00-0041077,Justin Joly,TE,DEN,1,152.0,,54.8,,
00-0040187,Mitchell Evans,TE,CAR,0,163.0,,52.2,,
00-0036290,Cole Kmet,TE,CHI,0,43.0,,51.6,,
00-0033110,Tyler Higbee,TE,LA,0,110.0,,47.5,,
00-0036244,Colby Parkinson,TE,LA,0,133.0,26.0,47.2,67.2,-20.0
00-0034829,Mike Gesicki,TE,CIN,0,42.0,,46.9,,
00-0040584,Gunnar Helm,TE,TEN,0,120.0,32.0,46.9,94.3,-47.4
00-0035689,Dawson Knox,TE,BUF,0,96.0,,45.4,,
00-0038558,Darnell Washington,TE,PIT,0,93.0,,44.2,,
00-0041395,Eli Raridon,TE,NE,1,95.0,,42.2,,
00-0037005,Tommy Tremble,TE,CAR,0,83.0,,42.1,,
00-0039144,Luke Musgrave,TE,GB,0,42.0,,41.4,,
00-0040739,Elijah Arroyo,TE,SEA,0,50.0,,39.7,,
00-0041510,Max Klare,TE,LA,1,61.0,34.0,39.4,45.1,-5.7
00-0037805,Jeremy Ruckert,TE,NYJ,0,101.0,,36.5,,
00-0039066,Michael Mayer,TE,LV,0,35.0,,36.4,,
00-0040737,Terrance Ferguson,TE,LA,0,46.0,29.0,36.1,63.4,-27.3
00-0041524,Will Kacmarek,TE,MIA,1,87.0,,34.3,,
00-0039912,Ben Sinnott,TE,WAS,0,53.0,,33.9,,
00-0037112,Jake Tonges,TE,SF,0,,33.0,33.2,55.8,-22.6
00-0036422,Adam Trautman,TE,DEN,0,105.0,,32.9,,
00-0037252,Greg Dulcich,TE,MIA,0,80.0,,32.3,,
00-0039356,Ja'Tavion Sanders,TE,CAR,0,101.0,,32.1,,
00-0035644,Noah Fant,TE,NO,0,20.0,,31.6,,
00-0038115,Daniel Bellinger,TE,TEN,0,112.0,,30.3,,
00-0041503,Nate Boerkircher,TE,JAX,1,56.0,,29.8,,
00-0034613,Tanner Hudson,TE,CIN,0,,,29.5,,
00-0041398,Riley Nowakowski,TE,PIT,1,169.0,,29.3,,
00-0041087,Joe Royer,TE,CLE,1,170.0,,28.8,,
00-0039074,Davis Allen,TE,LA,0,175.0,,28.0,,
00-0041252,Kenny Fletcher,TE,TB,1,,,27.8,,
00-0041131,Carsen Ryan,TE,CLE,1,248.0,,26.7,,
00-0040194,Jackson Hawes,TE,BUF,0,173.0,,26.2,,
00-0041170,Hayden Large,TE,CHI,1,,,26.1,,
00-0038547,Luke Schoonmaker,TE,DAL,0,58.0,,25.8,,
00-0036423,Albert Okwuegbunam,TE,LV,0,118.0,,25.8,,
00-0032392,Austin Hooper,TE,ATL,0,81.0,,25.5,,
00-0038046,Charlie Kolar,TE,LAC,0,128.0,,25.2,,
00-0039041,Elijah Higgins,TE,ARI,0,197.0,,25.1,,
00-0035249,Josh Oliver,TE,MIN,0,69.0,,25.1,,
00-0036628,John Bates,TE,WAS,0,124.0,,24.5,,
00-0041327,Cody Hardy,TE,NO,1,,,24.2,,
00-0041403,Rohan Jones,TE,LA,1,,,24.2,,
00-0036754,Brock Wright,TE,DET,0,,,22.8,,
00-0036637,Noah Gray,TE,KC,0,162.0,,22.4,,
TRA291459,Seydou Traore,TE,MIA,1,180.0,,21.6,,
00-0041207,Ethan Conner,TE,JAX,1,,,21.4,,
00-0041041,Oscar Delp,TE,NO,1,73.0,,21.2,,
00-0040887,Josh Cuevas,TE,BAL,1,173.0,,21.0,,
00-0039359,Cade Stover,TE,HOU,0,123.0,,20.6,,
00-0036887,Luke Farrell,TE,SF,0,145.0,,20.6,,
00-0041558,Sam Roush,TE,CHI,1,69.0,,20.4,,
00-0040552,Joshua Simon,TE,ATL,1,,,20.2,,
00-0041016,Patrick Gurd,TE,LV,1,,,20.1,,
00-0040927,Dae'Quan Wright,TE,PHI,1,,,20.1,,
00-0039737,Tip Reiman,TE,ARI,0,82.0,,20.0,,
00-0040081,Jake Briningstool,TE,KC,1,,,19.8,,
00-0037004,Hunter Long,TE,JAX,0,81.0,,19.6,,
00-0033217,Mo Alie-Cox,TE,IND,0,,,19.4,,
00-0040945,R.J. Maryland,TE,GB,1,,,19.4,,
00-0041535,Louis Hansen,TE,HOU,1,,,19.0,,
00-0038783,Nate Adkins,TE,DEN,0,,,18.8,,
00-0035631,Drew Sample,TE,CIN,0,52.0,,18.7,,
00-0040939,Michael Trigg,TE,DAL,1,,35.0,18.5,26.8,-8.3
00-0040566,CJ Dippre,TE,NE,1,,,18.2,,
00-0041457,Miles Kitselman,TE,DET,1,,,17.9,,
00-0038720,Julian Hill,TE,NE,0,,,17.7,,
00-0041195,Jack Velling,TE,ATL,1,,,17.6,,
00-0036876,Kylen Granson,TE,TEN,0,127.0,,17.5,,
00-0040504,Bryson Nesbit,TE,MIN,1,,,16.9,,
00-0038589,Josh Whyle,TE,GB,0,147.0,,16.9,,
00-0039530,Brevyn Spann-Ford,TE,DAL,0,,,16.9,,
00-0041133,Dallen Bentley,TE,DEN,1,256.0,,16.6,,
00-0040046,Rivaldo Fairweather,TE,ARI,1,,,16.2,,
00-0034365,Ian Thomas,TE,LV,0,101.0,,16.1,,
00-0041094,Bauer Sharp,TE,TB,1,185.0,,15.9,,
00-0041263,Lake McRee,TE,PIT,1,,,15.9,,
00-0034270,Tyler Conklin,TE,DET,0,157.0,,15.7,,
00-0040094,Tre Watson,TE,KC,1,,,15.5,,
00-0040955,John Michael Gyllenborg,TE,KC,1,,,15.4,,
00-0040792,Layne Pryor,TE,HOU,1,,,15.3,,
00-0040879,Matthew Hibner,TE,BAL,1,133.0,,15.2,,
00-0041472,Marlin Klein,TE,HOU,1,59.0,,15.2,,
00-0041357,Khalil Dinkins,TE,SF,1,,,15.1,,
00-0039518,Treyton Welch,TE,NO,1,,,15.0,,
00-0040628,Drake Dabney,TE,GB,0,,,14.8,,
00-0037304,Connor Heyward,TE,LV,0,208.0,,14.7,,
00-0037086,Grant Calcaterra,TE,PHI,0,198.0,,14.5,,
00-0040331,Patrick Herbert,TE,JAX,1,,,14.1,,
00-0039843,Qadir Ismail,TE,CHI,1,,,14.0,,
00-0040901,Jaren Kanak,TE,TEN,1,225.0,,13.8,,
00-0041366,Jameson Geers,TE,ARI,1,,,13.6,,
00-0040528,JJ Galbreath,TE,PIT,1,,,13.6,,
00-0041180,Quentin Moore,TE,WAS,1,,,13.4,,
00-0040938,D.J. Rogers,TE,DAL,1,,,13.4,,
00-0036590,Quintin Morris,TE,JAX,0,,,13.4,,
00-0036741,Jack Stoll,TE,CLE,0,,,13.3,,
00-0040387,Zach Horton,TE,DET,1,,,13.3,,
00-0041452,Johnny Pascuzzi,TE,LAC,1,,,12.9,,
00-0039050,Payne Durham,TE,TB,0,171.0,,12.8,,
00-0040697,Thomas Gordon,TE,DET,1,,,12.7,,
00-0037292,Andrew Ogletree,TE,IND,0,192.0,,12.3,,
00-0039824,Jared Wiley,TE,KC,0,131.0,,12.1,,
00-0040598,Mark Redman,TE,LA,1,,,11.6,,
00-0039458,Brenden Bates,TE,CLE,0,,,11.6,,
00-0040215,Gavin Bartholomew,TE,MIN,1,202.0,,11.5,,
00-0039023,Joel Wilson,TE,TEN,1,,,11.3,,
00-0033576,Eric Saubert,TE,SEA,0,174.0,,11.3,,
00-0034798,Durham Smythe,TE,BAL,0,123.0,,10.7,,
00-0037539,Lucas Krull,TE,DEN,0,,,10.7,,
00-0040292,Bryce Pierre,TE,CAR,1,,,10.1,,
00-0041422,Dan Villari,TE,LA,1,,,10.0,,
00-0040974,Lance Mason,TE,SEA,1,,,9.9,,
00-0041314,Tanner Arkin,TE,NE,1,,,9.8,,
00-0034981,Foster Moreau,TE,HOU,0,137.0,,9.7,,
00-0039648,David Martin-Robinson,TE,TEN,0,,,9.6,,
00-0036534,Shane Zylstra,TE,BUF,0,,,9.5,,
00-0041384,Evan Svoboda,TE,LAC,1,,,9.4,,
00-0037282,James Mitchell,TE,CAR,0,177.0,,9.4,,
00-0037078,Cole Turner,TE,MIA,0,149.0,,9.2,,
00-0037340,Zaire Mitchell-Paden,TE,NO,0,,,9.1,,
00-0038394,Will Mallory,TE,IND,0,162.0,,8.8,,
00-0040244,Moliki Matavao,TE,NO,0,248.0,,8.8,,
00-0037348,Tanner Conner,TE,NYG,0,,,8.6,,
00-0033246,Johnny Mundt,TE,PHI,0,,,8.6,,
00-0037755,Jelani Woods,TE,NYJ,0,73.0,,8.5,,
00-0037475,Stone Smartt,TE,PHI,0,,,8.4,,
00-0038809,Ben Sims,TE,MIA,0,,,8.4,,
00-0039631,Cam Grandy,TE,CIN,0,,,8.3,,
00-0040363,Keleki Latu,TE,BUF,0,,,8.1,,
00-0039814,Erick All,TE,CIN,0,115.0,,8.0,,
00-0036556,Brevin Jordan,TE,HOU,0,147.0,,7.8,,
00-0036429,Charlie Woerner,TE,ATL,0,190.0,,7.4,,
00-0038710,Blake Whiteheart,TE,CLE,0,,,7.0,,
00-0041246,Josh Kattus,TE,CIN,1,,,6.4,,
00-0039275,Messiah Swinson,TE,GB,1,,,6.2,,
00-0040509,Ben Yurosek,TE,MIN,0,,,6.1,,
00-0039420,Jaheim Bell,TE,PIT,0,231.0,,5.9,,
00-0031484,Chris Manhertz,TE,NYG,0,,,5.8,,
00-0033757,Robert Tonyan,TE,PIT,0,,,5.8,,
00-0036145,Lawrence Cager,TE,WAS,0,,,5.3,,
00-0036232,Harrison Bryant,TE,SEA,0,115.0,,5.3,,
00-0041237,Chase Curtis,TE,NYJ,1,,,5.2,,
00-0040240,Caleb Lohner,TE,DEN,1,241.0,,4.8,,
00-0039686,Colson Yankoff,TE,WAS,0,,,4.7,,
00-0040488,Carter Runyon,TE,LV,0,,,4.0,,
00-0040853,Carson Towt,TE,IND,1,,,4.0,,
00-0033455,Anthony Firkser,TE,WAS,0,,,3.8,,
00-0038498,E.J. Jenkins,TE,PHI,0,,,3.2,,
00-0036825,Feleipe Franks,TE,CAR,0,,,3.2,,
00-0038564,Cameron Latu,TE,PHI,0,101.0,,3.0,,
00-0039754,Devin Culp,TE,TB,0,246.0,,2.8,,
00-0037277,Teagan Quitoriano,TE,ARI,0,170.0,,2.3,,
00-0036032,Sean McKeon,TE,IND,0,,,2.1,,
00-0037311,Ko Kieft,TE,TB,0,218.0,,1.9,,
00-0040225,Thomas Fidone II,TE,NYG,0,219.0,,1.0,,
00-0035039,Stephen Carlson,TE,CHI,0,,,1.0,,
00-0038643,Brayden Willis,TE,SF,0,247.0,,0.9,,
00-0038735,Princeton Fant,TE,DAL,0,,,0.8,,
00-0039489,Hayden Rucci,TE,SF,0,,,0.7,,
00-0037031,Nikola Kalinic,TE,CHI,0,,,0.5,,
00-0041116,Jack Endries,TE,CIN,1,221.0,,0.5,,
00-0040058,Nick Kallerup,TE,SEA,0,,,0.1,,
