season,grp,player_id,player,y,pred,sleeper,model
2021,vet,00-0036223,Jonathan Taylor,353.1,178.7,285.2,lightgbm
2021,vet,00-0032764,Derrick Henry,184.3,193.8,270.2,lightgbm
2021,vet,00-0033699,Austin Ekeler,308.8,145.2,224.5,lightgbm
2021,vet,00-0033906,Alvin Kamara,211.20000000000002,190.5,282.0,lightgbm
2021,vet,00-0033280,Christian McCaffrey,109.0,145.2,319.3,lightgbm
2021,vet,00-0033553,James Conner,239.2,144.3,177.3,lightgbm
2021,vet,00-0033856,Leonard Fournette,221.10000000000002,98.7,170.0,lightgbm
2021,vet,00-0034791,Nick Chubb,205.3,193.4,263.4,lightgbm
2021,vet,00-0033893,Dalvin Cook,189.3,207.9,296.3,lightgbm
2021,vet,00-0036275,D'Andre Swift,177.9,155.7,232.1,lightgbm
2021,vet,00-0035685,David Montgomery,174.0,175.9,236.5,lightgbm
2021,vet,00-0033897,Joe Mixon,266.9,157.5,241.7,lightgbm
2021,vet,00-0030578,Cordarrelle Patterson,208.6,55.5,160.5,lightgbm
2021,vet,00-0036328,Antonio Gibson,208.10000000000002,164.1,238.9,lightgbm
2021,vet,00-0033045,Ezekiel Elliott,228.56,128.1,276.2,lightgbm
2021,vet,00-0033293,Aaron Jones,203.0,219.4,252.3,lightgbm
2021,vet,00-0035657,Damien Harris,201.1,89.5,183.8,lightgbm
2021,vet,00-0035700,Josh Jacobs,199.0,173.6,227.1,lightgbm
2021,vet,00-0033923,Kareem Hunt,99.0,124.5,174.3,lightgbm
2021,vet,00-0034750,Rashaad Penny,118.7,17.9,88.4,lightgbm
2021,vet,00-0035664,Darrell Henderson,148.9,113.5,186.2,lightgbm
2021,vet,00-0032257,Duke Johnson,57.10000000000001,55.2,,lightgbm
2021,vet,00-0032144,Melvin Gordon,181.1,123.9,158.0,lightgbm
2021,vet,00-0035831,James Robinson,158.4,197.1,239.3,lightgbm
2021,vet,00-0033594,Chris Carson,45.1,133.8,191.6,lightgbm
2021,vet,00-0034844,Saquon Barkley,128.1,65.2,248.1,lightgbm
2021,vet,00-0032602,J.D. McKissic,106.4,77.3,80.9,lightgbm
2021,vet,00-0034681,Chase Edmonds,121.80000000000001,121.5,148.5,lightgbm
2021,vet,00-0036265,AJ Dillon,168.60000000000002,55.1,188.3,lightgbm
2021,vet,00-0035250,Devin Singletary,177.8,87.4,132.0,lightgbm
2021,vet,00-0034301,Darrel Williams,172.5,36.2,97.3,lightgbm
2021,vet,00-0036360,Clyde Edwards-Helaire,108.1,151.3,225.1,lightgbm
2021,vet,00-0035261,Tony Pollard,143.1,43.7,98.7,lightgbm
2021,vet,00-0033925,D'Onta Foreman,89.4,36.0,,lightgbm
2021,vet,00-0035311,Myles Gaskin,149.1,127.0,169.6,lightgbm
2021,vet,00-0031062,James White,25.200000000000003,48.6,82.5,lightgbm
2021,vet,00-0034414,Boston Scott,92.1,76.9,70.6,lightgbm
2021,vet,00-0033948,Jamaal Williams,106.8,82.0,122.5,lightgbm
2021,vet,00-0031285,Devonta Freeman,129.6,64.8,81.7,lightgbm
2021,vet,00-0035243,Miles Sanders,104.2,163.2,213.9,lightgbm
2021,vet,00-0034253,Dontrell Hilliard,63.2,10.9,62.2,lightgbm
2021,vet,00-0032972,Devontae Booker,124.10000000000001,51.0,80.4,lightgbm
2021,vet,00-0032780,Jordan Howard,61.5,30.1,,lightgbm
2021,vet,00-0033118,Kenyan Drake,87.5,141.8,119.9,lightgbm
2021,vet,00-0030513,Latavius Murray,98.60000000000001,71.3,88.1,lightgbm
2021,vet,00-0034972,Alexander Mattison,109.9,80.5,98.2,lightgbm
2021,vet,00-0032063,Mike Davis,116.2,121.8,171.0,lightgbm
2021,vet,00-0027966,Mark Ingram,95.10000000000001,80.2,90.4,lightgbm
2021,vet,00-0035628,D'Ernest Johnson,94.60000000000001,13.5,,lightgbm
2021,vet,00-0036251,Zack Moss,93.7,84.7,138.3,lightgbm
2021,vet,00-0034845,Sony Michel,135.8,36.7,117.0,lightgbm
2021,vet,00-0035567,Craig Reynolds,31.700000000000003,14.6,,lightgbm
2021,vet,00-0035537,Ty Johnson,100.00000000000001,57.3,98.9,lightgbm
2021,vet,00-0025394,Adrian Peterson,24.6,83.5,,lightgbm
2021,vet,00-0029239,Brandon Bolden,103.6,-4.5,57.8,lightgbm
2021,vet,00-0032426,Alex Collins,64.3,30.2,50.4,lightgbm
2021,vet,00-0034440,Justin Jackson,75.2,50.6,55.1,lightgbm
2021,vet,00-0030288,Rex Burkhead,91.8,82.0,61.3,lightgbm
2021,vet,00-0034367,Nyheim Hines,96.60000000000001,115.2,,lightgbm
2021,vet,00-0032187,David Johnson,65.3,143.5,97.4,lightgbm
2021,vet,00-0032741,Peyton Barber,44.900000000000006,28.8,,lightgbm
2021,vet,00-0036450,Ke'Shawn Vaughn,34.6,45.3,,lightgbm
2021,vet,00-0034115,Jeff Wilson,48.0,96.0,,lightgbm
2021,vet,00-0032104,Ameer Abdullah,70.5,28.8,14.7,lightgbm
2021,vet,00-0034816,Ronald Jones,74.2,133.9,85.4,lightgbm
2021,vet,00-0035187,Austin Walter,18.0,8.2,,lightgbm
2021,vet,00-0030496,Le'Veon Bell,35.6,79.0,89.7,lightgbm
2021,vet,00-0030874,Damien Williams,52.7,14.2,78.1,lightgbm
2021,vet,00-0033308,Matt Breida,39.199999999999996,21.5,,lightgbm
2021,vet,00-0033955,Jeremy McNichols,59.6,48.4,36.9,lightgbm
2021,vet,00-0032058,Tevin Coleman,46.0,35.7,103.9,lightgbm
2021,vet,00-0035594,Travis Homer,53.800000000000004,49.4,,lightgbm
2021,vet,00-0032975,Jonathan Williams,18.7,34.1,,lightgbm
2021,vet,00-0033526,Samaje Perine,69.7,45.1,,lightgbm
2021,vet,00-0033854,Dare Ogunbowale,43.6,63.4,,lightgbm
2021,vet,00-0036425,DeeJay Dallas,49.6,48.5,,lightgbm
2021,vet,00-0030456,Giovani Bernard,47.6,81.0,78.0,lightgbm
2021,vet,00-0031045,Carlos Hyde,39.800000000000004,83.4,88.6,lightgbm
2021,vet,00-0036096,J.J. Taylor,16.5,10.1,20.5,lightgbm
2021,vet,00-0033725,Corey Clement,25.9,19.2,,lightgbm
2021,vet,00-0034109,Phillip Lindsay,43.4,47.1,110.5,lightgbm
2021,vet,00-0031806,Malcolm Brown,21.0,38.3,82.0,lightgbm
2021,vet,00-0034614,Godwin Igwebuike,23.300000000000004,8.2,,lightgbm
2021,vet,00-0035806,JaMycal Hasty,40.0,41.2,,lightgbm
2021,vet,00-0036383,Eno Benjamin,25.0,7.9,,lightgbm
2021,vet,00-0036020,Salvon Ahmed,32.6,65.7,101.1,lightgbm
2021,vet,00-0035273,Qadree Ollison,17.700000000000003,15.0,,lightgbm
2021,vet,00-0034838,Royce Freeman,29.6,58.1,,lightgbm
2021,vet,00-0033950,Wayne Gallman,13.000000000000002,77.8,88.7,lightgbm
2021,vet,00-0033951,Marlon Mack,11.9,20.7,76.3,lightgbm
2021,vet,00-0035860,Tony Jones,19.6,11.3,117.1,lightgbm
2021,vet,00-0031376,Jerick McKinnon,29.4,61.3,80.5,lightgbm
2021,vet,00-0034208,Mike Boone,6.7,24.1,,lightgbm
2021,vet,00-0033025,Jalen Richard,17.2,41.1,,lightgbm
2021,vet,00-0036370,Joshua Kelley,14.5,27.4,,lightgbm
2021,vet,00-0034331,Jaylen Samuels,3.8000000000000003,32.4,,lightgbm
2021,vet,00-0036269,La'Mical Perine,3.1000000000000005,68.7,,lightgbm
2021,vet,00-0035924,Jonathan Ward,8.2,15.7,,lightgbm
2021,vet,00-0032450,Dwayne Washington,3.8,3.3,,lightgbm
2021,vet,00-0035217,Benny Snell,12.100000000000001,66.2,,lightgbm
2021,vet,00-0033296,Alex Armah,8.7,-0.5,,lightgbm
2021,vet,00-0035342,Patrick Laird,3.5999999999999996,20.9,,lightgbm
2021,vet,00-0036414,Cam Akers,2.8,93.9,3.4,lightgbm
2021,vet,00-0034799,Kalen Ballage,5.4,59.3,,lightgbm
2021,vet,00-0035726,Jakob Johnson,6.3,18.4,,lightgbm
2021,vet,00-0034433,Nick Bawden,2.5,4.9,,lightgbm
2021,vet,00-0034597,Ryan Nall,1.3,18.6,,lightgbm
2021,vet,00-0034164,Trenton Cannon,0.4,3.6,74.3,lightgbm
2021,vet,00-0034959,Andrew Beck,0.0,1.3,11.6,lightgbm
2021,vet,00-0035218,Sutton Smith,0.0,12.9,,lightgbm
2021,vet,00-0035304,Cullen Gillaspia,0.0,2.2,,lightgbm
2021,vet,00-0036799,Josh Johnson,0.0,6.3,,lightgbm
2021,vet,00-0028063,Taiwan Jones,0.0,7.0,,lightgbm
2021,vet,00-0030465,Kenjon Barner,0.0,11.6,,lightgbm
2021,vet,00-0031687,Raheem Mostert,2.0,75.5,156.4,lightgbm
2021,vet,00-0032782,Wendell Smallwood,6.7,4.0,14.6,lightgbm
2021,vet,00-0033567,Brian Hill,0.0,56.2,,lightgbm
2021,vet,00-0034184,Gus Edwards,0.0,77.7,,lightgbm
2021,vet,00-0034378,Ito Smith,6.4,38.4,,lightgbm
2021,vet,00-0034400,Jordan Wilkins,0.0,30.4,,lightgbm
2021,vet,00-0034449,Buddy Howell,1.1,10.2,,lightgbm
2021,vet,00-0034578,Reggie Bonnafon,2.6,25.2,,lightgbm
2021,vet,00-0034808,John Kelly,1.3,6.3,,lightgbm
2021,vet,00-0034975,Justice Hill,0.0,13.2,,lightgbm
2021,vet,00-0035184,Devine Ozigbo,0.9,11.6,,lightgbm
2021,vet,00-0035268,Ryquell Armstead,11.100000000000001,11.5,,lightgbm
2021,vet,00-0035291,Trayveon Williams,6.0,37.7,,lightgbm
2021,vet,00-0035835,Nathan Cottrell,0.30000000000000004,3.3,,lightgbm
2021,vet,00-0035957,Rodney Smith,7.300000000000001,44.6,,lightgbm
2021,vet,00-0036069,Scottie Phillips,3.2,9.7,,lightgbm
2021,vet,00-0036139,Rico Dowdle,0.0,21.5,,lightgbm
2021,vet,00-0036158,J.K. Dobbins,0.0,136.1,,lightgbm
2021,vet,00-0036208,Artavis Pierce,0.0,10.6,,lightgbm
2021,vet,00-0036278,Jason Huntley,5.1000000000000005,16.3,,lightgbm
2021,vet,00-0036297,Darrynton Evans,2.8,33.2,83.5,lightgbm
2021,vet,00-0036336,Anthony McFarland,1.9000000000000001,53.1,,lightgbm
2022,vet,00-0032764,Derrick Henry,286.26,164.2,263.0,lightgbm
2022,vet,00-0035700,Josh Jacobs,301.8,176.1,245.6,lightgbm
2022,vet,00-0033699,Austin Ekeler,319.2,162.9,244.6,lightgbm
2022,vet,00-0034791,Nick Chubb,267.90000000000003,194.3,263.5,lightgbm
2022,vet,00-0033280,Christian McCaffrey,313.86,173.5,277.1,lightgbm
2022,vet,00-0034844,Saquon Barkley,255.5,162.7,274.3,lightgbm
2022,vet,00-0033553,James Conner,177.2,149.6,206.6,lightgbm
2022,vet,00-0033948,Jamaal Williams,219.9,62.4,202.5,lightgbm
2022,vet,00-0033293,Aaron Jones,219.10000000000002,181.2,230.4,lightgbm
2022,vet,00-0035261,Tony Pollard,229.3,117.7,182.7,lightgbm
2022,vet,00-0036875,Rhamondre Stevenson,214.60000000000002,82.0,212.2,lightgbm
2022,vet,00-0033897,Joe Mixon,209.5,161.4,250.0,lightgbm
2022,vet,00-0033906,Alvin Kamara,183.2,179.8,240.2,lightgbm
2022,vet,00-0033893,Dalvin Cook,218.3,183.9,237.6,lightgbm
2022,vet,00-0036893,Najee Harris,204.96,217.1,227.8,lightgbm
2022,vet,00-0036223,Jonathan Taylor,132.4,203.9,237.6,lightgbm
2022,vet,00-0036275,D'Andre Swift,167.1,163.6,228.3,lightgbm
2022,vet,00-0033856,Leonard Fournette,189.6,159.9,236.1,lightgbm
2022,vet,00-0030578,Cordarrelle Patterson,144.20000000000002,115.5,188.2,lightgbm
2022,vet,00-0030513,Latavius Murray,140.7,68.0,76.2,lightgbm
2022,vet,00-0033045,Ezekiel Elliott,177.3,149.9,209.9,lightgbm
2022,vet,00-0035243,Miles Sanders,206.70000000000002,74.9,199.4,lightgbm
2022,vet,00-0035685,David Montgomery,160.70000000000002,170.4,193.8,lightgbm
2022,vet,00-0034750,Rashaad Penny,50.2,101.4,,lightgbm
2022,vet,00-0036973,Travis Etienne,187.6,30.7,171.4,lightgbm
2022,vet,00-0031687,Raheem Mostert,152.8,37.5,188.5,lightgbm
2022,vet,00-0036328,Antonio Gibson,142.9,159.7,151.2,lightgbm
2022,vet,00-0036265,AJ Dillon,153.6,120.4,178.4,lightgbm
2022,vet,00-0036414,Cam Akers,134.8,22.5,187.2,lightgbm
2022,vet,00-0036360,Clyde Edwards-Helaire,89.8,96.7,189.7,lightgbm
2022,vet,00-0035250,Devin Singletary,158.9,137.0,189.2,lightgbm
2022,vet,00-0036906,Khalil Herbert,113.30000000000001,47.9,159.4,lightgbm
2022,vet,00-0034115,Jeff Wilson,147.5,42.2,71.9,lightgbm
2022,vet,00-0036158,J.K. Dobbins,77.7,28.4,213.8,lightgbm
2022,vet,00-0036997,Javonte Williams,34.0,105.3,,lightgbm
2022,vet,00-0031376,Jerick McKinnon,168.3,44.9,74.4,lightgbm
2022,vet,00-0033118,Kenyan Drake,95.60000000000001,70.8,60.1,lightgbm
2022,vet,00-0033925,D'Onta Foreman,128.5,53.8,163.5,lightgbm
2022,vet,00-0035831,James Robinson,83.1,182.2,211.2,lightgbm
2022,vet,00-0035657,Damien Harris,82.4,132.6,177.9,lightgbm
2022,vet,00-0032144,Melvin Gordon,74.6,122.4,203.1,lightgbm
2022,vet,00-0033951,Marlon Mack,34.3,36.9,34.7,lightgbm
2022,vet,00-0036924,Michael Carter,105.5,110.4,160.4,lightgbm
2022,vet,00-0035664,Darrell Henderson,65.0,124.7,173.3,lightgbm
2022,vet,00-0033526,Samaje Perine,123.10000000000001,38.8,107.7,lightgbm
2022,vet,00-0033923,Kareem Hunt,109.3,101.6,183.5,lightgbm
2022,vet,00-0036567,Elijah Mitchell,42.1,134.8,103.0,lightgbm
2022,vet,00-0034184,Gus Edwards,59.300000000000004,14.4,71.0,lightgbm
2022,vet,00-0034253,Dontrell Hilliard,66.7,64.5,123.1,lightgbm
2022,vet,00-0036555,Chuba Hubbard,82.7,43.9,150.2,lightgbm
2022,vet,00-0036383,Eno Benjamin,77.10000000000001,45.0,108.3,lightgbm
2022,vet,00-0036493,Deon Jackson,69.5,19.2,,lightgbm
2022,vet,00-0032602,J.D. McKissic,42.300000000000004,69.1,104.5,lightgbm
2022,vet,00-0032058,Tevin Coleman,20.5,56.9,,lightgbm
2022,vet,00-0034681,Chase Edmonds,66.2,97.3,114.9,lightgbm
2022,vet,00-0036251,Zack Moss,59.0,79.7,,lightgbm
2022,vet,00-0034972,Alexander Mattison,80.9,58.1,148.6,lightgbm
2022,vet,00-0035217,Benny Snell,17.7,33.3,,lightgbm
2022,vet,00-0027966,Mark Ingram,42.1,70.1,131.6,lightgbm
2022,vet,00-0036370,Joshua Kelley,57.800000000000004,42.9,30.5,lightgbm
2022,vet,00-0034838,Royce Freeman,16.0,63.0,,lightgbm
2022,vet,00-0034109,Phillip Lindsay,11.8,27.2,,lightgbm
2022,vet,00-0033725,Corey Clement,19.4,45.1,,lightgbm
2022,vet,00-0034301,Darrel Williams,19.1,93.9,79.0,lightgbm
2022,vet,00-0036919,Kenneth Gainwell,76.4,86.3,,lightgbm
2022,vet,00-0034440,Justin Jackson,45.1,69.7,,lightgbm
2022,vet,00-0034367,Nyheim Hines,66.4,73.8,,lightgbm
2022,vet,00-0035594,Travis Homer,35.1,53.1,,lightgbm
2022,vet,00-0036842,Kene Nwangwu,10.5,27.2,,lightgbm
2022,vet,00-0035537,Ty Johnson,36.800000000000004,74.0,30.5,lightgbm
2022,vet,00-0035806,JaMycal Hasty,60.0,37.1,,lightgbm
2022,vet,00-0030288,Rex Burkhead,52.900000000000006,81.5,,lightgbm
2022,vet,00-0035567,Craig Reynolds,26.3,37.9,,lightgbm
2022,vet,00-0033854,Dare Ogunbowale,38.7,19.5,,lightgbm
2022,vet,00-0034400,Jordan Wilkins,11.700000000000001,9.8,,lightgbm
2022,vet,00-0032975,Jonathan Williams,22.700000000000003,20.2,,lightgbm
2022,vet,00-0032104,Ameer Abdullah,41.6,52.4,,lightgbm
2022,vet,00-0034208,Mike Boone,24.3,11.2,,lightgbm
2022,vet,00-0033308,Matt Breida,49.800000000000004,37.1,,lightgbm
2022,vet,00-0036297,Darrynton Evans,10.200000000000001,17.5,17.1,lightgbm
2022,vet,00-0036425,DeeJay Dallas,37.7,43.4,,lightgbm
2022,vet,00-0034414,Boston Scott,43.7,73.5,,lightgbm
2022,vet,00-0029239,Brandon Bolden,22.8,44.9,71.6,lightgbm
2022,vet,00-0031806,Malcolm Brown,20.3,48.2,,lightgbm
2022,vet,00-0034975,Justice Hill,36.0,8.0,,lightgbm
2022,vet,00-0034816,Ronald Jones,15.7,77.1,56.4,lightgbm
2022,vet,00-0036569,Gary Brightwell,26.5,5.3,,lightgbm
2022,vet,00-0034845,Sony Michel,20.400000000000002,86.9,88.7,lightgbm
2022,vet,00-0035860,Tony Jones,7.9,34.1,,lightgbm
2022,vet,00-0036950,Avery Williams,29.5,8.8,,lightgbm
2022,vet,00-0036020,Salvon Ahmed,13.700000000000001,30.0,,lightgbm
2022,vet,00-0036650,Larry Rountree III,4.300000000000001,44.8,,lightgbm
2022,vet,00-0032187,David Johnson,7.100000000000001,65.7,16.0,lightgbm
2022,vet,00-0036857,Chris Evans,11.3,42.4,,lightgbm
2022,vet,00-0036450,Ke'Shawn Vaughn,8.7,71.2,,lightgbm
2022,vet,00-0035291,Trayveon Williams,7.0,5.7,,lightgbm
2022,vet,00-0035973,Patrick Taylor,5.300000000000001,18.5,21.7,lightgbm
2022,vet,00-0034959,Andrew Beck,9.4,6.9,,lightgbm
2022,vet,00-0035628,D'Ernest Johnson,3.9,72.3,,lightgbm
2022,vet,00-0032450,Dwayne Washington,5.0,4.3,,lightgbm
2022,vet,00-0032063,Mike Davis,3.2,56.8,60.3,lightgbm
2022,vet,00-0035184,Devine Ozigbo,1.2,6.9,,lightgbm
2022,vet,00-0036543,Spencer Brown,6.300000000000001,12.7,,lightgbm
2022,vet,00-0036727,Adam Prentice,3.3,6.6,,lightgbm
2022,vet,00-0036654,Demetric Felton,1.4,28.2,,lightgbm
2022,vet,00-0035726,Jakob Johnson,3.5,3.2,,lightgbm
2022,vet,00-0028063,Taiwan Jones,0.0,4.9,,lightgbm
2022,vet,00-0035304,Cullen Gillaspia,0.0,1.7,,lightgbm
2022,vet,00-0036139,Rico Dowdle,0.0,0.4,,lightgbm
2022,vet,00-0030456,Giovani Bernard,3.7,45.4,,lightgbm
2022,vet,00-0030874,Damien Williams,0.2,36.0,,lightgbm
2022,vet,00-0032257,Duke Johnson,0.4,66.0,,lightgbm
2022,vet,00-0032780,Jordan Howard,0.1,61.7,,lightgbm
2022,vet,00-0033296,Alex Armah,0.0,6.6,,lightgbm
2022,vet,00-0033955,Jeremy McNichols,0.0,46.2,,lightgbm
2022,vet,00-0034164,Trenton Cannon,0.0,9.0,,lightgbm
2022,vet,00-0034433,Nick Bawden,0.0,4.2,,lightgbm
2022,vet,00-0034578,Reggie Bonnafon,0.8,15.2,,lightgbm
2022,vet,00-0034614,Godwin Igwebuike,1.2000000000000002,35.2,15.9,lightgbm
2022,vet,00-0034808,John Kelly,0.0,4.9,,lightgbm
2022,vet,00-0035273,Qadree Ollison,0.0,34.5,,lightgbm
2022,vet,00-0035311,Myles Gaskin,7.4,101.7,,lightgbm
2022,vet,00-0035715,Derrick Gore,0.0,21.2,,lightgbm
2022,vet,00-0035924,Jonathan Ward,4.2,10.0,,lightgbm
2022,vet,00-0036096,J.J. Taylor,2.2,17.1,32.9,lightgbm
2022,vet,00-0036269,La'Mical Perine,0.0,7.8,,lightgbm
2022,vet,00-0036336,Anthony McFarland,5.1000000000000005,9.8,,lightgbm
2022,vet,00-0036457,Ty'Son Williams,1.0,50.2,,lightgbm
2022,vet,00-0036669,Kylin Hill,0.7000000000000001,2.8,,lightgbm
2022,vet,00-0036670,Jermar Jefferson,0.0,37.9,31.9,lightgbm
2022,vet,00-0036755,Jaret Patterson,7.800000000000001,49.8,,lightgbm
2022,vet,00-0036860,Jake Funk,0.0,4.2,,lightgbm
2022,vet,00-0036984,Trey Sermon,1.9000000000000001,61.3,,lightgbm
2023,vet,00-0033280,Christian McCaffrey,357.8,213.7,309.0,lightgbm
2023,vet,00-0037840,Kyren Williams,239.0,43.5,,lightgbm
2023,vet,00-0031687,Raheem Mostert,255.20000000000002,88.2,156.2,lightgbm
2023,vet,00-0033906,Alvin Kamara,195.5,171.1,174.0,lightgbm
2023,vet,00-0036973,Travis Etienne,253.4,146.7,217.1,lightgbm
2023,vet,00-0038120,Breece Hall,252.5,175.5,184.4,lightgbm
2023,vet,00-0036223,Jonathan Taylor,146.9,161.6,178.3,lightgbm
2023,vet,00-0034844,Saquon Barkley,202.70000000000002,137.1,228.5,lightgbm
2023,vet,00-0033553,James Conner,188.0,189.5,178.2,lightgbm
2023,vet,00-0033897,Joe Mixon,241.0,240.8,201.7,lightgbm
2023,vet,00-0032764,Derrick Henry,232.66000000000003,139.6,230.4,lightgbm
2023,vet,00-0035700,Josh Jacobs,162.6,222.8,221.5,lightgbm
2023,vet,00-0037256,Rachaad White,235.9,49.4,172.1,lightgbm
2023,vet,00-0038134,Kenneth Walker III,184.9,167.7,194.8,lightgbm
2023,vet,00-0037746,Brian Robinson,180.10000000000002,85.3,165.5,lightgbm
2023,vet,00-0035685,David Montgomery,199.2,134.5,212.7,lightgbm
2023,vet,00-0033699,Austin Ekeler,159.9,198.4,260.7,lightgbm
2023,vet,00-0036251,Zack Moss,156.1,29.4,78.0,lightgbm
2023,vet,00-0037248,James Cook,210.70000000000002,84.7,165.0,lightgbm
2023,vet,00-0035261,Tony Pollard,195.1,131.4,212.9,lightgbm
2023,vet,00-0037197,Isiah Pacheco,191.9,92.1,166.0,lightgbm
2023,vet,00-0036275,D'Andre Swift,179.8,190.2,179.9,lightgbm
2023,vet,00-0036875,Rhamondre Stevenson,126.7,156.6,203.6,lightgbm
2023,vet,00-0037267,Jerome Ford,189.20000000000002,9.3,170.2,lightgbm
2023,vet,00-0036893,Najee Harris,181.0,143.6,202.9,lightgbm
2023,vet,00-0036997,Javonte Williams,155.70000000000002,85.1,180.9,lightgbm
2023,vet,00-0035664,Darrell Henderson,38.5,58.2,,lightgbm
2023,vet,00-0036555,Chuba Hubbard,163.0,97.2,108.8,lightgbm
2023,vet,00-0034184,Gus Edwards,181.0,38.2,146.4,lightgbm
2023,vet,00-0033925,D'Onta Foreman,85.7,86.0,64.9,lightgbm
2023,vet,00-0033293,Aaron Jones,119.9,159.2,187.6,lightgbm
2023,vet,00-0037228,Jaylen Warren,165.9,63.0,111.8,lightgbm
2023,vet,00-0033045,Ezekiel Elliott,149.0,145.3,108.8,lightgbm
2023,vet,00-0036906,Khalil Herbert,102.50000000000001,95.4,146.5,lightgbm
2023,vet,00-0035250,Devin Singletary,152.34,113.1,119.3,lightgbm
2023,vet,00-0037263,Tyler Allgeier,128.6,108.9,127.6,lightgbm
2023,vet,00-0034972,Alexander Mattison,118.2,58.2,178.8,lightgbm
2023,vet,00-0036265,AJ Dillon,106.60000000000001,97.9,167.1,lightgbm
2023,vet,00-0037276,Ty Chandler,90.5,22.6,62.9,lightgbm
2023,vet,00-0033923,Kareem Hunt,111.0,69.6,80.9,lightgbm
2023,vet,00-0036328,Antonio Gibson,103.4,119.6,136.1,lightgbm
2023,vet,00-0036414,Cam Akers,41.2,114.0,96.4,lightgbm
2023,vet,00-0033526,Samaje Perine,96.30000000000001,48.5,133.8,lightgbm
2023,vet,00-0031376,Jerick McKinnon,71.86,80.6,101.4,lightgbm
2023,vet,00-0037258,Dameon Pierce,76.2,99.6,201.1,lightgbm
2023,vet,00-0034975,Justice Hill,95.30000000000001,62.3,116.4,lightgbm
2023,vet,00-0037286,Kevin Harris,19.8,24.6,,lightgbm
2023,vet,00-0036139,Rico Dowdle,83.0,7.3,53.5,lightgbm
2023,vet,00-0036919,Kenneth Gainwell,82.38000000000001,85.7,,lightgbm
2023,vet,00-0035243,Miles Sanders,74.10000000000001,125.9,182.4,lightgbm
2023,vet,00-0034838,Royce Freeman,45.7,35.1,,lightgbm
2023,vet,00-0032144,Melvin Gordon,18.2,71.5,,lightgbm
2023,vet,00-0038040,Zamir White,66.4,6.1,72.9,lightgbm
2023,vet,00-0036297,Darrynton Evans,26.5,15.9,12.7,lightgbm
2023,vet,00-0036020,Salvon Ahmed,34.9,16.6,53.2,lightgbm
2023,vet,00-0030513,Latavius Murray,74.4,97.4,,lightgbm
2023,vet,00-0035860,Tony Jones,28.700000000000003,7.4,3.7,lightgbm
2023,vet,00-0033948,Jamaal Williams,51.800000000000004,125.1,139.9,lightgbm
2023,vet,00-0029239,Brandon Bolden,11.1,23.2,,lightgbm
2023,vet,00-0037525,Jordan Mason,43.2,40.4,,lightgbm
2023,vet,00-0036370,Joshua Kelley,57.7,45.2,125.1,lightgbm
2023,vet,00-0036360,Clyde Edwards-Helaire,61.60000000000001,103.4,76.7,lightgbm
2023,vet,00-0036567,Elijah Mitchell,44.5,55.0,104.6,lightgbm
2023,vet,00-0036924,Michael Carter,46.8,79.0,47.7,lightgbm
2023,vet,00-0034115,Jeff Wilson,34.300000000000004,90.9,,lightgbm
2023,vet,00-0035657,Damien Harris,18.0,59.2,111.7,lightgbm
2023,vet,00-0035537,Ty Johnson,28.900000000000002,53.1,,lightgbm
2023,vet,00-0038098,Pierre Strong,40.300000000000004,34.0,74.6,lightgbm
2023,vet,00-0036269,La'Mical Perine,12.5,4.4,4.4,lightgbm
2023,vet,00-0030578,Cordarrelle Patterson,32.400000000000006,54.7,61.8,lightgbm
2023,vet,00-0036569,Gary Brightwell,9.1,50.9,,lightgbm
2023,vet,00-0033308,Matt Breida,38.400000000000006,63.7,,lightgbm
2023,vet,00-0037557,Ronnie Rivers,17.6,13.2,,lightgbm
2023,vet,00-0034681,Chase Edmonds,32.7,19.4,,lightgbm
2023,vet,00-0030874,Damien Williams,6.5,26.2,,lightgbm
2023,vet,00-0033893,Dalvin Cook,32.7,196.6,151.9,lightgbm
2023,vet,00-0034959,Andrew Beck,33.3,2.6,11.5,lightgbm
2023,vet,00-0035973,Patrick Taylor,24.5,2.3,11.2,lightgbm
2023,vet,00-0032104,Ameer Abdullah,31.5,37.2,,lightgbm
2023,vet,00-0038045,Isaiah Spiller,16.0,14.1,,lightgbm
2023,vet,00-0035628,D'Ernest Johnson,29.8,21.0,,lightgbm
2023,vet,00-0037299,Keaontay Ingram,12.000000000000002,19.3,70.2,lightgbm
2023,vet,00-0035567,Craig Reynolds,29.099999999999998,35.4,,lightgbm
2023,vet,00-0036984,Trey Sermon,18.8,20.2,,lightgbm
2023,vet,00-0034414,Boston Scott,15.8,53.8,,lightgbm
2023,vet,00-0034750,Rashaad Penny,4.300000000000001,67.1,91.5,lightgbm
2023,vet,00-0037429,Raheem Blackshear,14.1,39.1,,lightgbm
2023,vet,00-0034208,Mike Boone,9.8,26.5,4.7,lightgbm
2023,vet,00-0036450,Ke'Shawn Vaughn,5.4,33.2,,lightgbm
2023,vet,00-0036425,DeeJay Dallas,9.2,43.9,,lightgbm
2023,vet,00-0033118,Kenyan Drake,2.1,36.0,,lightgbm
2023,vet,00-0037745,Velus Jones Jr.,9.1,47.6,,lightgbm
2023,vet,00-0035291,Trayveon Williams,11.4,9.3,,lightgbm
2023,vet,00-0033854,Dare Ogunbowale,6.300000000000001,22.1,12.3,lightgbm
2023,vet,00-0034433,Nick Bawden,10.0,1.6,,lightgbm
2023,vet,00-0035715,Derrick Gore,2.6000000000000005,2.6,,lightgbm
2023,vet,00-0036842,Kene Nwangwu,1.3,26.3,,lightgbm
2023,vet,00-0033296,Alex Armah,2.8,0.9,,lightgbm
2023,vet,00-0035924,Jonathan Ward,1.1,8.1,,lightgbm
2023,vet,00-0036857,Chris Evans,1.6,8.4,,lightgbm
2023,vet,00-0035726,Jakob Johnson,1.7000000000000002,5.9,,lightgbm
2023,vet,00-0036727,Adam Prentice,1.4000000000000001,3.8,,lightgbm
2023,vet,00-0035594,Travis Homer,0.0,28.7,,lightgbm
2023,vet,00-0032450,Dwayne Washington,0.0,14.1,,lightgbm
2023,vet,00-0032975,Jonathan Williams,-0.2,28.8,,lightgbm
2023,vet,00-0033856,Leonard Fournette,4.0,143.8,51.0,lightgbm
2023,vet,00-0033955,Jeremy McNichols,0.0,4.6,,lightgbm
2023,vet,00-0034367,Nyheim Hines,0.0,42.9,,lightgbm
2023,vet,00-0034614,Godwin Igwebuike,0.0,2.1,,lightgbm
2023,vet,00-0034791,Nick Chubb,21.1,205.1,,lightgbm
2023,vet,00-0034808,John Kelly,0.0,3.6,,lightgbm
2023,vet,00-0035184,Devine Ozigbo,1.8,11.2,,lightgbm
2023,vet,00-0035311,Myles Gaskin,0.0,42.7,65.2,lightgbm
2023,vet,00-0035806,JaMycal Hasty,0.0,52.8,,lightgbm
2023,vet,00-0035831,James Robinson,0.5,93.9,,lightgbm
2023,vet,00-0036096,J.J. Taylor,0.0,17.0,17.4,lightgbm
2023,vet,00-0036158,J.K. Dobbins,10.7,101.7,,lightgbm
2023,vet,00-0036336,Anthony McFarland,2.1,11.2,,lightgbm
2023,vet,00-0036493,Deon Jackson,1.5000000000000002,25.4,68.6,lightgbm
2023,vet,00-0036670,Jermar Jefferson,0.0,17.0,,lightgbm
2023,vet,00-0036755,Jaret Patterson,0.0,23.9,,lightgbm
2023,vet,00-0036860,Jake Funk,2.7,2.8,,lightgbm
2023,vet,00-0036950,Avery Williams,0.0,49.8,,lightgbm
2023,vet,00-0037085,Tyler Badie,0.0,45.1,21.8,lightgbm
2023,vet,00-0037157,Bam Knight,2.6,35.1,,lightgbm
2023,vet,00-0037329,Brittain Brown,0.0,1.3,,lightgbm
2023,vet,00-0037456,Troy Hairston,0.0,10.0,,lightgbm
2023,vet,00-0037563,Malik Davis,0.0,34.9,,lightgbm
2023,vet,00-0037594,Julius Chestnut,0.0,18.0,,lightgbm
2023,vet,00-0037617,Hassan Haskins,0.0,25.1,,lightgbm
2023,vet,00-0037827,Tyrion Davis-Price,2.1,18.5,,lightgbm
2024,vet,00-0039139,Jahmyr Gibbs,336.9,160.1,208.7,lightgbm
2024,vet,00-0038542,Bijan Robinson,311.2,164.4,239.8,lightgbm
2024,vet,00-0032764,Derrick Henry,326.90000000000003,159.9,278.0,lightgbm
2024,vet,00-0034844,Saquon Barkley,338.8,205.0,260.2,lightgbm
2024,vet,00-0036223,Jonathan Taylor,235.70000000000002,172.2,227.3,lightgbm
2024,vet,00-0033906,Alvin Kamara,231.3,176.3,211.3,lightgbm
2024,vet,00-0039040,De'Von Achane,260.90000000000003,188.8,213.7,lightgbm
2024,vet,00-0035700,Josh Jacobs,275.1,200.5,202.0,lightgbm
2024,vet,00-0036555,Chuba Hubbard,220.10000000000002,111.2,178.1,lightgbm
2024,vet,00-0033553,James Conner,230.3,163.9,175.3,lightgbm
2024,vet,00-0038134,Kenneth Walker III,158.2,161.3,181.1,lightgbm
2024,vet,00-0038597,Chase Brown,228.0,44.1,143.5,lightgbm
2024,vet,00-0037840,Kyren Williams,255.1,140.9,209.0,lightgbm
2024,vet,00-0033897,Joe Mixon,222.5,168.8,204.2,lightgbm
2024,vet,00-0035685,David Montgomery,203.72,147.6,182.3,lightgbm
2024,vet,00-0038120,Breece Hall,212.4,185.5,256.7,lightgbm
2024,vet,00-0037248,James Cook,250.70000000000002,145.1,200.7,lightgbm
2024,vet,00-0036158,J.K. Dobbins,175.8,66.7,152.5,lightgbm
2024,vet,00-0033293,Aaron Jones,216.10000000000002,132.3,181.6,lightgbm
2024,vet,00-0036275,D'Andre Swift,193.5,141.3,202.9,lightgbm
2024,vet,00-0035261,Tony Pollard,180.20000000000002,127.0,200.2,lightgbm
2024,vet,00-0036139,Rico Dowdle,178.3,46.1,118.5,lightgbm
2024,vet,00-0036875,Rhamondre Stevenson,159.4,61.8,196.6,lightgbm
2024,vet,00-0036893,Najee Harris,186.6,134.7,181.6,lightgbm
2024,vet,00-0037256,Rachaad White,174.1,133.8,194.3,lightgbm
2024,vet,00-0036924,Michael Carter,30.3,38.6,29.0,lightgbm
2024,vet,00-0033280,Christian McCaffrey,40.300000000000004,192.8,250.4,lightgbm
2024,vet,00-0039165,Zach Charbonnet,165.9,93.1,98.2,lightgbm
2024,vet,00-0037525,Jordan Mason,109.5,37.6,88.7,lightgbm
2024,vet,00-0033923,Kareem Hunt,143.9,50.5,87.0,lightgbm
2024,vet,00-0037746,Brian Robinson,149.8,125.0,174.9,lightgbm
2024,vet,00-0036251,Zack Moss,70.4,90.9,154.9,lightgbm
2024,vet,00-0034972,Alexander Mattison,119.4,71.3,127.0,lightgbm
2024,vet,00-0038555,Tank Bigsby,125.5,28.1,127.0,lightgbm
2024,vet,00-0037267,Jerome Ford,115.5,110.8,134.1,lightgbm
2024,vet,00-0039032,Tyjae Spears,98.60000000000001,126.4,119.8,lightgbm
2024,vet,00-0033699,Austin Ekeler,114.8,122.5,118.8,lightgbm
2024,vet,00-0034791,Nick Chubb,60.8,115.9,136.6,lightgbm
2024,vet,00-0032104,Ameer Abdullah,105.2,45.4,27.9,lightgbm
2024,vet,00-0036973,Travis Etienne,110.7,170.8,203.5,lightgbm
2024,vet,00-0036997,Javonte Williams,131.9,99.4,160.6,lightgbm
2024,vet,00-0037228,Jaylen Warren,105.10000000000001,95.8,136.4,lightgbm
2024,vet,00-0034975,Justice Hill,106.10000000000001,49.4,81.5,lightgbm
2024,vet,00-0035243,Miles Sanders,65.30000000000001,54.2,30.8,lightgbm
2024,vet,00-0037263,Tyler Allgeier,99.7,91.3,116.0,lightgbm
2024,vet,00-0035250,Devin Singletary,86.10000000000001,107.7,156.5,lightgbm
2024,vet,00-0036328,Antonio Gibson,91.9,80.7,102.1,lightgbm
2024,vet,00-0036414,Cam Akers,86.2,35.6,44.2,lightgbm
2024,vet,00-0038951,Sean Tucker,64.2,15.2,78.4,lightgbm
2024,vet,00-0039021,Roschon Johnson,69.4,79.7,56.8,lightgbm
2024,vet,00-0034184,Gus Edwards,62.6,104.7,147.0,lightgbm
2024,vet,00-0037197,Isiah Pacheco,50.900000000000006,149.8,215.4,lightgbm
2024,vet,00-0038797,Emanuel Wilson,90.5,8.1,82.8,lightgbm
2024,vet,00-0038794,Jaleel McLaughlin,85.2,87.2,114.9,lightgbm
2024,vet,00-0031687,Raheem Mostert,61.400000000000006,105.5,145.8,lightgbm
2024,vet,00-0038551,Kendre Miller,26.6,42.4,55.7,lightgbm
2024,vet,00-0038611,Chris Rodriguez Jr.,31.0,52.6,44.1,lightgbm
2024,vet,00-0035537,Ty Johnson,82.7,30.8,45.1,lightgbm
2024,vet,00-0035973,Patrick Taylor,28.3,26.4,22.6,lightgbm
2024,vet,00-0038705,Emari Demercado,46.7,34.0,48.1,lightgbm
2024,vet,00-0037258,Dameon Pierce,42.5,53.0,70.8,lightgbm
2024,vet,00-0033045,Ezekiel Elliott,51.5,69.8,102.8,lightgbm
2024,vet,00-0033526,Samaje Perine,67.4,64.6,69.6,lightgbm
2024,vet,00-0038040,Zamir White,26.3,47.8,112.7,lightgbm
2024,vet,00-0036425,DeeJay Dallas,19.5,5.5,,lightgbm
2024,vet,00-0033955,Jeremy McNichols,59.300000000000004,2.8,,lightgbm
2024,vet,00-0036984,Trey Sermon,45.800000000000004,17.3,56.3,lightgbm
2024,vet,00-0033925,D'Onta Foreman,29.6,51.6,54.6,lightgbm
2024,vet,00-0037557,Ronnie Rivers,15.8,24.8,,lightgbm
2024,vet,00-0038685,Chris Brooks,36.7,24.6,19.4,lightgbm
2024,vet,00-0038636,Kenny McIntosh,20.9,3.7,7.5,lightgbm
2024,vet,00-0036919,Kenneth Gainwell,54.6,55.3,,lightgbm
2024,vet,00-0037120,Tyler Goodson,38.900000000000006,12.9,50.1,lightgbm
2024,vet,00-0033854,Dare Ogunbowale,46.5,11.6,,lightgbm
2024,vet,00-0030578,Cordarrelle Patterson,31.500000000000004,49.7,33.8,lightgbm
2024,vet,00-0038098,Pierre Strong,28.200000000000003,48.0,,lightgbm
2024,vet,00-0033948,Jamaal Williams,32.6,26.5,69.8,lightgbm
2024,vet,00-0035628,D'Ernest Johnson,29.900000000000002,21.5,,lightgbm
2024,vet,00-0038678,Jordan Mims,20.1,13.4,17.0,lightgbm
2024,vet,00-0037617,Hassan Haskins,31.3,31.9,6.7,lightgbm
2024,vet,00-0036906,Khalil Herbert,26.5,46.9,65.7,lightgbm
2024,vet,00-0035806,JaMycal Hasty,23.8,4.3,31.1,lightgbm
2024,vet,00-0037085,Tyler Badie,7.9,30.7,25.2,lightgbm
2024,vet,00-0037276,Ty Chandler,25.400000000000002,79.5,100.1,lightgbm
2024,vet,00-0038622,Deuce Vaughn,10.3,13.1,30.8,lightgbm
2024,vet,00-0038454,Keaton Mitchell,6.300000000000001,26.9,39.0,lightgbm
2024,vet,00-0035567,Craig Reynolds,19.400000000000002,34.7,27.3,lightgbm
2024,vet,00-0036096,J.J. Taylor,5.4,4.3,23.6,lightgbm
2024,vet,00-0038738,Hunter Luepke,20.900000000000002,6.8,,lightgbm
2024,vet,00-0037594,Julius Chestnut,12.3,8.6,,lightgbm
2024,vet,00-0034208,Mike Boone,5.4,19.8,18.1,lightgbm
2024,vet,00-0038396,Eric Gray,14.3,9.7,57.5,lightgbm
2024,vet,00-0034115,Jeff Wilson,9.100000000000001,36.4,21.5,lightgbm
2024,vet,00-0037429,Raheem Blackshear,8.0,14.6,,lightgbm
2024,vet,00-0035594,Travis Homer,4.9,0.5,,lightgbm
2024,vet,00-0035924,Jonathan Ward,2.2,2.6,,lightgbm
2024,vet,00-0038489,Ben VanSumeren,0.5,9.2,,lightgbm
2024,vet,00-0034959,Andrew Beck,0.0,10.0,,lightgbm
2024,vet,00-0035291,Trayveon Williams,0.0,14.6,,lightgbm
2024,vet,00-0035726,Jakob Johnson,0.0,4.8,,lightgbm
2024,vet,00-0036727,Adam Prentice,0.0,12.7,,lightgbm
2024,vet,00-0036950,Avery Williams,0.0,9.1,,lightgbm
2024,vet,00-0033893,Dalvin Cook,3.5,57.4,51.1,lightgbm
2024,vet,00-0034367,Nyheim Hines,0.0,23.0,,lightgbm
2024,vet,00-0034681,Chase Edmonds,0.0,41.8,28.6,lightgbm
2024,vet,00-0034808,John Kelly,0.0,8.9,,lightgbm
2024,vet,00-0035311,Myles Gaskin,1.5,18.2,4.7,lightgbm
2024,vet,00-0035860,Tony Jones,11.5,35.1,,lightgbm
2024,vet,00-0036265,AJ Dillon,0.0,64.6,,lightgbm
2024,vet,00-0036297,Darrynton Evans,0.30000000000000004,28.3,,lightgbm
2024,vet,00-0036360,Clyde Edwards-Helaire,8.5,55.8,49.0,lightgbm
2024,vet,00-0036370,Joshua Kelley,0.2,51.9,25.5,lightgbm
2024,vet,00-0036450,Ke'Shawn Vaughn,0.4,13.7,,lightgbm
2024,vet,00-0036567,Elijah Mitchell,0.0,40.0,,lightgbm
2024,vet,00-0036569,Gary Brightwell,0.0,9.5,,lightgbm
2024,vet,00-0036670,Jermar Jefferson,3.7,0.7,,lightgbm
2024,vet,00-0036755,Jaret Patterson,0.0,50.0,7.5,lightgbm
2024,vet,00-0036842,Kene Nwangwu,6.0,7.8,7.0,lightgbm
2024,vet,00-0037157,Bam Knight,0.0,19.8,,lightgbm
2024,vet,00-0037299,Keaontay Ingram,0.0,10.0,5.0,lightgbm
2024,vet,00-0037329,Brittain Brown,0.0,1.9,,lightgbm
2024,vet,00-0037456,Troy Hairston,0.0,2.0,,lightgbm
2024,vet,00-0037563,Malik Davis,0.0,5.8,,lightgbm
2024,vet,00-0037745,Velus Jones Jr.,2.4000000000000004,13.6,,lightgbm
2024,vet,00-0037827,Tyrion Davis-Price,0.7000000000000001,13.3,,lightgbm
2024,vet,00-0038397,Evan Hull,0.0,6.5,35.3,lightgbm
2024,vet,00-0039595,D.J. Williams,0.0,4.0,,lightgbm
2025,vet,00-0036223,Jonathan Taylor,339.3,185.4,238.5,lightgbm
2025,vet,00-0038542,Bijan Robinson,331.3,182.7,280.1,lightgbm
2025,vet,00-0039139,Jahmyr Gibbs,328.40000000000003,203.8,275.3,lightgbm
2025,vet,00-0033280,Christian McCaffrey,365.6,134.0,243.0,lightgbm
2025,vet,00-0039040,De'Von Achane,289.3,236.8,233.4,lightgbm
2025,vet,00-0032764,Derrick Henry,272.0,132.7,262.7,lightgbm
2025,vet,00-0037248,James Cook,285.7,136.9,203.7,lightgbm
2025,vet,00-0038597,Chase Brown,248.10000000000002,170.7,225.3,lightgbm
2025,vet,00-0036997,Javonte Williams,225.3,94.3,124.8,lightgbm
2025,vet,00-0035700,Josh Jacobs,219.10000000000002,178.2,243.8,lightgbm
2025,vet,00-0036973,Travis Etienne,235.9,95.9,140.7,lightgbm
2025,vet,00-0034844,Saquon Barkley,213.8,171.3,283.0,lightgbm
2025,vet,00-0039361,Bucky Irving,123.5,181.6,224.6,lightgbm
2025,vet,00-0037840,Kyren Williams,245.3,186.5,223.1,lightgbm
2025,vet,00-0038120,Breece Hall,189.66,197.3,192.3,lightgbm
2025,vet,00-0036275,D'Andre Swift,211.60000000000002,148.5,168.9,lightgbm
2025,vet,00-0037228,Jaylen Warren,197.1,64.0,153.5,lightgbm
2025,vet,00-0036158,J.K. Dobbins,110.4,150.8,143.5,lightgbm
2025,vet,00-0036139,Rico Dowdle,196.8,109.7,94.6,lightgbm
2025,vet,00-0036919,Kenneth Gainwell,184.8,49.6,,lightgbm
2025,vet,00-0039165,Zach Charbonnet,171.4,119.6,142.1,lightgbm
2025,vet,00-0035261,Tony Pollard,169.3,131.9,190.0,lightgbm
2025,vet,00-0033553,James Conner,29.3,144.9,203.5,lightgbm
2025,vet,00-0039384,Tyrone Tracy Jr.,142.8,115.1,161.5,lightgbm
2025,vet,00-0035685,David Montgomery,154.92000000000002,143.9,167.6,lightgbm
2025,vet,00-0036875,Rhamondre Stevenson,162.8,123.2,111.2,lightgbm
2025,vet,00-0038134,Kenneth Walker III,176.4,189.8,165.5,lightgbm
2025,vet,00-0033293,Aaron Jones,104.7,120.1,159.2,lightgbm
2025,vet,00-0033923,Kareem Hunt,136.4,99.4,92.6,lightgbm
2025,vet,00-0039391,Kimani Vidal,109.9,39.9,3.6,lightgbm
2025,vet,00-0033906,Alvin Kamara,84.2,152.7,198.8,lightgbm
2025,vet,00-0037525,Jordan Mason,121.9,70.8,131.5,lightgbm
2025,vet,00-0037256,Rachaad White,123.00000000000001,101.2,92.8,lightgbm
2025,vet,00-0039921,Trey Benson,28.900000000000002,42.0,114.6,lightgbm
2025,vet,00-0039373,Audric Estimé,42.1,34.2,3.1,lightgbm
2025,vet,00-0038611,Chris Rodriguez Jr.,90.5,31.2,58.4,lightgbm
2025,vet,00-0036555,Chuba Hubbard,110.4,164.2,196.8,lightgbm
2025,vet,00-0039032,Tyjae Spears,89.2,72.2,82.9,lightgbm
2025,vet,00-0037157,Bam Knight,81.9,5.5,,lightgbm
2025,vet,00-0037263,Tyler Allgeier,116.0,88.7,108.9,lightgbm
2025,vet,00-0039405,Jawhar Jordan,26.2,17.1,,lightgbm
2025,vet,00-0036924,Michael Carter,82.5,66.4,,lightgbm
2025,vet,00-0037197,Isiah Pacheco,77.80000000000001,37.9,175.3,lightgbm
2025,vet,00-0039738,Blake Corum,118.2,39.7,48.6,lightgbm
2025,vet,00-0035250,Devin Singletary,99.8,54.9,52.6,lightgbm
2025,vet,00-0038951,Sean Tucker,87.4,47.3,57.5,lightgbm
2025,vet,00-0035243,Miles Sanders,22.700000000000003,47.6,35.3,lightgbm
2025,vet,00-0034975,Justice Hill,54.7,56.0,71.4,lightgbm
2025,vet,00-0035537,Ty Johnson,88.30000000000001,42.5,48.7,lightgbm
2025,vet,00-0038797,Emanuel Wilson,87.0,63.3,60.8,lightgbm
2025,vet,00-0034791,Nick Chubb,81.8,63.5,109.1,lightgbm
2025,vet,00-0033526,Samaje Perine,69.4,34.0,46.0,lightgbm
2025,vet,00-0039874,Jaylen Wright,45.7,42.4,79.4,lightgbm
2025,vet,00-0036328,Antonio Gibson,22.200000000000003,79.5,41.2,lightgbm
2025,vet,00-0038551,Kendre Miller,30.8,44.1,58.6,lightgbm
2025,vet,00-0038705,Emari Demercado,51.8,31.6,15.9,lightgbm
2025,vet,00-0036755,Jaret Patterson,24.2,24.5,,lightgbm
2025,vet,00-0038555,Tank Bigsby,52.3,89.7,90.5,lightgbm
2025,vet,00-0037563,Malik Davis,39.6,6.2,4.8,lightgbm
2025,vet,00-0038454,Keaton Mitchell,50.9,14.8,60.8,lightgbm
2025,vet,00-0039798,Isaiah Davis,60.7,49.9,28.4,lightgbm
2025,vet,00-0036842,Kene Nwangwu,10.9,12.1,,lightgbm
2025,vet,00-0039794,Braelon Allen,14.3,94.1,78.8,lightgbm
2025,vet,00-0033955,Jeremy McNichols,60.2,40.4,17.9,lightgbm
2025,vet,00-0036893,Najee Harris,10.100000000000001,138.3,91.0,lightgbm
2025,vet,00-0039299,George Holani,19.8,2.1,26.7,lightgbm
2025,vet,00-0039875,Ray Davis,59.10000000000001,76.8,110.6,lightgbm
2025,vet,00-0037746,Brian Robinson,58.5,79.2,71.4,lightgbm
2025,vet,00-0038794,Jaleel McLaughlin,29.400000000000002,72.3,29.8,lightgbm
2025,vet,00-0039757,Terrell Jennings,14.700000000000001,13.5,2.1,lightgbm
2025,vet,00-0035291,Trayveon Williams,13.1,5.4,3.3,lightgbm
2025,vet,00-0037267,Jerome Ford,30.6,83.5,98.1,lightgbm
2025,vet,00-0032104,Ameer Abdullah,29.9,47.9,,lightgbm
2025,vet,00-0036906,Khalil Herbert,6.1000000000000005,32.7,3.2,lightgbm
2025,vet,00-0039796,Rasheen Ali,19.7,2.3,5.8,lightgbm
2025,vet,00-0031687,Raheem Mostert,23.400000000000002,19.2,35.9,lightgbm
2025,vet,00-0036414,Cam Akers,7.180000000000001,51.6,3.2,lightgbm
2025,vet,00-0038738,Hunter Luepke,30.5,13.4,,lightgbm
2025,vet,00-0038040,Zamir White,7.6,28.4,43.6,lightgbm
2025,vet,00-0038685,Chris Brooks,26.200000000000003,38.3,30.3,lightgbm
2025,vet,00-0037085,Tyler Badie,25.900000000000002,26.5,3.3,lightgbm
2025,vet,00-0037258,Dameon Pierce,3.6,55.7,43.0,lightgbm
2025,vet,00-0033854,Dare Ogunbowale,19.1,26.5,13.4,lightgbm
2025,vet,00-0034959,Andrew Beck,20.0,5.1,,lightgbm
2025,vet,00-0036265,AJ Dillon,7.6000000000000005,25.4,24.4,lightgbm
2025,vet,00-0038397,Evan Hull,5.9,16.0,,lightgbm
2025,vet,00-0039746,Will Shipley,15.0,29.4,68.5,lightgbm
2025,vet,00-0037557,Ronnie Rivers,4.6000000000000005,15.9,1.6,lightgbm
2025,vet,00-0039407,Dylan Laube,4.2,2.0,9.1,lightgbm
2025,vet,00-0037617,Hassan Haskins,8.0,26.8,33.6,lightgbm
2025,vet,00-0036425,DeeJay Dallas,2.1,23.7,,lightgbm
2025,vet,00-0036727,Adam Prentice,12.700000000000001,3.6,,lightgbm
2025,vet,00-0037745,Velus Jones Jr.,3.2,3.2,,lightgbm
2025,vet,00-0039603,British Brooks,7.800000000000001,5.4,3.9,lightgbm
2025,vet,00-0037120,Tyler Goodson,4.2,31.2,13.9,lightgbm
2025,vet,00-0035628,D'Ernest Johnson,2.5,35.0,1.5,lightgbm
2025,vet,00-0037594,Julius Chestnut,4.0,11.2,23.4,lightgbm
2025,vet,00-0035726,Jakob Johnson,0.0,6.0,,lightgbm
2025,vet,00-0039363,Isaac Guerendo,0.0,67.2,48.3,lightgbm
2025,vet,00-0033699,Austin Ekeler,10.600000000000001,86.7,136.0,lightgbm
2025,vet,00-0034367,Nyheim Hines,-0.2,28.8,,lightgbm
2025,vet,00-0034681,Chase Edmonds,0.0,13.5,,lightgbm
2025,vet,00-0035311,Myles Gaskin,0.6000000000000001,13.2,,lightgbm
2025,vet,00-0035567,Craig Reynolds,0.4,11.3,6.6,lightgbm
2025,vet,00-0035594,Travis Homer,-0.2,7.5,4.7,lightgbm
2025,vet,00-0036360,Clyde Edwards-Helaire,3.2,23.6,,lightgbm
2025,vet,00-0036567,Elijah Mitchell,0.0,8.1,20.9,lightgbm
2025,vet,00-0036569,Gary Brightwell,0.0,2.5,,lightgbm
2025,vet,00-0036950,Avery Williams,0.0,8.4,-0.3,lightgbm
2025,vet,00-0036984,Trey Sermon,0.0,35.8,3.3,lightgbm
2025,vet,00-0037276,Ty Chandler,7.300000000000001,29.4,28.8,lightgbm
2025,vet,00-0037329,Brittain Brown,9.7,3.3,,lightgbm
2025,vet,00-0038396,Eric Gray,0.0,7.2,3.4,lightgbm
2025,vet,00-0038409,Lew Nichols III,0.0,10.7,,lightgbm
2025,vet,00-0038678,Jordan Mims,0.0,4.3,,lightgbm
2025,vet,00-0039021,Roschon Johnson,1.7000000000000002,31.5,67.0,lightgbm
2025,vet,00-0039364,Sione Vaki,0.4,12.1,2.1,lightgbm
2025,vet,00-0040429,Josh Williams,1.1,2.0,6.1,lightgbm
2021,rook,00-0036893,Najee Harris,263.7,113.8,257.3,lightgbm
2021,rook,00-0036567,Elijah Mitchell,155.5,13.9,98.4,lightgbm
2021,rook,00-0036997,Javonte Williams,183.4,153.0,191.5,lightgbm
2021,rook,00-0036924,Michael Carter,136.4,97.0,101.0,lightgbm
2021,rook,00-0036875,Rhamondre Stevenson,107.9,57.8,103.9,lightgbm
2021,rook,00-0036555,Chuba Hubbard,125.10000000000001,83.6,104.4,lightgbm
2021,rook,00-0036919,Kenneth Gainwell,106.9,36.1,,lightgbm
2021,rook,00-0036984,Trey Sermon,26.8,70.0,170.7,lightgbm
2021,rook,00-0035715,Derrick Gore,52.1,9.1,38.2,lightgbm
2021,rook,00-0036457,Ty'Son Williams,37.4,4.7,142.4,lightgbm
2021,rook,00-0036906,Khalil Herbert,71.9,15.1,,lightgbm
2021,rook,00-0036842,Kene Nwangwu,21.0,39.6,29.2,lightgbm
2021,rook,00-0036670,Jermar Jefferson,23.700000000000003,21.9,,lightgbm
2021,rook,00-0036755,Jaret Patterson,50.900000000000006,52.7,,lightgbm
2021,rook,00-0036493,Deon Jackson,9.100000000000001,18.4,,lightgbm
2021,rook,00-0036857,Chris Evans,42.3,14.8,,lightgbm
2021,rook,00-0036654,Demetric Felton,41.5,6.6,,lightgbm
2021,rook,00-0034311,Johnny Stanton,8.2,4.8,,lightgbm
2021,rook,00-0035973,Patrick Taylor,16.200000000000003,17.6,4.8,lightgbm
2021,rook,00-0036650,Larry Rountree III,15.100000000000001,23.5,,lightgbm
2021,rook,00-0036669,Kylin Hill,3.4000000000000004,16.9,,lightgbm
2021,rook,00-0036727,Adam Prentice,3.6,10.8,,lightgbm
2021,rook,00-0036569,Gary Brightwell,1.5,15.5,,lightgbm
2021,rook,00-0036698,Mekhi Sargent,1.1,1.6,,lightgbm
2021,rook,00-0036860,Jake Funk,0.5000000000000001,10.0,91.0,lightgbm
2021,rook,00-0036950,Avery Williams,0.0,39.6,,lightgbm
2021,rook,00-0035448,Damarea Crockett,0.7000000000000001,17.8,,lightgbm
2021,rook,00-0035760,Jacques Patrick,1.2000000000000002,9.6,,lightgbm
2021,rook,00-0035898,Darius Bradwell,0.0,8.3,,lightgbm
2021,rook,00-0036523,Trey Ragas,2.5,6.6,,lightgbm
2021,rook,00-0036582,Nate McCrary,-0.1,36.5,,lightgbm
2021,rook,00-0036734,Pooka Williams Jr.,0.0,50.4,,lightgbm
2021,rook,00-0036768,JaQuan Hardy,8.9,13.7,,lightgbm
2022,rook,00-0038120,Breece Hall,105.60000000000001,138.0,215.2,lightgbm
2022,rook,00-0038134,Kenneth Walker III,189.0,125.9,236.2,lightgbm
2022,rook,00-0037258,Dameon Pierce,151.4,62.7,210.7,lightgbm
2022,rook,00-0037263,Tyler Allgeier,151.4,43.3,113.2,lightgbm
2022,rook,00-0037746,Brian Robinson,108.2,65.4,180.6,lightgbm
2022,rook,00-0037157,Bam Knight,52.5,47.1,,lightgbm
2022,rook,00-0037256,Rachaad White,116.1,76.9,144.6,lightgbm
2022,rook,00-0037197,Isiah Pacheco,128.5,18.8,138.6,lightgbm
2022,rook,00-0037248,James Cook,95.2,86.2,124.5,lightgbm
2022,rook,00-0037228,Jaylen Warren,79.3,9.7,,lightgbm
2022,rook,00-0036829,Caleb Huntley,43.900000000000006,16.6,22.9,lightgbm
2022,rook,00-0037429,Raheem Blackshear,40.0,8.9,,lightgbm
2022,rook,00-0037563,Malik Davis,31.400000000000002,7.5,,lightgbm
2022,rook,00-0037840,Kyren Williams,26.0,27.4,,lightgbm
2022,rook,00-0037745,Velus Jones Jr.,34.5,50.6,,lightgbm
2022,rook,00-0038098,Pierre Strong,23.7,44.2,,lightgbm
2022,rook,00-0037525,Jordan Mason,31.8,14.5,,lightgbm
2022,rook,00-0037557,Ronnie Rivers,7.5,19.3,,lightgbm
2022,rook,00-0037286,Kevin Harris,11.2,28.3,,lightgbm
2022,rook,00-0037594,Julius Chestnut,6.800000000000001,50.0,,lightgbm
2022,rook,00-0037827,Tyrion Davis-Price,9.9,75.4,82.5,lightgbm
2022,rook,00-0037617,Hassan Haskins,20.5,57.4,67.1,lightgbm
2022,rook,00-0037299,Keaontay Ingram,16.099999999999998,14.0,,lightgbm
2022,rook,00-0038045,Isaiah Spiller,6.9,84.7,125.4,lightgbm
2022,rook,00-0037265,Snoop Conner,10.2,58.7,,lightgbm
2022,rook,00-0037331,Zander Horvath,16.099999999999998,9.5,,lightgbm
2022,rook,00-0038040,Zamir White,7.000000000000001,48.0,113.6,lightgbm
2022,rook,00-0037087,Trestan Ebner,5.200000000000001,19.0,,lightgbm
2022,rook,00-0037456,Troy Hairston,4.4,12.0,,lightgbm
2022,rook,00-0037085,Tyler Badie,8.9,44.0,,lightgbm
2022,rook,00-0037267,Jerome Ford,1.2000000000000002,30.0,,lightgbm
2022,rook,00-0037276,Ty Chandler,2.0,43.9,,lightgbm
2022,rook,00-0037329,Brittain Brown,0.0,9.4,,lightgbm
2023,rook,00-0039040,De'Von Achane,177.2,84.6,106.0,lightgbm
2023,rook,00-0038542,Bijan Robinson,217.3,136.1,237.2,lightgbm
2023,rook,00-0039139,Jahmyr Gibbs,216.10000000000002,163.7,171.6,lightgbm
2023,rook,00-0038454,Keaton Mitchell,65.4,44.7,,lightgbm
2023,rook,00-0039032,Tyjae Spears,127.80000000000001,99.9,79.9,lightgbm
2023,rook,00-0039021,Roschon Johnson,85.1,50.5,73.8,lightgbm
2023,rook,00-0039165,Zach Charbonnet,89.6,145.7,140.0,lightgbm
2023,rook,00-0038794,Jaleel McLaughlin,90.5,1.6,28.3,lightgbm
2023,rook,00-0038551,Kendre Miller,38.3,83.9,79.0,lightgbm
2023,rook,00-0038705,Emari Demercado,62.8,3.6,,lightgbm
2023,rook,00-0038597,Chase Brown,46.5,18.2,76.6,lightgbm
2023,rook,00-0038611,Chris Rodriguez Jr.,36.900000000000006,36.9,,lightgbm
2023,rook,00-0038685,Chris Brooks,10.600000000000001,3.6,17.9,lightgbm
2023,rook,00-0037120,Tyler Goodson,15.100000000000001,15.8,,lightgbm
2023,rook,00-0038389,Israel Abanikanda,14.8,72.3,25.6,lightgbm
2023,rook,00-0038622,Deuce Vaughn,11.5,14.4,71.7,lightgbm
2023,rook,00-0038555,Tank Bigsby,24.3,87.9,98.7,lightgbm
2023,rook,00-0038396,Eric Gray,10.0,41.7,,lightgbm
2023,rook,00-0038797,Emanuel Wilson,12.8,13.8,27.1,lightgbm
2023,rook,00-0038951,Sean Tucker,4.2,39.5,,lightgbm
2023,rook,00-0038862,Elijah Dotson,2.9000000000000004,12.6,,lightgbm
2023,rook,00-0038738,Hunter Luepke,11.2,25.4,,lightgbm
2023,rook,00-0039136,Zach Evans,1.9000000000000001,17.9,42.4,lightgbm
2023,rook,00-0038489,Ben VanSumeren,0.0,19.9,,lightgbm
2023,rook,00-0037410,Jashaun Corbin,2.8,2.6,,lightgbm
2023,rook,00-0038397,Evan Hull,1.2000000000000002,15.3,45.7,lightgbm
2023,rook,00-0038656,Mohamed Ibrahim,0.0,10.7,,lightgbm
2023,rook,00-0038678,Jordan Mims,0.0,13.6,,lightgbm
2024,rook,00-0039361,Bucky Irving,220.9,64.3,112.0,lightgbm
2024,rook,00-0039384,Tyrone Tracy Jr.,163.3,37.9,105.8,lightgbm
2024,rook,00-0037509,Sincere McCormick,24.200000000000003,9.5,,lightgbm
2024,rook,00-0039363,Isaac Guerendo,88.7,89.1,66.7,lightgbm
2024,rook,00-0039875,Ray Davis,107.6,66.7,107.2,lightgbm
2024,rook,00-0039798,Isaiah Davis,41.4,7.7,24.7,lightgbm
2024,rook,00-0039794,Braelon Allen,75.7,37.2,90.2,lightgbm
2024,rook,00-0039373,Audric Estimé,46.2,80.9,50.6,lightgbm
2024,rook,00-0039921,Trey Benson,44.0,97.3,108.2,lightgbm
2024,rook,00-0039391,Kimani Vidal,30.200000000000003,40.3,77.0,lightgbm
2024,rook,00-0039738,Blake Corum,30.0,65.1,84.3,lightgbm
2024,rook,00-0039344,Jonathon Brooks,6.000000000000001,167.2,109.5,lightgbm
2024,rook,00-0039874,Jaylen Wright,25.2,71.6,60.6,lightgbm
2024,rook,00-0039746,Will Shipley,13.7,33.9,60.5,lightgbm
2024,rook,00-0039325,Carson Steele,20.400000000000002,51.2,47.1,lightgbm
2024,rook,00-0039796,Rasheen Ali,3.1,12.9,33.0,lightgbm
2024,rook,00-0039364,Sione Vaki,6.6,29.1,10.5,lightgbm
2024,rook,00-0037609,Aaron Shampklin,1.7000000000000002,9.9,,lightgbm
2024,rook,00-0039244,Chris Collier,1.3,3.4,,lightgbm
2024,rook,00-0039385,Keilan Robinson,0.0,14.2,5.8,lightgbm
2024,rook,00-0039230,Dante Miller,0.0,5.7,,lightgbm
2024,rook,00-0039299,George Holani,1.4,3.7,,lightgbm
2024,rook,00-0039393,Jase McClellan,3.2,14.9,36.3,lightgbm
2024,rook,00-0039407,Dylan Laube,-2.0,2.5,56.1,lightgbm
2024,rook,00-0039573,Blake Watson,2.8000000000000003,3.6,,lightgbm
2024,rook,00-0039603,British Brooks,0.2,7.5,,lightgbm
2024,rook,00-0039617,Jacob Kibodi,4.4,3.3,,lightgbm
2024,rook,00-0039703,Cody Schrader,1.4,5.1,3.0,lightgbm
2024,rook,00-0039757,Terrell Jennings,3.3,20.4,,lightgbm
2024,rook,00-0039811,MarShawn Lloyd,2.3,74.1,80.9,lightgbm
2025,rook,00-0040715,Cam Skattebo,115.7,101.7,102.9,lightgbm
2025,rook,00-0040122,Ashton Jeanty,217.6,151.8,257.3,lightgbm
2025,rook,00-0040666,Omarion Hampton,119.7,154.4,217.4,lightgbm
2025,rook,00-0040784,Quinshon Judkins,156.8,176.0,104.4,lightgbm
2025,rook,00-0040730,RJ Harvey,183.1,71.4,180.5,lightgbm
2025,rook,00-0040734,TreVeyon Henderson,188.70000000000002,129.0,181.7,lightgbm
2025,rook,00-0040242,Jacory Croskey-Merritt,135.8,9.0,113.4,lightgbm
2025,rook,00-0040583,Woody Marks,133.1,39.6,56.5,lightgbm
2025,rook,00-0040236,Kyle Monangai,137.7,17.1,75.7,lightgbm
2025,rook,00-0040202,Devin Neal,51.5,51.8,67.5,lightgbm
2025,rook,00-0040719,Bhayshul Tuten,83.6,58.3,94.5,lightgbm
2025,rook,00-0040162,Dylan Sampson,71.10000000000001,100.8,108.8,lightgbm
2025,rook,00-0040466,Raheim Sanders,18.8,5.4,,lightgbm
2025,rook,00-0040586,Jaydon Blue,19.900000000000002,71.6,113.2,lightgbm
2025,rook,00-0038440,Zavier Scott,32.2,4.8,7.7,lightgbm
2025,rook,00-0040078,Brashard Smith,50.8,20.4,48.8,lightgbm
2025,rook,00-0040198,Ollie Gordon II,50.6,28.3,71.6,lightgbm
2025,rook,00-0040556,Corey Kiner,8.3,9.0,,lightgbm
2025,rook,00-0040238,LeQuint Allen Jr.,19.8,17.7,13.9,lightgbm
2025,rook,00-0040179,DJ Giddens,9.600000000000001,73.2,70.1,lightgbm
2025,rook,00-0040208,Tahj Brooks,5.9,36.0,45.0,lightgbm
2025,rook,00-0040142,Kaleb Johnson,8.3,88.8,163.0,lightgbm
2025,rook,00-0040644,Trevor Etienne,12.200000000000001,56.8,29.2,lightgbm
2025,rook,00-0038896,Jacob Saylors,1.1,3.5,,lightgbm
2025,rook,00-0038458,Owen Wright,0.6000000000000001,3.7,,lightgbm
2025,rook,00-0040205,Kalel Mullings,0.7000000000000001,0.1,23.4,lightgbm
2025,rook,00-0040649,Robbie Ouzts,0.0,8.4,,lightgbm
2025,rook,00-0039266,Kendall Milton,0.2,11.4,,lightgbm
2025,rook,00-0040021,Phil Mafah,9.9,14.0,22.0,lightgbm
2025,rook,00-0040039,Amar Johnson,0.8,7.4,,lightgbm
2025,rook,00-0040067,Jacardia Wright,2.0,8.7,,lightgbm
2025,rook,00-0040476,Ulysses Bentley IV,0.0,9.3,,lightgbm
2025,rook,00-0040547,Nate Carter,4.000000000000001,7.7,,lightgbm
