player_id,player_display_name,position,breakout_prob,breakout_type
00-0036212,Tua Tagovailoa,QB,0.9451124,none
00-0039919,Rome Odunze,WR,0.8597072,none
00-0035719,Deebo Samuel Sr.,WR,0.8579982,bounce_back
00-0037247,George Pickens,WR,0.8153548,bounce_back
00-0037261,Khalil Shakir,WR,0.8138335,none
00-0039894,Xavier Worthy,WR,0.7404024,none
00-0038621,DeMario Douglas,WR,0.6257261,none
00-0038134,Kenneth Walker III,RB,0.593476,bounce_back
00-0033090,Hunter Henry,TE,0.5741568,bounce_back
00-0037746,Brian Robinson,RB,0.5330585,none
00-0038783,Nate Adkins,TE,0.51365143,none
00-0038935,Brenton Strange,TE,0.50376695,none
00-0037816,Romeo Doubs,WR,0.49894965,first_time
00-0039918,Caleb Williams,QB,0.48513922,first_time
00-0035229,T.J. Hockenson,TE,0.4076428,none
00-0039150,Bryce Young,QB,0.3513045,none
00-0031503,Jameis Winston,QB,0.3489577,none
00-0038933,Dalton Kincaid,TE,0.34595516,none
00-0039032,Tyjae Spears,RB,0.336748,none
00-0039855,Jalen McMillan,WR,0.33121228,none
00-0034975,Justice Hill,RB,0.32471544,none
00-0037239,Chris Olave,WR,0.32413092,bounce_back
00-0038794,Jaleel McLaughlin,RB,0.3185165,none
00-0039851,Drake Maye,QB,0.31741711,first_time
00-0036613,Jaylen Waddle,WR,0.30428728,bounce_back
00-0037267,Jerome Ford,RB,0.3038036,none
00-0038608,Kayshon Boutte,WR,0.29403734,none
00-0033699,Austin Ekeler,RB,0.28964722,none
00-0039164,Anthony Richardson,QB,0.27516145,none
00-0038547,Luke Schoonmaker,TE,0.26553223,none
00-0035644,Noah Fant,TE,0.26367444,none
00-0033921,Chris Godwin Jr.,WR,0.26294386,none
00-0033662,Cooper Rush,QB,0.24988697,none
00-0039342,Xavier Legette,WR,0.24695975,none
00-0023459,Aaron Rodgers,QB,0.23582263,none
00-0037545,Rashid Shaheed,WR,0.23320147,none
00-0038555,Tank Bigsby,RB,0.22850744,none
00-0036875,Rhamondre Stevenson,RB,0.22505113,none
00-0036158,J.K. Dobbins,RB,0.22427507,none
00-0032392,Austin Hooper,TE,0.22210808,none
00-0039738,Blake Corum,RB,0.21887809,none
00-0037664,Alec Pierce,WR,0.2185337,first_time
00-0039163,C.J. Stroud,QB,0.2054414,none
00-0038558,Darnell Washington,TE,0.19990785,none
00-0036973,Travis Etienne,RB,0.18634495,bounce_back
00-0039901,Keon Coleman,WR,0.1649444,none
00-0036988,Josh Palmer,WR,0.15762767,none
00-0038041,Jake Ferguson,TE,0.15305546,bounce_back
00-0036252,Michael Pittman,WR,0.14896147,bounce_back
00-0030035,Adam Thielen,WR,0.144494,none
00-0039530,Brevyn Spann-Ford,TE,0.13405658,none
00-0038124,Christian Watson,WR,0.13114567,none
00-0038102,Kenny Pickett,QB,0.12414709,none
00-0034383,Dalton Schultz,TE,0.1218788,bounce_back
00-0033881,Evan Engram,TE,0.11581925,none
00-0038979,Cedric Tillman,WR,0.11555076,none
00-0036971,Trevor Lawrence,QB,0.10377567,bounce_back
00-0038606,Parker Washington,WR,0.100751065,first_time
00-0036919,Kenneth Gainwell,RB,0.09810566,first_time
00-0037263,Tyler Allgeier,RB,0.09793631,none
00-0035537,Ty Johnson,RB,0.09731085,none
00-0036980,Elijah Moore,WR,0.0955006,none
00-0039491,Jalen Coker,WR,0.09086748,none
00-0033246,Johnny Mundt,TE,0.090856194,none
00-0038643,Brayden Willis,TE,0.08784822,none
00-0026498,Matthew Stafford,QB,0.08724397,bounce_back
00-0036328,Antonio Gibson,RB,0.08653834,none
00-0039067,Rashee Rice,WR,0.08497331,none
00-0037005,Tommy Tremble,TE,0.08310734,none
00-0036290,Cole Kmet,TE,0.082880735,none
00-0034270,Tyler Conklin,TE,0.08279005,none
00-0034351,Dallas Goedert,TE,0.080609165,bounce_back
00-0038705,Emari Demercado,RB,0.07741633,none
00-0030564,DeAndre Hopkins,WR,0.07474374,none
00-0038559,Michael Wilson,WR,0.07189834,first_time
00-0037228,Jaylen Warren,RB,0.070829205,bounce_back
00-0037197,Isiah Pacheco,RB,0.07007285,none
00-0039794,Braelon Allen,RB,0.07001385,none
00-0039868,Troy Franklin,WR,0.069249466,first_time
00-0037837,Calvin Austin III,WR,0.068953834,none
00-0033576,Eric Saubert,TE,0.067797646,none
00-0038393,Dontayvion Wicks,WR,0.062485892,none
00-0039875,Ray Davis,RB,0.06163226,none
00-0039066,Michael Mayer,TE,0.060956,none
00-0031687,Raheem Mostert,RB,0.059583977,none
00-0039798,Isaiah Davis,RB,0.058581334,none
00-0038797,Emanuel Wilson,RB,0.0584846,none
00-0035689,Dawson Knox,TE,0.05839295,none
00-0033869,Mitchell Trubisky,QB,0.058176633,none
00-0038589,Josh Whyle,TE,0.05363256,none
00-0037834,Brock Purdy,QB,0.052365154,none
00-0033280,Christian McCaffrey,RB,0.05021981,bounce_back
00-0038685,Chris Brooks,RB,0.046435274,none
00-0036414,Cam Akers,RB,0.045988306,none
00-0036264,Jordan Love,QB,0.045632534,none
00-0036898,Davis Mills,QB,0.044880923,none
00-0035250,Devin Singletary,RB,0.044562865,none
00-0034521,Allen Lazard,WR,0.04399168,none
00-0036182,Nick Westbrook-Ikhine,WR,0.04205428,none
00-0039921,Trey Benson,RB,0.041348856,none
00-0039165,Zach Charbonnet,RB,0.040829785,first_time
00-0037012,Trey Lance,QB,0.040218983,none
00-0036997,Javonte Williams,RB,0.03728921,bounce_back
00-0038046,Charlie Kolar,TE,0.03713709,none
00-0033908,Cooper Kupp,WR,0.03663572,none
00-0037311,Ko Kieft,TE,0.03630245,none
00-0037838,Isaiah Likely,TE,0.036291048,none
00-0039874,Jaylen Wright,RB,0.03576243,none
00-0037614,John Metchie III,WR,0.03458011,none
00-0039021,Roschon Johnson,RB,0.034413423,none
00-0036970,Kyle Pitts,TE,0.032873668,bounce_back
00-0038117,Wan'Dale Robinson,WR,0.032791615,first_time
00-0036754,Brock Wright,TE,0.032031633,none
00-0036849,Tutu Atwell,WR,0.031231906,none
00-0036360,Clyde Edwards-Helaire,RB,0.030630762,none
00-0038611,Chris Rodriguez Jr.,RB,0.02999555,none
00-0037809,Chig Okonkwo,TE,0.029922064,none
00-0034407,Ray-Ray McCloud,WR,0.029802427,none
00-0038551,Kendre Miller,RB,0.028366813,none
00-0039363,Isaac Guerendo,RB,0.02831673,none
00-0039364,Sione Vaki,RB,0.027652942,none
00-0039737,Tip Reiman,TE,0.027550653,none
00-0039424,Devaughn Vele,WR,0.0263423,none
00-0039916,Ricky Pearsall,WR,0.02593472,none
00-0039356,Ja'Tavion Sanders,TE,0.025867544,none
00-0034791,Nick Chubb,RB,0.025063645,none
00-0035710,Daniel Jones,QB,0.02503028,none
00-0033375,Tim Patrick,WR,0.024860658,none
00-0033077,Dak Prescott,QB,0.02414525,bounce_back
00-0030565,Geno Smith,QB,0.024022454,none
00-0037557,Ronnie Rivers,RB,0.023390297,none
00-0039847,Theo Johnson,TE,0.023261862,none
00-0033955,Jeremy McNichols,RB,0.023166431,none
00-0036196,Gabe Davis,WR,0.023072803,none
00-0039041,Elijah Higgins,TE,0.022859454,none
00-0037805,Jeremy Ruckert,TE,0.022606842,none
00-0038128,Malik Willis,QB,0.022068115,none
00-0039746,Will Shipley,RB,0.021046992,none
00-0033589,David Moore,WR,0.020973507,none
00-0036422,Adam Trautman,TE,0.020629406,none
00-0038619,Andrei Iosivas,WR,0.020625236,none
00-0031588,Stefon Diggs,WR,0.020615058,bounce_back
00-0038951,Sean Tucker,RB,0.020069828,none
00-0034981,Foster Moreau,TE,0.019721547,none
00-0038563,Tre Tucker,WR,0.019626454,none
00-0034829,Mike Gesicki,TE,0.019590136,none
00-0031236,Brandin Cooks,WR,0.019366559,none
00-0033526,Samaje Perine,RB,0.018874807,none
00-0037004,Hunter Long,TE,0.018592736,none
00-0032104,Ameer Abdullah,RB,0.01821073,none
00-0038040,Zamir White,RB,0.018039668,none
00-0035567,Craig Reynolds,RB,0.016303472,none
00-0038976,Marvin Mims Jr.,WR,0.016298035,none
00-0035208,Olamide Zaccheaus,WR,0.016009124,none
00-0039686,Colson Yankoff,TE,0.016002681,none
00-0033110,Tyler Higbee,TE,0.015954105,none
00-0038647,Ronnie Bell,WR,0.015656505,none
00-0035704,Drew Lock,QB,0.015377005,none
00-0037666,Jalen Tolbert,WR,0.01534156,none
00-0039793,AJ Barner,TE,0.014894499,none
00-0032950,Carson Wentz,QB,0.014582284,none
00-0038738,Hunter Luepke,RB,0.013836548,none
00-0036626,Dyami Brown,WR,0.01250659,none
00-0034159,Will Dissly,TE,0.01215037,none
00-0036842,Kene Nwangwu,RB,0.011992555,none
00-0036637,Noah Gray,TE,0.011942448,none
00-0036924,Michael Carter,RB,0.011882399,none
00-0039391,Kimani Vidal,RB,0.011574603,none
00-0036415,Van Jefferson,WR,0.0115398485,none
00-0034775,Christian Kirk,WR,0.011433663,none
00-0028118,Tyrod Taylor,QB,0.011421014,none
00-0037304,Connor Heyward,TE,0.011201334,none
00-0039373,Audric Estimé,RB,0.011183862,none
00-0037085,Tyler Badie,RB,0.010932743,none
00-0035243,Miles Sanders,RB,0.010656834,none
00-0038809,Ben Sims,TE,0.010459379,none
00-0035249,Josh Oliver,TE,0.010356098,none
00-0035628,D'Ernest Johnson,RB,0.010324888,none
00-0036972,Mac Jones,QB,0.010012025,none
00-0034272,Marquez Valdes-Scantling,WR,0.009945538,none
00-0037539,Lucas Krull,TE,0.009906413,none
00-0039912,Ben Sinnott,TE,0.009772694,none
00-0036244,Colby Parkinson,TE,0.009744806,none
00-0027973,Andy Dalton,QB,0.009661352,none
00-0037112,Jake Tonges,TE,0.009573591,none
00-0035406,Lil'Jordan Humphrey,WR,0.009482251,none
00-0039144,Luke Musgrave,TE,0.00933216,none
00-0037258,Dameon Pierce,RB,0.00917801,none
00-0035662,Marquise Brown,WR,0.00906222,none
00-0039648,David Martin-Robinson,TE,0.0086120255,none
00-0036741,Jack Stoll,TE,0.00831408,none
00-0037617,Hassan Haskins,RB,0.00810308,none
00-0037120,Tyler Goodson,RB,0.008074493,none
00-0037525,Jordan Mason,RB,0.007827812,none
00-0038454,Keaton Mitchell,RB,0.0077508893,none
00-0033923,Kareem Hunt,RB,0.00770768,none
00-0037741,Jahan Dotson,WR,0.007675395,none
00-0032385,Sterling Shepard,WR,0.007625149,none
00-0036332,Josiah Deguara,TE,0.007400824,none
00-0036427,Tyler Johnson,WR,0.0070631467,none
00-0036630,Tylan Wallace,WR,0.0066577992,none
00-0035140,Mecole Hardman,WR,0.0065750233,none
00-0039917,Michael Penix Jr.,QB,0.0065576946,none
00-0036876,Kylen Granson,TE,0.0064344495,none
00-0033357,Taysom Hill,TE,0.006393968,none
00-0035993,Tyler Huntley,QB,0.0063076424,none
00-0037086,Grant Calcaterra,TE,0.0062493295,none
00-0037276,Ty Chandler,RB,0.0061888597,none
00-0033591,Noah Brown,WR,0.0060715973,none
00-0036590,Quintin Morris,TE,0.0060541267,none
00-0034613,Tanner Hudson,TE,0.0060468633,none
00-0026300,Josh Johnson,QB,0.006009808,none
00-0033307,Kendrick Bourne,WR,0.005980455,none
00-0033854,Dare Ogunbowale,RB,0.0059564537,none
00-0033949,Joshua Dobbs,QB,0.0055523543,none
00-0034365,Ian Thomas,TE,0.0054526017,none
00-0039062,Jonathan Mingo,WR,0.0054473733,none
00-0039407,Dylan Laube,RB,0.005161797,none
00-0034798,Durham Smythe,TE,0.005093706,none
00-0039359,Cade Stover,TE,0.00506062,none
00-0037291,Jalen Nailor,WR,0.004934421,none
00-0039880,Malik Washington,WR,0.004831606,none
00-0039796,Rasheen Ali,RB,0.0048086937,none
00-0035594,Travis Homer,RB,0.0047607366,none
00-0036906,Khalil Herbert,RB,0.004751949,none
00-0038720,Julian Hill,TE,0.0047247377,none
00-0033555,Mack Hollins,WR,0.0046635466,none
00-0036825,Feleipe Franks,TE,0.004420602,none
00-0039074,Davis Allen,TE,0.0043861936,none
00-0033282,Curtis Samuel,WR,0.0043597445,none
00-0034959,Andrew Beck,RB,0.004346092,none
00-0038582,Clayton Tune,QB,0.004208618,none
00-0036040,Juwan Johnson,TE,0.004181362,bounce_back
00-0036984,Trey Sermon,RB,0.004084493,none
00-0039631,Cam Grandy,TE,0.004082494,none
00-0037594,Julius Chestnut,RB,0.0040739183,none
00-0033217,Mo Alie-Cox,TE,0.0040606237,none
00-0035500,Greg Dortch,WR,0.0040068473,none
00-0035535,Darius Slayton,WR,0.003942301,none
00-0037292,Andrew Ogletree,TE,0.0039040924,none
00-0038115,Daniel Bellinger,TE,0.003692611,none
00-0039890,Adonai Mitchell,WR,0.0034702057,none
00-0039376,Spencer Rattler,QB,0.003462125,none
00-0038710,Blake Whiteheart,TE,0.0034404506,none
00-0037348,Tanner Conner,TE,0.003314818,none
00-0037742,Treylon Burks,WR,0.0032879952,none
00-0034386,Justin Watson,WR,0.003164163,none
00-0035631,Drew Sample,TE,0.0030782057,none
00-0033857,JuJu Smith-Schuster,WR,0.0030639078,none
00-0036945,Justin Fields,QB,0.0029042375,none
00-0039623,Mason Tipton,WR,0.0027738449,none
00-0036727,Adam Prentice,RB,0.0027631512,none
00-0035100,Jake Browning,QB,0.002522133,none
00-0038416,Tyson Bagent,QB,0.0024287065,none
00-0038640,Jalen Brooks,WR,0.0022880058,none
00-0039299,George Holani,RB,0.0022479156,none
00-0035298,Scott Miller,WR,0.0021662598,none
00-0032268,Marcus Mariota,QB,0.0021169279,none
00-0033319,Nick Mullens,QB,0.0021012803,none
00-0029604,Kirk Cousins,QB,0.0020890883,none
00-0039050,Payne Durham,TE,0.0020622371,none
00-0038104,Tyquan Thornton,WR,0.002014234,none
00-0037475,Stone Smartt,TE,0.0019572768,none
00-0031484,Chris Manhertz,TE,0.0019355041,none
00-0037252,Greg Dulcich,TE,0.0019119122,none
00-0032464,Kalif Raymond,WR,0.0018190866,none
00-0037745,Velus Jones Jr.,RB,0.0018181026,none
00-0037654,Tucker Fisk,TE,0.001777019,none
00-0033891,Zay Jones,WR,0.0017295303,none
00-0038090,Skyy Moore,WR,0.0016892939,none
00-0039410,Ryan Flournoy,WR,0.0016242369,none
00-0034418,Cedrick Wilson Jr.,WR,0.0016206554,none
00-0036628,John Bates,TE,0.0016157413,none
00-0032211,Tyler Lockett,WR,0.001600028,none
00-0029263,Russell Wilson,QB,0.0015956265,none
00-0038359,Xavier Smith,WR,0.0015847123,none
00-0032775,Demarcus Robinson,WR,0.0015589924,none
00-0038496,Xavier Gipson,WR,0.0015561463,none
00-0035291,Trayveon Williams,RB,0.0015536537,none
00-0038576,Charlie Jones,WR,0.0014942125,none
00-0034860,Dante Pettis,WR,0.0014833799,none
00-0037231,Kevin Austin Jr.,WR,0.001427905,none
00-0036232,Harrison Bryant,TE,0.0013790992,none
00-0039920,Malachi Corley,WR,0.001299409,none
00-0034928,Steven Sims,WR,0.0012947824,none
00-0034771,Mason Rudolph,QB,0.0012912841,none
00-0033943,Josh Reynolds,WR,0.0012770807,none
00-0026158,Joe Flacco,QB,0.0012765421,none
00-0039355,Luke McCaffrey,WR,0.0011476262,none
00-0039751,Jordan Whittington,WR,0.0010801943,none
00-0036425,DeeJay Dallas,RB,0.0010750357,none
00-0037801,KaVontae Turpin,WR,0.0010658076,none
00-0036646,Simi Fehoko,WR,0.0010196451,none
00-0034419,Braxton Berrios,WR,0.0010190008,none
00-0036165,Isaiah Hodgins,WR,0.0010017944,none
00-0038573,Derius Davis,WR,0.0009918937,none
00-0038465,Malik Heath,WR,0.0009778622,none
00-0039792,Devontez Walker,WR,0.00096313254,none
00-0037132,Britain Covey,WR,0.0009394224,none
00-0036887,Luke Farrell,TE,0.0009014644,none
00-0035289,Gardner Minshew,QB,0.00089509226,none
00-0034073,Ross Dwelley,TE,0.00085947366,none
00-0036497,Tim Jones,WR,0.00083393924,none
00-0038938,Jalin Hyatt,WR,0.00082112406,none
00-0034487,Trent Sherfield,WR,0.0008149528,none
00-0036620,Dee Eskridge,WR,0.00080596923,none
00-0033119,Jacoby Brissett,QB,0.00075112167,none
00-0036429,Charlie Woerner,TE,0.00068418734,none
00-0034854,KhaDarel Hodge,WR,0.00067339104,none
00-0039816,Anthony Gould,WR,0.0006417784,none
00-0033439,Pharaoh Brown,TE,0.0006083174,none
00-0038519,Nikko Remigio,WR,0.00059987797,none
00-0038752,Jake Bobo,WR,0.0005798009,none
00-0035544,Tom Kennedy,WR,0.00056916825,none
00-0038824,Ryan Miller,WR,0.0005681371,none
00-0034054,River Cracraft,WR,0.00056014745,none
00-0039451,Isaiah Williams,WR,0.0005034087,none
00-0037093,Dareke Young,WR,0.0005009111,none
00-0037487,Deven Thompkins,WR,0.0004995936,none
00-0039589,Kameron Johnson,WR,0.0004975314,none
00-0035021,Ashton Dulin,WR,0.000497515,none
00-0039650,Bryce Oliver,WR,0.00047355852,none
00-0036331,Devin Duvernay,WR,0.00044613628,none
00-0035602,Alex Bachman,WR,0.00041274162,none
00-0036862,Ben Skowronek,WR,0.00039531547,none
00-0031763,DeAndre Carter,WR,0.00038796218,none
00-0036176,Mason Kinsey,WR,0.00038075162,none
00-0038618,Xavier Hutchinson,WR,0.00037059851,none
00-0036133,James Proche,WR,0.0003688002,none
00-0035891,Cody White,WR,0.00035892613,none
00-0039379,Jamari Thrash,WR,0.00032513874,none
