pff_id,gsis_id,player,team,nfl_seasons,blend,lambda,NFL_RB,college_rb,Talent_RB,score,rank_rb,N_career,z_grades_run,neff_grades_run,r_grades_run,z_RYOE,neff_RYOE,r_RYOE,z_yco_attempt,neff_yco_attempt,r_yco_attempt,z_MTF_rush,neff_MTF_rush,r_MTF_rush,z_success_rate,neff_success_rate,r_success_rate,z_breakaway_pct,neff_breakaway_pct,r_breakaway_pct,z_EPA_rush,neff_EPA_rush,r_EPA_rush,z_grades_pass_route,neff_grades_pass_route,r_grades_pass_route,z_yprr,neff_yprr,r_yprr,z_receiving_EPA_target,neff_receiving_EPA_target,r_receiving_EPA_target,z_YAC_reception,neff_YAC_reception,r_YAC_reception,z_drop_rate,neff_drop_rate,r_drop_rate
123126,00-0038542,Bijan Robinson,ATL,3,True,0.9704333481378085,0.6981832517269231,1.1884112659303765,0.7126776527559701,99.0,1,805.0,1.2286,518.9,0.3073,0.864,518.9,0.1406,0.9983,518.9,0.5342,1.565,518.9,0.6567,0.5432,518.9,0.4689,0.3309,518.9,0.6872,0.36,518.9,0.4299,1.4838,778.3,0.5945,1.3236,778.3,0.5083,0.6944,162.6,0.657,0.9037,130.1,0.6675,0.3096,162.6,0.8287
122474,00-0039139,Jahmyr Gibbs,DET,3,True,0.9669690955486248,0.6097987285596241,0.7544650511884525,0.6145771880397087,97.2,2,718.0,1.0962,452.0,0.2787,0.7495,452.0,0.1247,0.0765,452.0,0.4998,1.1335,452.0,0.625,0.2778,452.0,0.4347,1.5983,452.0,0.6567,0.9049,452.0,0.3965,1.479,671.4,0.5584,1.3371,671.4,0.4713,0.5701,157.3,0.6494,0.2574,128.0,0.6638,0.2066,157.3,0.8239
124305,00-0039040,De'Von Achane,MIA,3,True,0.9572359364962832,0.5467630260269173,0.6398006493703908,0.5507416928598124,93.9,3,549.0,1.7327,382.3,0.2463,0.8228,382.3,0.1076,1.51,382.3,0.458,0.2358,382.3,0.585,0.0833,382.3,0.3941,1.7585,382.3,0.6181,1.1234,382.3,0.3572,1.1411,658.0,0.5534,0.7583,658.0,0.4663,0.0376,144.8,0.6303,0.1058,119.3,0.648,0.3216,144.8,0.8115
97199,00-0038134,Kenneth Walker III,SEA,4,False,1.0,0.5095970281803602,0.7648628387895112,0.5095970281803602,91.8,4,658.0,1.9121,436.4,0.2717,-0.3584,436.4,0.1209,0.0188,436.4,0.491,1.8742,436.4,0.6167,-0.1737,436.4,0.4261,0.8654,436.4,0.6488,0.1672,436.4,0.3881,0.7409,419.7,0.4415,1.1636,419.7,0.3579,0.8453,83.6,0.4961,0.8693,74.1,0.5334,0.1175,83.6,0.7132
11860,00-0033553,James Conner,ARZ,9,False,1.0,0.41396741788646507,0.6250223013992778,0.41396741788646507,86.9,5,444.0,1.5975,192.7,0.1414,0.7142,192.7,0.0573,0.9569,192.7,0.2987,1.5368,192.7,0.4154,0.6005,192.7,0.2469,0.8235,192.7,0.4493,0.8434,192.7,0.2188,0.4318,208.8,0.2822,0.6401,208.8,0.2171,0.2355,38.5,0.3121,0.8438,34.0,0.3442,0.3036,38.5,0.534
98692,00-0037228,Jaylen Warren,PIT,4,False,1.0,0.4079692692723072,0.3501734285568306,0.4079692692723072,86.6,6,502.0,0.2021,337.6,0.224,0.75,337.6,0.0962,0.2504,337.6,0.4273,1.4619,337.6,0.5545,0.1934,337.6,0.3648,0.2408,337.6,0.5883,0.2513,337.6,0.3291,1.1679,433.2,0.4493,1.031,433.2,0.3652,0.3958,91.2,0.518,0.6172,83.2,0.562,0.3885,91.2,0.7308
147787,00-0040715,Cam Skattebo,NYG,1,True,0.8046121593291403,0.2021542787116562,1.182485160812175,0.39369901290823567,85.8,7,101.0,0.8115,101.0,0.0795,0.1809,101.0,0.0309,-0.0423,101.0,0.1825,0.5789,101.0,0.2713,0.1054,101.0,0.1466,-0.4322,101.0,0.2995,-0.8174,101.0,0.128,1.5277,134.0,0.2015,1.3844,134.0,0.1511,0.5129,30.0,0.2611,0.1819,24.0,0.2703,0.3853,30.0,0.4716
10679,00-0032764,Derrick Henry,BLT,10,False,1.0,0.38917005481102346,0.6938956867254975,0.38917005481102346,85.6,8,954.0,1.1564,593.6,0.3366,1.6352,593.6,0.1576,0.9722,593.6,0.5674,-0.1249,593.6,0.6864,0.5612,593.6,0.5025,1.4246,593.6,0.7153,1.141,593.6,0.4631,0.032,315.3,0.3726,0.0085,315.3,0.2951,0.1359,41.0,0.3258,0.9229,33.9,0.3436,-0.1323,41.0,0.5497
162750,00-0040666,Omarion Hampton,LAC,1,True,0.8359732488560365,0.26175645090723687,0.9232248944584536,0.37025497068719715,84.6,9,125.0,1.2549,125.0,0.0965,0.6014,125.0,0.0379,0.5237,125.0,0.2165,1.3335,125.0,0.3155,0.181,125.0,0.1754,1.0913,125.0,0.346,0.443,125.0,0.1537,0.4467,185.0,0.2584,0.1554,185.0,0.1972,0.0495,34.0,0.2859,-0.2041,32.0,0.3306,0.9707,34.0,0.5028
45865,00-0034975,Justice Hill,BLT,7,False,1.0,0.32512392158939685,0.3333509868167071,0.32512392158939685,82.3,10,159.0,0.4125,62.7,0.0509,,,,0.5447,62.7,0.1217,0.8276,62.7,0.1878,0.563,62.7,0.0964,0.8221,62.7,0.2097,0.704,62.7,0.0835,1.331,229.0,0.3013,0.5683,229.0,0.2332,0.5198,42.2,0.3321,0.5667,36.7,0.3615,0.5982,42.2,0.5567
45953,00-0035700,Josh Jacobs,GB,7,False,1.0,0.31723278990546416,0.6219495512383714,0.31723278990546416,81.9,11,805.0,1.0605,498.9,0.299,-0.1829,498.9,0.1359,0.0999,498.9,0.5244,0.2223,498.9,0.6478,0.1723,498.9,0.4591,-0.1219,498.9,0.6786,-0.2413,498.9,0.4203,1.56,450.7,0.4592,0.6384,450.7,0.3744,0.6281,84.9,0.5001,0.5278,69.6,0.518,0.6072,84.9,0.7164
45719,00-0035685,David Montgomery,DET,7,False,1.0,0.3053547772429501,1.0852250133460584,0.3053547772429501,81.3,12,608.0,0.3083,341.6,0.226,0.3157,341.6,0.0972,0.2203,341.6,0.4302,0.2528,341.6,0.5574,0.9401,341.6,0.3676,-0.1531,341.6,0.5912,0.6138,341.6,0.3318,1.1742,321.1,0.3769,0.7259,321.1,0.299,0.614,55.1,0.3937,0.4275,50.5,0.4378,0.6838,55.1,0.6212
144970,00-0039361,Bucky Irving,TB,2,True,0.9418154576101885,0.2627373167085547,0.9648731346326954,0.30359076796996687,81.2,13,397.0,0.2628,296.2,0.202,-0.689,296.2,0.0854,-0.1419,296.2,0.3956,0.3817,296.2,0.522,-0.2028,296.2,0.3351,-0.0558,296.2,0.5563,-0.5216,296.2,0.3009,1.1839,321.3,0.377,1.2598,321.3,0.2991,0.9117,61.6,0.4205,1.616,57.0,0.4678,0.2237,61.6,0.647
11763,00-0033280,Christian McCaffrey,SF,9,False,1.0,0.2705224141152112,1.0410723126264312,0.2705224141152112,79.5,14,718.0,-0.4243,464.6,0.2843,-0.8075,437.1,0.1211,-0.2914,464.6,0.5066,-0.4765,464.6,0.6314,0.1111,464.6,0.4415,-0.1932,464.6,0.6629,-0.0085,464.6,0.4031,2.0509,775.9,0.5937,1.6731,775.9,0.5075,1.0475,176.9,0.6757,-0.6273,147.3,0.6944,0.4231,176.9,0.8403
45769,00-0035537,Ty Johnson,BUF,7,False,1.0,0.24492195485781074,0.2740420030975233,0.24492195485781074,78.1,15,156.0,-0.0572,97.2,0.0767,,,,-0.6308,97.2,0.1768,-0.6519,97.2,0.2637,1.8441,97.2,0.1419,-0.2943,97.2,0.2914,0.9996,97.2,0.1237,0.4234,358.2,0.4029,0.6624,358.2,0.3223,1.7297,50.0,0.3705,1.4604,38.5,0.3728,0.1644,50.0,0.5979
83666,00-0037248,James Cook,BUF,4,False,1.0,0.24081807726966312,0.4089709608520754,0.24081807726966312,77.9,16,881.0,0.995,573.6,0.329,1.2483,573.6,0.1531,0.0008,573.6,0.559,-0.1393,573.6,0.6789,0.8011,573.6,0.4939,0.2949,573.6,0.7083,0.7075,573.6,0.4546,-0.1807,542.7,0.5055,0.3657,542.7,0.4188,0.7611,87.0,0.506,0.1412,73.6,0.5319,-0.248,87.0,0.7212
123826,00-0038454,Keaton Mitchell,BLT,3,True,0.8120967741935483,0.14119227981212015,0.6626593929838902,0.23917763252907376,77.8,17,106.0,-1.0771,73.2,0.0589,,,,1.3764,73.2,0.1393,0.1184,73.2,0.2126,-0.3223,73.2,0.1108,2.3274,73.2,0.2366,1.6218,73.2,0.0962,-0.0431,63.4,0.1067,0.9306,63.4,0.0777,-1.1915,15.0,0.1504,1.0115,11.7,0.1532,-0.2436,15.0,0.3089
97195,00-0039032,Tyjae Spears,TEN,3,True,0.9125703564727955,0.1570385551656653,0.9047257740610458,0.22240858218353537,77.0,18,256.0,-0.3721,148.4,0.1126,-0.4506,30.3,0.0094,-0.2143,148.4,0.247,0.473,148.4,0.3537,-0.4856,148.4,0.2016,0.0913,148.4,0.3859,0.1618,148.4,0.1774,1.4491,398.5,0.4288,0.5662,398.5,0.3461,-0.0257,88.4,0.5101,0.1178,77.2,0.5438,0.5024,88.4,0.7245
101072,00-0039875,Ray Davis,BUF,2,True,0.8788981288981288,0.18094308943406234,0.5329857961965276,0.22357611993076426,77.0,18,178.0,-0.2783,124.0,0.0958,-0.2873,66.0,0.0204,-0.149,124.0,0.2151,0.4386,124.0,0.3137,0.1665,124.0,0.1742,-0.266,124.0,0.3442,0.6089,124.0,0.1527,0.1644,156.6,0.2278,0.959,156.6,0.1722,1.7678,24.9,0.2268,1.3643,21.4,0.2478,0.1752,24.9,0.4255
147476,00-0039373,Audric Estime,NO,2,True,0.8326149425287356,0.09831894234169693,0.8342959329550115,0.22151049321303481,76.9,20,122.0,-0.1878,87.8,0.0698,,,,0.3047,87.8,0.1625,0.2109,87.8,0.2445,0.3205,87.8,0.13,-0.9564,87.8,0.2709,0.8706,87.8,0.1132,0.535,120.0,0.1844,0.021,120.0,0.1375,0.9262,15.8,0.1565,0.2624,14.8,0.1854,0.9195,15.8,0.319
97636,00-0038120,Breece Hall,NYJ,4,False,1.0,0.20010097434503296,0.680513822453727,0.20010097434503296,75.8,21,675.0,0.6177,425.4,0.2667,0.2992,425.4,0.1182,0.1129,425.4,0.4846,-0.2454,425.4,0.6107,-0.1878,425.4,0.4199,1.064,425.4,0.6429,-0.3311,425.4,0.382,0.4109,568.8,0.5172,0.835,568.8,0.4303,0.3184,108.5,0.5609,0.2755,90.3,0.5823,-0.0672,108.5,0.7634
78050,00-0036328,Antonio Gibson,NE,6,False,1.0,0.1963550197267392,,0.1963550197267392,75.6,22,185.0,0.0575,85.7,0.0682,0.7343,66.0,0.0204,1.445,85.7,0.1592,1.7637,85.7,0.24,-0.556,85.7,0.1272,0.2801,85.7,0.2661,-0.0825,85.7,0.1107,0.2176,186.4,0.2599,0.3695,186.4,0.1984,0.1582,33.2,0.2811,0.2408,27.2,0.2954,0.0265,33.2,0.4968
98689,00-0036875,Rhamondre Stevenson,NE,5,False,1.0,0.19208996789657518,0.7691399096375513,0.19208996789657518,75.4,23,551.0,0.0847,349.0,0.2298,0.9286,349.0,0.0991,0.3472,349.0,0.4355,0.6915,349.0,0.5627,-0.5375,349.0,0.3726,0.1706,349.0,0.5963,-0.8133,349.0,0.3365,0.2804,570.1,0.5178,0.3384,570.1,0.4309,0.8477,88.0,0.5089,0.1544,73.6,0.5319,0.4132,88.0,0.7235
97630,00-0039165,Zach Charbonnet,SEA,3,True,0.94627622780724,0.15124831597137864,0.9221383812987524,0.19266343822668835,75.4,23,432.0,1.3903,295.9,0.2019,0.1293,295.9,0.0853,0.4884,295.9,0.3954,0.8393,295.9,0.5218,0.1031,295.9,0.3349,0.333,295.9,0.5561,0.3384,295.9,0.3007,-0.0338,441.7,0.4541,-0.3568,441.7,0.3697,-0.1309,61.0,0.4179,-0.4179,53.1,0.4503,0.4142,61.0,0.6445
11917,00-0033955,Jeremy McNichols,WAS,9,False,1.0,0.18674091316109978,0.7460987751003045,0.18674091316109978,75.1,25,104.0,0.7308,77.0,0.0618,,,,1.5629,77.0,0.1454,0.9342,77.0,0.2211,0.8679,77.0,0.1158,1.1531,77.0,0.2458,1.2777,77.0,0.1006,-0.2831,269.8,0.3369,-0.4067,269.8,0.2638,-0.0702,36.5,0.3006,-0.0652,29.9,0.3161,0.4542,36.5,0.5206
99622,00-0040730,RJ Harvey,DEN,1,True,0.8705915023604553,0.0011146326992664008,0.9516982996074934,0.1241282369145494,71.9,26,165.0,-0.633,165.0,0.1236,-1.8003,165.0,0.0494,-0.646,165.0,0.2672,-0.0129,165.0,0.3782,-0.8994,165.0,0.2192,0.0607,165.0,0.4112,-1.3119,165.0,0.1934,0.5692,303.0,0.3633,1.0403,303.0,0.2869,1.0217,68.0,0.4447,-0.2041,56.0,0.4636,-0.2294,68.0,0.6692
77787,00-0038597,Chase Brown,CIN,3,True,0.953682536527184,0.1038719191738094,0.3238113470212871,0.114058955589367,71.4,27,505.0,0.1805,371.3,0.2409,0.033,358.0,0.1014,0.0829,371.3,0.4507,0.2014,371.3,0.5778,-0.1691,371.3,0.3871,0.0406,371.3,0.6111,0.3548,371.3,0.3504,0.8726,597.0,0.5293,0.3214,597.0,0.4422,-0.0867,125.2,0.5959,-0.7287,102.9,0.6137,0.1176,125.2,0.7883
102382,00-0040242,Jacory Croskey-Merritt,WAS,1,True,0.8770772883144289,0.007329246547237214,0.8094314842299685,0.10592582865226302,70.9,28,175.0,0.1019,175.0,0.1301,0.8429,175.0,0.0523,0.8255,175.0,0.2789,0.1137,175.0,0.3922,0.3618,175.0,0.2294,0.1682,175.0,0.4255,0.1443,175.0,0.2027,-1.3045,140.0,0.2087,-1.1964,140.0,0.1568,0.4173,11.0,0.1147,0.2785,9.0,0.122,0.9707,11.0,0.2466
9783,00-0031687,Raheem Mostert,MIA,11,False,1.0,0.09188629546894024,-0.0842990569244948,0.09188629546894024,70.2,29,302.0,0.9525,112.4,0.0877,0.7749,65.6,0.0203,0.2836,112.4,0.199,0.6626,112.4,0.293,0.1874,112.4,0.1605,0.4576,112.4,0.3224,-0.1151,112.4,0.1404,-0.4455,168.7,0.2412,-0.3702,168.7,0.1831,0.6156,20.9,0.1977,-0.1392,18.3,0.2204,0.0168,20.9,0.3837
83639,00-0037263,Tyler Allgeier,ATL,4,False,1.0,0.0915616599407452,,0.0915616599407452,70.2,29,466.0,0.255,274.6,0.1901,-0.4803,274.6,0.0797,0.1611,274.6,0.3777,0.4098,274.6,0.5031,0.3066,274.6,0.3185,-0.3708,274.6,0.5375,0.0073,274.6,0.2852,0.1624,190.8,0.2644,0.0696,190.8,0.2022,0.6874,29.8,0.2598,0.3005,26.6,0.291,0.3236,29.8,0.47
145059,00-0040734,TreVeyon Henderson,NE,1,True,0.8954219030520646,0.01698489515702516,0.6886435926760716,0.08722568354209602,70.0,31,210.0,-0.2402,210.0,0.1522,0.9488,210.0,0.0621,0.3727,210.0,0.317,-0.8086,210.0,0.4364,-0.2742,210.0,0.2632,1.3244,210.0,0.4706,0.4278,210.0,0.2338,-0.2307,276.0,0.342,-0.1395,276.0,0.2682,0.0491,47.0,0.3563,-0.5419,40.0,0.3817,0.2682,47.0,0.583
57488,00-0036223,Jonathan Taylor,IND,6,False,1.0,0.08795909809742475,1.167364808216157,0.08795909809742475,70.0,31,795.0,0.4335,540.8,0.3161,0.5376,540.8,0.1456,0.4014,540.8,0.5445,-0.1271,540.8,0.666,0.274,540.8,0.4792,0.8976,540.8,0.6959,0.79,540.8,0.44,-0.8771,614.3,0.5364,-0.3839,614.3,0.4493,0.3223,77.8,0.478,0.5286,61.6,0.4875,-0.3579,77.8,0.6982
83689,00-0038611,Chris Rodriguez Jr.,WAS,3,True,0.8692113387594723,0.005870528698818404,0.5970868431095904,0.08319491896416216,69.8,33,163.0,0.4632,127.4,0.0982,0.6698,112.0,0.0341,0.8153,127.4,0.2197,0.4184,127.4,0.3196,0.9721,127.4,0.1782,-0.2879,127.4,0.3504,1.1038,127.4,0.1562,-0.544,96.8,0.1542,-1.5294,96.8,0.1139,-2.5572,4.6,0.0514,0.4743,3.6,0.0527,0.9411,4.6,0.1205
123974,00-0038555,Tank Bigsby,PHI,3,True,0.9207617752082978,0.043577203837329666,0.4962523422860479,0.07944637821534412,69.6,34,285.0,0.7079,174.5,0.1298,0.8052,92.4,0.0283,1.0939,174.5,0.2784,1.5466,174.5,0.3915,0.3735,174.5,0.229,0.4155,174.5,0.4249,0.9316,174.5,0.2023,-1.7176,136.7,0.2048,-1.151,136.7,0.1537,-1.3476,11.3,0.1171,1.2608,7.2,0.0994,-2.8825,11.3,0.2509
57121,00-0036893,Najee Harris,PIT,5,False,1.0,0.07202254979695533,1.1681874360291242,0.07202254979695533,69.2,35,536.0,0.3976,228.7,0.1635,-0.1774,228.7,0.0673,-0.0287,228.7,0.3358,0.5544,228.7,0.4575,-0.4048,228.7,0.2801,0.2691,228.7,0.4919,0.0047,228.7,0.2495,-0.0551,195.6,0.2692,0.3596,195.6,0.2062,0.2628,38.1,0.31,0.2961,30.8,0.3224,-0.5096,38.1,0.5315
131633,00-0037256,Rachaad White,TB,4,False,1.0,0.0679535278239297,0.8452746205956195,0.0679535278239297,69.0,36,576.0,0.5591,302.2,0.2053,-0.6742,302.2,0.087,-0.1848,302.2,0.4004,-0.2657,302.2,0.527,0.5292,302.2,0.3396,-0.473,302.2,0.5612,0.4409,302.2,0.3051,0.3839,626.5,0.5413,-0.1009,626.5,0.4541,0.3567,96.9,0.5331,0.4102,90.0,0.5815,0.6763,96.9,0.7425
41668,00-0036906,Khalil Herbert,CHI,5,False,1.0,0.06186147974474996,0.5636029959308626,0.06186147974474996,68.7,37,132.0,0.564,39.9,0.033,0.2607,39.9,0.0124,0.1818,39.9,0.0811,1.1704,39.9,0.1283,-0.2248,39.9,0.0636,0.7803,39.9,0.1446,0.6147,39.9,0.0548,0.4426,44.2,0.0768,-0.286,44.2,0.0554,-1.0393,7.9,0.0848,-0.6872,6.1,0.0854,0.7451,7.9,0.1896
77737,00-0036919,Kenneth Gainwell,PIT,5,False,1.0,0.0583996770853681,0.9021305509191756,0.0583996770853681,68.5,38,296.0,-0.7512,195.0,0.1429,0.4599,120.0,0.0365,-0.1328,195.0,0.3012,-0.2038,195.0,0.4183,-0.1031,195.0,0.2491,0.0881,195.0,0.4522,0.0041,195.0,0.2208,0.5477,499.4,0.4847,0.7588,499.4,0.3988,0.1566,112.2,0.5693,-0.5011,97.1,0.5998,0.4474,112.2,0.7695
11869,00-0033526,Samaje Perine,CIN,9,False,1.0,0.044991849998889104,0.4870457467677341,0.044991849998889104,67.8,39,137.0,-0.3746,100.0,0.0788,,,,0.2631,100.0,0.1811,0.0436,100.0,0.2694,2.1099,100.0,0.1454,-0.7815,100.0,0.2975,0.3371,100.0,0.1269,0.3467,248.9,0.3192,-0.4348,248.9,0.2485,0.0512,36.0,0.2979,-0.2845,32.1,0.3314,0.3193,36.0,0.5174
62946,00-0037525,Jordan Mason,MIN,4,False,1.0,0.04280442612076062,0.0775326946538817,0.04280442612076062,67.7,40,352.0,0.8818,255.2,0.1791,1.47,243.2,0.0712,0.6328,255.2,0.3607,0.3481,255.2,0.4848,0.7866,255.2,0.3028,0.5154,255.2,0.5193,0.302,255.2,0.2706,-1.0979,264.1,0.3322,-1.3374,264.1,0.2596,-0.3136,23.9,0.2197,-0.6534,21.0,0.2444,0.8648,23.9,0.4156
57212,00-0036275,D'Andre Swift,CHI,6,False,1.0,0.03903669400195914,0.5279646433987896,0.03903669400195914,67.5,41,747.0,0.6458,466.4,0.2851,-0.3157,466.4,0.1282,-0.5225,466.4,0.5076,-0.3114,466.4,0.6323,0.4754,466.4,0.4425,-0.0509,466.4,0.6638,0.5681,466.4,0.404,-0.0383,629.2,0.5424,-0.0125,629.2,0.4552,0.106,89.9,0.5144,0.9193,72.1,0.5267,0.1222,89.9,0.7279
45791,00-0034844,Saquon Barkley,PHI,8,False,1.0,0.03411009614055679,1.0516547140976242,0.03411009614055679,67.2,42,989.0,0.4711,620.5,0.3466,0.8598,620.5,0.1636,-0.1609,620.5,0.5783,-0.16,620.5,0.6958,-0.065,620.5,0.5136,1.1436,620.5,0.7242,0.1381,620.5,0.4742,-0.4796,649.8,0.5504,-0.2564,649.8,0.4632,0.0013,99.2,0.5389,-0.2834,77.7,0.5453,-0.2211,99.2,0.747
83601,00-0037267,Jerome Ford,CLV,4,False,1.0,0.03382680956160476,0.5148690549097631,0.03382680956160476,67.2,42,317.0,0.1913,121.6,0.0942,0.5254,121.6,0.0369,0.3613,121.6,0.2119,0.6039,121.6,0.3096,-0.6296,121.6,0.1715,1.4467,121.6,0.3399,0.0232,121.6,0.1502,-0.3458,272.8,0.3394,-0.4289,272.8,0.2659,-0.2489,42.5,0.3334,-0.3456,34.9,0.3499,-0.2481,42.5,0.5581
12164,00-0033699,Austin Ekeler,WAS,9,False,1.0,0.029195226327706388,,0.029195226327706388,67.0,44,278.0,-0.6353,108.6,0.0849,-0.6482,54.1,0.0168,-0.6033,108.6,0.1936,-0.5581,108.6,0.2859,-0.2047,108.6,0.156,0.5014,108.6,0.3149,-0.2397,108.6,0.1363,0.3068,261.2,0.3298,0.8284,261.2,0.2576,-0.0454,50.6,0.3733,1.2535,41.3,0.3891,0.0769,50.6,0.6007
57185,00-0036973,Travis Etienne Jr.,JAX,5,False,1.0,0.02790493547076725,1.2043069444187051,0.02790493547076725,66.9,45,687.0,-0.0996,433.3,0.2703,-0.4805,433.3,0.1202,-0.1525,433.3,0.4892,-0.1837,433.3,0.615,-0.5257,433.3,0.4244,0.2833,433.3,0.6471,-0.2806,433.3,0.3864,0.3125,552.9,0.5101,0.2803,552.9,0.4234,0.5333,99.8,0.5402,0.2864,80.0,0.5525,-0.1782,99.8,0.748
97118,00-0037840,Kyren Williams,LA,4,False,1.0,0.025469796585384202,0.3581298243519735,0.025469796585384202,66.8,46,895.0,1.1084,569.0,0.3272,0.1997,569.0,0.1521,-0.0462,569.0,0.557,-0.2262,569.0,0.6772,1.2825,569.0,0.4919,-0.5465,569.0,0.7066,0.64,569.0,0.4526,-0.3217,726.3,0.5777,-0.5863,726.3,0.491,0.5503,90.6,0.5163,-1.3639,74.9,0.5361,0.1798,90.6,0.7294
157196,00-0040122,Ashton Jeanty,LV,1,True,0.9155797101449274,-0.1362448603859961,1.590015603485555,0.009486548339392262,66.0,47,266.0,-0.1896,266.0,0.1853,-0.9718,266.0,0.0774,-0.0046,266.0,0.3702,0.8063,266.0,0.4951,-1.5606,266.0,0.3116,-0.5039,266.0,0.5296,-2.2989,266.0,0.2788,0.3747,359.0,0.4034,-0.0412,359.0,0.3228,-0.5065,68.0,0.4447,0.0854,55.0,0.4591,-0.0245,68.0,0.6692
57120,00-0037746,Brian Robinson,SF,4,False,1.0,0.009040474238187123,0.5736814103686332,0.009040474238187123,65.9,48,496.0,-0.3752,271.5,0.1884,-0.3149,271.5,0.0788,0.0043,271.5,0.375,0.1525,271.5,0.5002,0.2753,271.5,0.316,0.0376,271.5,0.5347,0.1303,271.5,0.2829,0.4631,273.6,0.3401,-0.4247,273.6,0.2665,-0.2187,41.1,0.3259,0.0056,33.1,0.338,0.3495,41.1,0.5498
11803,00-0033897,Joe Mixon,HST,9,False,1.0,0.005114830893390447,1.0114352719690842,0.005114830893390447,65.7,49,544.0,0.2217,235.6,0.1676,0.0267,235.6,0.0691,-0.2982,235.6,0.3424,-0.7566,235.6,0.4648,-0.3451,235.6,0.2861,0.1993,235.6,0.4993,0.1471,235.6,0.255,0.3772,262.4,0.3308,0.2012,262.4,0.2584,0.1334,47.9,0.3607,0.7043,37.2,0.3646,-0.14,47.9,0.5876
40693,00-0036139,Rico Dowdle,CAR,6,False,1.0,-0.00038800884103251383,-0.1553855810861859,-0.00038800884103251383,65.4,50,567.0,-0.2851,397.8,0.2538,0.363,370.2,0.1045,0.2388,397.8,0.4678,-0.4861,397.8,0.5946,0.3892,397.8,0.4036,-0.1829,397.8,0.6274,0.3495,397.8,0.3663,-0.2178,460.6,0.4645,0.1568,460.6,0.3795,0.1334,82.2,0.4919,0.0948,67.2,0.5091,0.061,82.2,0.7098
123727,00-0039391,Kimani Vidal,LAC,2,True,0.8949740815866576,-0.0904442612593334,0.7114214443820807,-0.006227579080181012,65.1,51,209.0,-0.0088,189.7,0.1395,0.3056,166.0,0.0497,-0.3048,189.7,0.2954,-0.175,189.7,0.4115,-1.0956,189.7,0.244,0.2953,189.7,0.4453,-0.6469,189.7,0.2161,-0.2758,291.2,0.3542,-0.7857,291.2,0.2789,0.2013,27.4,0.244,0.8522,20.8,0.2426,0.1659,27.4,0.4491
99467,00-0039021,Roschon Johnson,CHI,3,True,0.8472131147540983,-0.12797415196208708,0.533372946964754,-0.026928988650641833,64.1,52,136.0,-0.183,54.8,0.0447,,,,-1.3083,54.8,0.1079,-1.0627,54.8,0.168,0.8264,54.8,0.0852,-1.3244,54.8,0.1881,0.0157,54.8,0.0737,0.1594,132.3,0.1995,-0.2833,132.3,0.1494,0.2418,22.1,0.2062,-0.6166,19.1,0.2275,0.3679,22.1,0.3962
138346,00-0038794,Jaleel McLaughlin,DEN,3,True,0.9058585858585858,-0.030017152531664596,,-0.030017152531664596,63.9,53,236.0,-0.3147,131.2,0.1009,-1.0069,63.3,0.0195,-0.4377,131.2,0.2248,1.5127,131.2,0.3261,1.0432,131.2,0.1825,-0.3463,131.2,0.3571,0.6099,131.2,0.1602,-0.4868,150.9,0.2214,-0.5336,150.9,0.167,-0.923,32.2,0.2749,-0.0109,28.1,0.3027,-0.1461,32.2,0.4892
77763,00-0038705,Emari Demercado,ARZ,3,True,0.8061564059900165,0.003679271804499826,-0.2269659088265426,-0.041029818950103276,63.3,54,102.0,-1.0696,61.5,0.05,,,,3.6212,61.5,0.1197,-0.3539,61.5,0.1849,-1.0545,61.5,0.0948,2.2406,61.5,0.2067,-0.9188,61.5,0.0821,-0.8059,165.6,0.2378,-0.3683,165.6,0.1803,-0.4369,26.8,0.2397,-0.9846,19.4,0.23,-0.72,26.8,0.4433
146934,00-0039874,Jaylen Wright,MIA,2,True,0.8490932642487046,-0.1389640247386298,0.4864164712452333,-0.0445898954871789,63.2,55,138.0,0.1037,107.4,0.0841,,,,0.6281,107.4,0.1918,0.4486,107.4,0.2837,0.5695,107.4,0.1545,-0.1378,107.4,0.3125,-0.8476,107.4,0.135,-1.8861,82.9,0.1351,-0.8303,82.9,0.0992,-0.8176,11.3,0.1175,0.681,6.7,0.0931,-3.5481,11.3,0.2516
57206,00-0036414,Cam Akers,MIN,6,False,1.0,-0.04355042297217673,0.3631931561764632,-0.04355042297217673,63.2,55,169.0,0.0545,78.1,0.0626,-0.5114,60.0,0.0185,-0.4139,78.1,0.1472,0.0132,78.1,0.2236,-0.7459,78.1,0.1173,0.91,78.1,0.2484,-0.5494,78.1,0.1019,0.0256,83.2,0.1355,-0.6869,83.2,0.0995,-0.0479,12.4,0.1277,-0.8199,11.0,0.1454,0.6972,12.4,0.27
157128,00-0040784,Quinshon Judkins,CLV,1,True,0.9036393713813068,-0.11557125337143939,0.5822004108480263,-0.04833353717493996,63.0,57,230.0,-0.7471,230.0,0.1643,-0.052,230.0,0.0676,0.2595,230.0,0.337,-0.203,230.0,0.4589,-1.2934,230.0,0.2813,0.0428,230.0,0.4933,-0.7003,230.0,0.2505,0.1945,163.0,0.2349,0.18,163.0,0.1779,-0.6585,33.0,0.2799,-0.3972,26.0,0.2863,0.4292,33.0,0.4954
123056,00-0038951,Sean Tucker,TB,3,True,0.8472131147540983,-0.1220903619700259,0.3261424298893466,-0.05360626983675782,62.7,58,136.0,-0.2774,113.5,0.0884,,,,-0.7718,113.5,0.2005,-1.4079,113.5,0.295,-0.2578,113.5,0.1619,0.2711,113.5,0.3245,0.6035,113.5,0.1416,-0.1634,82.1,0.1339,0.2235,82.1,0.0983,-0.0464,17.1,0.1672,-0.0374,12.9,0.1666,-0.1815,17.1,0.3365
57165,00-0036265,AJ Dillon,GB,6,False,1.0,-0.058401001733947626,0.5597887412375167,-0.058401001733947626,62.4,59,178.0,0.223,53.8,0.044,-0.7972,53.8,0.0167,-0.4255,53.8,0.1063,-1.0758,53.8,0.1656,-0.6336,53.8,0.0839,-0.8771,53.8,0.1856,-0.3758,53.8,0.0726,0.5,65.3,0.1096,-0.0949,65.3,0.0798,0.5388,8.2,0.0878,0.9816,6.7,0.0931,0.2805,8.2,0.1955
57366,00-0036158,J.K. Dobbins,DEN,6,False,1.0,-0.067393556346258,0.529401947249847,-0.067393556346258,62.0,60,357.0,0.2272,265.2,0.1848,1.0367,265.2,0.0772,0.1515,265.2,0.3695,0.2621,265.2,0.4944,0.2974,265.2,0.3109,0.9003,265.2,0.5289,0.8177,265.2,0.2782,-0.8318,238.9,0.3103,-1.1404,238.9,0.2408,-1.1763,33.8,0.2847,-1.083,28.6,0.3062,-0.5695,33.8,0.5014
62942,00-0037276,Ty Chandler,MIN,4,False,1.0,-0.06852299579498224,0.2402331280583874,-0.06852299579498224,61.9,61,158.0,-0.6927,61.7,0.0501,-0.4349,30.9,0.0096,-1.0365,61.7,0.1199,-1.4147,61.7,0.1852,0.2073,61.7,0.0949,-0.1555,61.7,0.207,-0.038,61.7,0.0822,0.3527,72.7,0.1204,-0.1786,72.7,0.088,0.5869,10.6,0.1106,0.595,9.7,0.1296,0.724,10.6,0.239
83659,00-0037258,Dameon Pierce,HST,4,False,1.0,-0.07677225382552334,0.5777046330657717,-0.07677225382552334,61.5,62,194.0,-0.3532,70.1,0.0565,-1.1652,44.8,0.0139,1.2118,70.1,0.1341,0.3905,70.1,0.2053,-1.5883,70.1,0.1065,0.2421,70.1,0.2287,-0.5016,70.1,0.0924,-0.4723,66.0,0.1106,-1.1528,66.0,0.0806,-0.5509,7.3,0.0796,-0.9651,5.0,0.0721,0.1875,7.3,0.1793
11937,00-0033293,Aaron Jones,MIN,9,False,1.0,-0.07832367579561139,0.4844155635569734,-0.07832367579561139,61.4,63,581.0,0.0931,334.2,0.2222,-0.3926,334.2,0.0953,-0.1636,334.2,0.4248,-0.7601,334.2,0.552,0.5306,334.2,0.3625,-0.2861,334.2,0.5858,0.409,334.2,0.3269,-0.2651,438.0,0.452,0.3182,438.0,0.3677,-0.1916,86.4,0.5044,0.0265,68.0,0.512,-0.332,86.4,0.7199
129574,00-0039738,Blake Corum,LA,2,True,0.9032592900145319,-0.13442655573808263,0.4148130866269121,-0.08129272278352843,61.3,64,229.0,1.1547,202.9,0.1478,0.9633,171.0,0.0511,-0.9467,202.9,0.3096,-0.4385,202.9,0.4279,1.3519,202.9,0.2566,0.1011,202.9,0.462,1.2133,202.9,0.2277,-1.4979,164.6,0.2367,-0.87,164.6,0.1794,-0.644,23.4,0.2161,-1.1326,16.9,0.2064,-1.3186,23.4,0.4104
40341,00-0036251,Zack Moss,CIN,6,False,1.0,-0.09123751448169178,1.0977283969744838,-0.09123751448169178,60.8,65,257.0,-0.7551,96.1,0.0759,0.9319,55.4,0.0172,-0.717,96.1,0.1751,-0.278,96.1,0.2615,-0.6775,96.1,0.1405,-0.1249,96.1,0.2891,-0.5891,96.1,0.1225,-0.5187,155.7,0.2268,0.016,155.7,0.1714,0.7464,25.4,0.2305,-0.003,20.8,0.2431,-0.5836,25.4,0.4308
129891,00-0040236,Kyle Monangai,CHI,1,True,0.8856722276741903,-0.14251761215034894,0.1752965832320097,-0.10618262317876423,60.0,66,190.0,0.0765,190.0,0.1397,-0.0785,190.0,0.0565,-0.3253,190.0,0.2957,-0.6055,190.0,0.4119,0.7502,190.0,0.2443,-0.2172,190.0,0.4457,0.3306,190.0,0.2164,-1.2324,256.0,0.3253,-0.2624,256.0,0.2537,-0.2104,34.0,0.2859,0.8576,23.0,0.262,-1.1954,34.0,0.5028
77803,00-0036997,Javonte Williams,DAL,5,False,1.0,-0.11538335829091306,1.3984627646705845,-0.11538335829091306,59.5,67,615.0,0.1842,397.9,0.2538,-0.081,397.9,0.1115,0.3404,397.9,0.4679,0.1646,397.9,0.5947,0.3757,397.9,0.4037,0.0262,397.9,0.6275,0.4706,397.9,0.3664,-0.6719,559.4,0.5131,-0.7137,559.4,0.4262,-0.8335,100.0,0.5409,-0.7359,78.9,0.5491,0.1704,100.0,0.7485
46027,00-0034184,Gus Edwards,LAC,8,False,1.0,-0.11816802391876675,0.2362372447901486,-0.11816802391876675,59.4,68,319.0,-0.2425,123.2,0.0953,-0.4838,123.2,0.0374,-0.4009,123.2,0.214,-0.7903,123.2,0.3124,0.5884,123.2,0.1733,-0.3472,123.2,0.3428,-0.0922,123.2,0.1519,-0.7437,90.8,0.146,-0.7679,90.8,0.1076,0.2952,6.7,0.0735,0.3727,5.9,0.0833,0.723,6.7,0.167
84226,00-0039384,Tyrone Tracy,NYG,2,True,0.9375167605256101,-0.17335660241686465,0.6654883846675105,-0.12094285020698009,59.2,69,368.0,-0.2795,281.6,0.194,-0.4962,281.6,0.0815,-0.5533,281.6,0.3836,-0.6066,281.6,0.5094,-0.7,281.6,0.3239,0.0539,281.6,0.5438,-0.1272,281.6,0.2904,-0.4482,441.5,0.454,0.052,441.5,0.3696,-0.0625,70.5,0.4537,0.1656,56.9,0.4675,-0.2843,70.5,0.6771
154173,00-0038797,Emanuel Wilson,GB,3,True,0.9043906442347147,-0.13374579384646393,,-0.13374579384646393,58.6,70,232.0,0.3346,184.3,0.1361,-0.4416,184.3,0.0549,-0.0381,184.3,0.2894,-0.3508,184.3,0.4046,0.8851,184.3,0.2387,-1.1734,184.3,0.4382,0.2644,184.3,0.2112,-1.2122,198.9,0.2726,-0.6838,198.9,0.209,0.0393,24.2,0.2222,0.7188,21.6,0.25,-0.067,24.2,0.4191
40485,00-0035250,Devin Singletary,NYG,7,False,1.0,-0.1600350251409777,0.9618616426148904,-0.1600350251409777,57.2,71,470.0,-0.2112,253.1,0.1779,-0.7324,253.1,0.0739,-0.658,253.1,0.3588,-0.4607,253.1,0.4828,-0.3553,253.1,0.3011,-0.3693,253.1,0.5173,0.103,253.1,0.2689,-0.2915,307.7,0.3669,-0.0789,307.7,0.2901,-0.1652,45.8,0.3505,0.11,41.0,0.3878,0.2509,45.8,0.5768
40555,00-0035243,Miles Sanders,CAR,7,False,1.0,-0.17406714873970544,0.3769647978739615,-0.17406714873970544,56.5,72,184.0,-0.6569,69.3,0.0559,-0.89,39.0,0.0122,-0.6108,69.3,0.1328,-0.4696,69.3,0.2034,-0.1503,69.3,0.1054,-0.3426,69.3,0.2267,-0.9636,69.3,0.0915,0.0309,135.3,0.2031,-0.1508,135.3,0.1523,-1.1122,26.9,0.2406,-0.9072,21.4,0.248,0.3877,26.9,0.4445
57373,00-0036555,Chuba Hubbard,CAR,5,False,1.0,-0.17289507474932853,0.3824657882463371,-0.17289507474932853,56.5,72,635.0,0.5433,356.5,0.2336,0.0844,356.5,0.101,-0.1815,356.5,0.4407,-0.714,356.5,0.5679,0.4491,356.5,0.3776,-0.7019,356.5,0.6014,0.1174,356.5,0.3413,-0.6867,511.0,0.4905,-0.4385,511.0,0.4043,-0.3658,80.9,0.488,-0.1278,67.4,0.51,-0.0554,80.9,0.7065
124179,00-0040583,Woody Marks,HST,1,True,0.9032592900145319,-0.23526187549622873,0.318595954491717,-0.18168127579218415,56.1,74,229.0,-0.7217,229.0,0.1637,-0.3133,229.0,0.0673,-1.0988,229.0,0.336,-1.137,229.0,0.4578,-0.7742,229.0,0.2804,-0.4681,229.0,0.4922,-1.2458,229.0,0.2497,-0.1731,284.0,0.3485,-0.4344,284.0,0.2739,0.7579,40.0,0.3202,0.5198,26.0,0.2863,0.4292,40.0,0.5434
11841,00-0033923,Kareem Hunt,KC,9,False,1.0,-0.1929021369535263,1.270350282431434,-0.1929021369535263,55.5,75,534.0,0.2317,331.7,0.2209,-0.9002,331.7,0.0947,-0.7689,331.7,0.423,-0.7787,331.7,0.5501,0.9716,331.7,0.3607,-1.3416,331.7,0.584,0.9569,331.7,0.3252,-0.3333,454.8,0.4614,-0.9029,454.8,0.3765,0.1804,48.7,0.3644,0.1092,38.4,0.3718,0.3638,48.7,0.5915
11844,00-0033925,D'Onta Foreman,CLV,9,False,1.0,-0.2045876270570488,0.2859938665279636,-0.2045876270570488,54.9,76,180.0,-0.5596,72.0,0.058,-0.0903,33.0,0.0103,-0.9795,72.0,0.1373,-0.7417,72.0,0.2098,-0.3684,72.0,0.1092,-1.1925,72.0,0.2336,-0.9311,72.0,0.0947,-0.7321,69.7,0.1161,-0.5465,69.7,0.0848,0.2532,8.9,0.0952,-0.4431,6.6,0.0928,-0.6293,8.9,0.21
83665,00-0038040,Zamir White,LV,4,False,1.0,-0.21562436883801847,0.2522064033951575,-0.21562436883801847,54.3,77,169.0,-1.7456,67.2,0.0543,0.3101,31.5,0.0098,-0.5647,67.2,0.1293,-1.0639,67.2,0.1986,-1.963,67.2,0.1026,-0.4143,67.2,0.2215,-2.3325,67.2,0.089,0.1999,58.0,0.0985,-0.5141,58.0,0.0715,-0.2773,9.5,0.101,-0.4497,7.8,0.1079,0.7139,9.5,0.2211
45817,00-0034972,Alexander Mattison,LV,7,False,1.0,-0.23847909092326916,0.4063568068157388,-0.23847909092326916,53.1,78,312.0,-0.7262,127.1,0.098,-1.0534,127.1,0.0385,-0.6756,127.1,0.2192,-0.5385,127.1,0.319,-0.5536,127.1,0.1777,-0.5759,127.1,0.3497,-0.9918,127.1,0.1559,-0.7184,204.0,0.2776,0.1282,204.0,0.2132,-0.3139,37.5,0.3061,-0.0588,28.9,0.3083,-0.5519,37.5,0.527
27126,00-0035261,Tony Pollard,TEN,7,False,1.0,-0.24030528844359322,0.3625348423376783,-0.24030528844359322,53.0,79,769.0,-0.0586,465.8,0.2848,-0.0565,465.8,0.128,0.3444,465.8,0.5072,-0.4792,465.8,0.632,-0.2247,465.8,0.4421,0.0931,465.8,0.6635,-0.2504,465.8,0.4036,-0.7751,602.3,0.5315,-0.6149,602.3,0.4444,-0.6773,92.2,0.5207,-1.0148,74.3,0.5342,-0.4918,92.2,0.7329
10638,00-0033045,Ezekiel Elliott,DAL,10,False,1.0,-0.25102124671956133,0.903371905312748,-0.25102124671956133,52.5,80,258.0,-0.8032,96.4,0.0761,-0.8385,55.7,0.0172,-0.7028,96.4,0.1756,-1.2832,96.4,0.2621,-0.8029,96.4,0.1409,-1.7819,96.4,0.2897,-0.7541,96.4,0.1228,0.1374,145.1,0.2147,-0.308,145.1,0.1616,-0.2148,26.7,0.2393,-0.2034,22.0,0.2537,0.3061,26.7,0.4427
13750,00-0036370,Joshua Kelley,LAC,6,False,1.0,-0.262878701482212,0.1356912837958097,-0.262878701482212,51.9,81,107.0,-1.389,32.4,0.0269,-0.6027,32.4,0.0101,-0.1397,32.4,0.0668,-1.3497,32.4,0.1066,-0.7328,32.4,0.0522,-0.0167,32.4,0.1205,-1.3023,32.4,0.0449,-2.1064,52.3,0.0897,-1.5716,52.3,0.065,-0.891,3.3,0.0377,-1.3385,2.4,0.036,-1.4159,3.3,0.0901
11889,00-0033948,Jamaal Williams,NO,9,False,1.0,-0.2918785550145703,,-0.2918785550145703,50.4,82,154.0,-0.9686,58.5,0.0476,-1.7873,32.1,0.01,-1.014,58.5,0.1144,-1.1204,58.5,0.1773,-1.3554,58.5,0.0905,-1.6385,58.5,0.1984,-1.1606,58.5,0.0783,-0.4258,78.7,0.129,-0.7559,78.7,0.0946,-0.4124,10.7,0.1119,-1.2074,10.4,0.1382,0.7138,10.7,0.2414
11822,00-0033906,Alvin Kamara,NO,9,False,1.0,-0.2926572176871758,0.8524687263125725,-0.2926572176871758,50.3,83,539.0,-0.5287,310.9,0.2099,-1.2941,310.9,0.0892,-0.6686,310.9,0.4072,-0.5541,310.9,0.534,-0.5493,310.9,0.3459,-0.5735,310.9,0.5682,-0.7279,310.9,0.3112,-0.4927,492.4,0.4812,0.4798,492.4,0.3954,-0.4118,112.9,0.5707,-0.5538,93.1,0.5896,-0.2161,112.9,0.7705
83747,00-0037197,Isiah Pacheco,KC,4,False,1.0,-0.4140097733091516,-0.3165498322512686,-0.4140097733091516,50.0,84,500.0,-0.3467,257.3,0.1803,-0.5744,204.5,0.0606,-0.5245,257.3,0.3625,-1.1998,257.3,0.4868,-0.6242,257.3,0.3045,-0.8587,257.3,0.5213,-0.517,257.3,0.2722,-0.9998,425.0,0.4446,-0.9938,425.0,0.3608,-0.2834,55.8,0.3964,-0.3727,44.2,0.4055,-0.5724,55.8,0.6239
45783,00-0034791,Nick Chubb,HST,8,False,1.0,-0.30878464652159243,0.8003089142857821,-0.30878464652159243,50.0,84,238.0,-0.1192,192.1,0.1411,0.0262,192.1,0.0571,-0.6898,192.1,0.298,0.3081,192.1,0.4146,-0.6892,192.1,0.2463,-0.6464,192.1,0.4485,-0.3976,192.1,0.2182,-0.9663,190.8,0.2644,-1.2715,190.8,0.2022,-1.1968,23.9,0.22,-1.5234,15.8,0.1955,-0.658,23.9,0.416
