pff_id,gsis_id,player,team,seasons_in_window,nfl_seasons,blend_applies,nfl_qb,college_qb,lambda,talent_qb,score,rank_qb,N_eff,z_grades_pass,z_CPOE,z_btt_rate,z_twp_rate,z_pressure_grades_pass,z_accuracy_pct,z_EPA_dropback,z_deep_CPOE,z_grades_run,neff_grades_pass,neff_CPOE,neff_btt_rate,neff_twp_rate,neff_pressure_grades_pass,neff_accuracy_pct,neff_EPA_dropback,neff_deep_CPOE,neff_grades_run
46601,00-0034857,Josh Allen,BUF,3,8,False,0.8848,0.1183,1.0,0.8848,99.0,1,1212.13,1.2481,0.3929,1.2015,0.6179,0.9276,0.7481,0.85,0.2487,1.6989,1212.1,900.8,1212.1,1212.1,1212.1,1212.1,1212.1,134.5,246.7
28022,00-0036442,Joe Burrow,CIN,3,6,False,0.675,1.0817,1.0,0.675,94.7,2,808.6575,1.7227,0.951,1.136,1.5266,2.2387,0.8251,0.5565,0.5455,-0.0167,808.7,715.0,808.7,808.7,808.7,808.7,808.7,63.6,46.5
46416,00-0034796,Lamar Jackson,BLT,3,8,False,0.6023,0.5818,1.0,0.6023,91.8,3,887.8325,0.972,-0.2158,0.3439,0.7229,0.8419,0.3633,0.81,0.5591,1.2701,887.8,678.9,887.8,887.8,887.8,887.8,887.8,101.9,205.5
77672,00-0037834,Brock Purdy,SF,3,4,False,0.5808,0.1239,1.0,0.5808,91.0,4,866.2950000000001,0.8453,1.0762,0.0142,-0.0654,1.0047,0.6877,0.8491,1.1014,1.087,866.3,668.6,866.3,866.3,866.3,866.3,866.3,81.3,99.3
143969,00-0039851,Drake Maye,NE,2,2,True,0.506,0.9196,0.9483,0.5273,88.9,5,987.1,0.325,2.1163,0.348,-0.05,-0.2753,0.6384,0.5631,0.9641,0.9406,987.1,669.6,987.1,987.1,987.1,987.1,987.1,109.2,161.7
28237,00-0036355,Justin Herbert,LAC,3,6,False,0.5236,0.2173,1.0,0.5236,88.7,6,1157.2,0.835,0.7089,0.3628,0.666,0.5893,0.3801,0.4397,0.2588,0.816,1157.2,927.1,1157.2,1157.2,1157.2,1157.2,1157.2,119.6,146.7
40291,00-0036389,Jalen Hurts,PHI,3,6,False,0.5099,0.8251,1.0,0.5099,88.2,7,1074.7525,0.5233,1.1864,0.4466,0.7314,0.0726,0.4649,0.5553,0.4452,0.8175,1074.8,805.4,1074.8,1074.8,1074.8,1074.8,1074.8,113.7,259.0
97993,00-0039910,Jayden Daniels,WAS,2,2,True,0.4433,1.1197,0.9236,0.495,87.6,8,649.8,0.9211,-0.2556,-0.0039,1.0971,0.3333,0.7518,0.5187,0.823,0.8189,649.8,444.3,649.8,649.8,649.8,649.8,649.8,48.4,158.7
11765,00-0033873,Patrick Mahomes,KC,3,9,False,0.4634,0.7814,1.0,0.4634,86.4,9,1273.415,0.5044,-0.6374,-0.1014,0.446,1.0019,0.2984,0.6219,-0.0004,1.3802,1273.4,1002.1,1273.4,1273.4,1273.4,1273.4,1273.4,115.8,137.6
10769,00-0033077,Dak Prescott,DAL,3,10,False,0.4544,0.2952,1.0,0.4544,86.0,10,1054.4775,1.0477,1.2061,0.5826,0.274,1.651,0.505,0.5544,1.032,-0.1428,1054.5,924.8,1054.5,1054.5,1054.5,1054.5,1054.5,103.3,78.9
7077,00-0029263,Russell Wilson,PIT,2,14,False,0.3454,,1.0,0.3454,81.7,11,394.625,0.4375,0.3589,1.3718,0.9821,0.1684,1.0944,0.2102,1.7062,0.3535,394.6,320.0,394.6,394.6,394.6,394.6,394.6,44.2,49.5
77632,00-0036971,Trevor Lawrence,JAX,3,5,False,0.2889,0.769,1.0,0.2889,79.5,12,1051.4625,0.7691,-0.6741,0.5418,-0.1645,0.8063,-0.3687,0.295,0.5016,0.6224,1051.5,881.3,1051.5,1051.5,1051.5,1051.5,1051.5,123.0,123.5
29048,00-0034869,Sam Darnold,SEA,2,8,False,0.2633,0.3689,1.0,0.2633,78.5,13,994.6,0.7677,0.9533,1.0232,-0.1217,0.5798,0.7164,0.4917,1.424,-0.5066,994.6,764.8,994.6,994.6,994.6,994.6,994.6,103.7,79.1
38334,00-0035228,Kyler Murray,ARZ,3,7,False,0.2538,1.2171,1.0,0.2538,78.1,14,624.6600000000001,0.3197,0.085,-0.2034,1.0716,-0.1942,0.5121,0.6186,-0.4972,0.6146,624.7,539.6,624.7,624.7,624.7,624.7,624.7,54.4,85.2
146409,00-0040691,Jaxson Dart,NYG,1,1,True,0.1478,0.9373,0.885,0.2386,77.5,15,414.0,-0.4149,-0.3961,0.7009,0.0411,0.2194,0.0246,0.203,-0.1519,0.8105,414.0,326.0,414.0,414.0,414.0,414.0,414.0,45.0,86.0
40306,00-0036264,Jordan Love,GB,3,6,False,0.2085,0.033,1.0,0.2085,76.4,16,1021.0225,1.139,0.3815,0.6901,0.4486,0.6866,0.2855,0.8331,0.5544,-0.823,1021.0,828.3,1021.0,1021.0,1021.0,1021.0,1021.0,134.7,80.1
97790,00-0039732,Bo Nix,DEN,2,2,True,0.1503,0.8728,0.9534,0.1839,75.4,17,1099.7,0.4547,-0.6547,0.3212,0.6866,-0.441,0.4103,0.396,0.5258,0.1706,1099.7,923.9,1099.7,1099.7,1099.7,1099.7,1099.7,118.3,147.8
46518,00-0034855,Baker Mayfield,TB,3,8,False,0.1816,1.0634,1.0,0.1816,75.3,18,1224.22,0.2352,-0.0492,0.1635,-0.3701,-0.1333,-0.0812,0.4716,-0.2328,0.7443,1224.2,1027.7,1224.2,1224.2,1224.2,1224.2,1224.2,122.3,111.8
144622,00-0039918,Caleb Williams,CHI,2,2,True,0.1403,0.8432,0.9539,0.1728,75.0,19,1112.1,-0.0807,-1.3556,0.5389,0.3149,0.2763,-1.177,0.2451,-0.1272,0.9779,1112.1,877.1,1112.1,1112.1,1112.1,1112.1,1112.1,136.5,130.6
123943,00-0039150,Bryce Young,CAR,3,3,True,0.1163,0.6969,0.95,0.1453,73.9,20,1021.6550000000001,-0.1957,-0.0229,0.485,0.4653,0.6402,0.0932,-0.1604,0.3795,0.1711,1021.7,843.7,1021.7,1021.7,1021.7,1021.7,1021.7,83.7,92.4
10635,00-0033106,Jared Goff,DET,3,10,False,0.1301,0.714,1.0,0.1301,73.3,21,1199.7025,0.689,0.7004,-0.7263,0.7094,0.2326,1.4831,0.8026,0.7475,-0.8076,1199.7,1057.5,1199.7,1199.7,1199.7,1199.7,1199.7,83.0,51.2
83537,00-0040743,Tyler Shough,NO,1,1,True,0.0682,0.4403,0.8755,0.1146,72.7,22,378.0,0.3175,0.2218,-0.1988,1.1355,-0.3713,0.6975,0.2486,-1.0533,-0.1167,378.0,325.0,378.0,378.0,378.0,378.0,378.0,39.0,45.0
39395,00-0035710,Daniel Jones,IND,3,7,False,0.1042,0.1656,1.0,0.1042,72.3,23,706.1725,-0.2359,0.4784,-0.9317,-0.0612,-0.0564,0.6091,0.2257,0.2236,0.6074,706.2,610.2,706.2,706.2,706.2,706.2,706.2,59.1,94.0
82118,00-0036945,Justin Fields,NYJ,3,5,False,0.0843,0.9111,1.0,0.0843,71.5,24,506.59250000000003,-0.3172,0.3181,-0.2719,0.4404,-0.1399,0.5421,-0.2428,0.0621,0.3964,506.6,366.9,506.6,506.6,506.6,506.6,506.6,42.2,142.9
8671,00-0031280,Derek Carr,NO,2,12,False,0.0742,,1.0,0.0742,71.1,25,342.87,0.9873,1.1786,0.1776,0.7864,1.0638,0.8393,0.807,-0.1185,-1.5696,342.9,319.2,342.9,342.9,342.9,342.9,342.9,42.3,19.0
129759,00-0039163,C.J. Stroud,HST,3,3,True,0.0502,0.4492,0.9547,0.0683,70.9,26,1132.045,0.0448,0.1241,-0.1432,-0.0094,-0.3796,-1.03,0.3549,0.2021,0.3634,1132.0,853.2,1132.0,1132.0,1132.0,1132.0,1132.0,111.3,99.8
4924,00-0026498,Matthew Stafford,LA,3,17,False,0.0612,,1.0,0.0612,70.6,27,1283.4125,1.3187,0.092,1.6064,0.0355,0.1589,-0.5055,0.6671,0.6657,-1.5631,1283.4,1039.0,1283.4,1283.4,1283.4,1283.4,1283.4,163.8,59.1
7102,00-0029604,Kirk Cousins,ATL,3,14,False,0.0562,,1.0,0.0562,70.4,28,655.8775,0.4311,0.5874,-0.7271,0.1592,0.422,0.177,0.1905,-0.5947,-0.1798,655.9,591.2,655.9,655.9,655.9,655.9,655.9,56.8,31.4
7820,00-0030565,Geno Smith,LV,3,13,False,0.0422,,1.0,0.0422,69.8,29,1049.8825000000002,0.054,0.6058,-0.0292,-0.1478,-0.3618,0.8645,0.0738,0.3554,-0.1137,1049.9,916.8,1049.9,1049.9,1049.9,1049.9,1049.9,95.4,81.3
60515,00-0038102,Kenny Pickett,PIT,1,4,False,-0.0024,0.3715,1.0,-0.0024,68.1,30,109.80750000000002,-0.0584,0.0333,-0.2182,1.1749,0.2807,-0.7609,-0.3189,-0.2584,-0.1473,109.8,95.0,109.8,109.8,109.8,109.8,109.8,9.4,12.7
11890,00-0033949,Joshua Dobbs,MIN,1,9,False,-0.0044,0.3455,1.0,-0.0044,68.0,31,146.71250000000003,-0.7402,-0.1229,-0.9335,-0.8407,-0.9323,-0.6738,-0.0722,-0.3249,0.9981,146.7,126.1,146.7,146.7,146.7,146.7,146.7,12.7,23.3
10725,00-0033119,Jacoby Brissett,ARZ,2,10,False,-0.011,0.2764,1.0,-0.011,67.7,32,653.4,-0.1969,0.7098,-0.5544,0.4104,-0.3341,-0.0763,-0.2036,-0.0887,-0.0214,653.4,571.5,653.4,653.4,653.4,653.4,653.4,49.6,46.2
4332,00-0026158,Joe Flacco,CIN,3,18,False,-0.0594,,1.0,-0.0594,65.8,33,666.6625,-0.1333,-0.0478,-0.3584,-0.1231,-0.7919,-0.4559,-0.2358,-0.2097,0.3281,666.7,608.1,666.7,666.7,666.7,666.7,666.7,71.7,29.6
9434,00-0031503,Jameis Winston,CLV,1,11,False,-0.0773,0.4544,1.0,-0.0773,65.1,34,180.95000000000002,-0.1602,-0.5606,-0.3138,-1.9868,-1.5322,-1.098,-0.3938,-0.0148,0.9388,181.0,156.2,181.0,181.0,181.0,181.0,181.0,18.7,13.8
60516,00-0038579,Aidan O'Connell,LV,2,3,True,-0.0984,-0.031,0.8246,-0.0866,64.8,35,252.72500000000002,-0.8423,-0.3135,0.0451,-0.0011,0.0931,-0.5783,0.2762,-0.0328,0.0288,252.7,221.4,252.7,252.7,252.7,252.7,252.7,26.8,16.7
60323,00-0036972,Mac Jones,SF,3,5,False,-0.0958,0.9867,1.0,-0.0958,64.4,36,595.1475,-0.21,0.297,-0.8503,-0.2279,-0.3196,0.6397,0.2277,-1.8479,0.0347,595.1,532.5,595.1,595.1,595.1,595.1,595.1,47.0,60.3
97599,00-0037077,Sam Howell,WAS,1,4,False,-0.101,0.8276,1.0,-0.101,64.2,37,215.38000000000002,-0.9164,0.0627,0.367,-0.6081,-0.9163,0.1677,-0.0419,-0.4446,0.2074,215.4,185.1,215.4,215.4,215.4,215.4,215.4,21.2,14.5
6332,00-0028118,Tyrod Taylor,NYJ,2,15,False,-0.1249,,1.0,-0.1249,63.3,38,237.76,-0.5659,0.0886,-0.362,0.1356,0.9244,0.3434,-0.6509,-1.0677,-0.3392,237.8,165.6,237.8,237.8,237.8,237.8,237.8,26.9,38.5
82134,00-0039917,Michael Penix Jr.,ATL,1,2,True,-0.2666,0.6243,0.8493,-0.1323,63.0,39,303.0,-0.9251,-0.8858,-0.9057,-0.0431,-0.7737,-0.9687,0.311,-1.3666,-0.0153,303.0,276.0,303.0,303.0,303.0,303.0,303.0,35.0,21.0
97408,00-0039376,Spencer Rattler,NO,2,2,True,-0.1965,0.2784,0.8905,-0.1445,62.5,40,437.20000000000005,-0.8459,-0.3014,-0.4085,-1.7169,-0.0173,-0.2395,-1.0666,-0.919,0.5878,437.2,381.4,437.2,437.2,437.2,437.2,437.2,45.9,40.9
2241,00-0023459,Aaron Rodgers,PIT,2,21,False,-0.1665,,1.0,-0.1665,61.6,41,932.6500000000001,0.1491,-0.8013,0.3436,0.882,-0.3982,0.0564,0.0992,-0.1436,-1.0568,932.7,819.2,932.7,932.7,932.7,932.7,932.7,85.1,33.1
133244,00-0040676,Cam Ward,TEN,1,1,True,-0.2692,0.6518,0.9205,-0.1961,60.5,42,623.0,-1.0568,-0.8928,-0.263,-0.1273,-1.2189,-1.161,-0.3881,0.6471,0.2672,623.0,537.0,623.0,623.0,623.0,623.0,623.0,53.0,39.0
11767,00-0033537,Deshaun Watson,CLV,2,9,False,-0.2161,0.7977,1.0,-0.2161,59.7,43,210.51250000000002,-0.575,-0.7445,-0.3814,1.3268,-0.1857,0.1983,-1.3865,-0.5569,-0.7274,210.5,169.0,210.5,210.5,210.5,210.5,210.5,17.1,25.2
82096,00-0037013,Zach Wilson,NYJ,1,5,False,-0.2287,,1.0,-0.2287,59.2,44,132.7975,-0.9471,-0.4685,-0.9985,0.5547,-1.044,-0.5578,-0.6731,-0.2226,-0.5759,132.8,108.0,132.8,132.8,132.8,132.8,132.8,10.6,10.9
83542,00-0039152,Will Levis,TEN,2,3,True,-0.3893,0.1682,0.8424,-0.3015,56.3,45,287.43000000000006,-1.257,-0.6577,0.7208,-1.1237,-1.3281,-0.7446,-0.8044,0.5004,-0.6714,287.4,232.1,287.4,287.4,287.4,287.4,287.4,39.5,32.3
41401,00-0035289,Gardner Minshew,LV,2,7,False,-0.3805,0.3354,1.0,-0.3805,53.2,46,355.46500000000003,-0.7926,-0.0966,-1.3561,0.2082,-1.1335,0.2387,-0.282,0.0322,-1.1777,355.5,311.7,355.5,355.5,355.5,355.5,355.5,29.2,20.7
55086,00-0038122,Desmond Ridder,ATL,1,4,False,-0.4328,0.5449,1.0,-0.4328,51.2,47,132.7975,-1.2535,-0.5677,-0.6083,-1.7709,-0.6051,-0.4997,0.0971,0.6502,-1.4701,132.8,110.7,132.8,132.8,132.8,132.8,132.8,13.6,16.0
60326,00-0036212,Tua Tagovailoa,MIA,3,6,False,-0.4437,0.619,1.0,-0.4437,50.7,48,877.3875,0.1614,0.1964,0.0796,-0.7384,-0.1293,0.8112,0.4876,0.0345,-2.5068,877.4,772.9,877.4,877.4,877.4,877.4,877.4,69.3,40.8
12324,00-0033662,Cooper Rush,DAL,1,9,False,-0.7375,0.3706,1.0,-0.7375,50.0,49,179.3,-1.0611,-1.7613,-1.0888,-0.25,-0.0028,-1.1505,-0.8069,-1.0804,-3.1879,179.3,161.7,179.3,179.3,179.3,179.3,179.3,16.5,14.3
