season,player,position,team,ffc_adp,fmt,norm_name,ffc_overall_rank,ffc_pos_rank
2008,LaDainian Tomlinson,RB,LAC,1.4,standard,ladainian tomlinson,1,1
2008,Adrian Peterson,RB,MIN,2.4,standard,adrian peterson,2,2
2008,Brian Westbrook,RB,PHI,2.8,standard,brian westbrook,3,3
2008,Joseph Addai,RB,IND,4.7,standard,joseph addai,4,4
2008,Steven Jackson,RB,LAR,5.2,standard,steven jackson,5,5
2008,Tom Brady,QB,NE,5.7,standard,tom brady,6,1
2008,Marion Barber,RB,DAL,6.8,standard,marion barber,7,6
2008,Randy Moss,WR,NE,8.4,standard,randy moss,8,1
2008,Frank Gore,RB,SF,9.3,standard,frank gore,9,7
2008,Clinton Portis,RB,WAS,10.2,standard,clinton portis,10,8
2008,Marshawn Lynch,RB,,11.7,standard,marshawn lynch,11,9
2008,Terrell Owens,WR,DAL,11.7,standard,terrell owens,11,2
2008,Reggie Wayne,WR,IND,14.1,standard,reggie wayne,13,3
2008,Peyton Manning,QB,IND,14.7,standard,peyton manning,14,2
2008,Braylon Edwards,WR,CLE,16.3,standard,braylon edwards,15,4
2008,Larry Johnson,RB,KC,16.6,standard,larry johnson,16,10
2008,Tony Romo,QB,DAL,18.2,standard,tony romo,17,3
2008,Andre Johnson,WR,HOU,18.7,standard,andre johnson,18,5
2008,Larry Fitzgerald,WR,ARI,18.9,standard,larry fitzgerald,19,6
2008,Ryan Grant,RB,GB,19.6,standard,ryan grant,20,11
2008,Marques Colston,WR,NO,20.4,standard,marques colston,21,7
2008,Maurice Jones-Drew,RB,JAX,21.5,standard,maurice jonesdrew,22,12
2008,Drew Brees,QB,NO,24.4,standard,drew brees,23,4
2008,T.J. Houshmandzadeh,WR,CIN,24.6,standard,tj houshmandzadeh,24,8
2008,Jamal Lewis,RB,CLE,26.6,standard,jamal lewis,25,13
2008,Chad Johnson,WR,CIN,28.3,standard,chad johnson,26,9
2008,Willis McGahee,RB,BAL,28.4,standard,willis mcgahee,27,14
2008,Plaxico Burress,WR,NYG,28.6,standard,plaxico burress,28,10
2008,Steve Smith,WR,CAR,30.2,standard,steve smith,29,11
2008,Reggie Bush,RB,NO,30.9,standard,reggie bush,30,15
2008,Torry Holt,WR,LAR,31.5,standard,torry holt,31,12
2008,Wes Welker,WR,NE,33.6,standard,wes welker,32,13
2008,Brandon Jacobs,RB,NYG,34.0,standard,brandon jacobs,33,16
2008,Thomas Jones,RB,NYJ,34.9,standard,thomas jones,34,17
2008,Santonio Holmes,WR,PIT,35.4,standard,santonio holmes,35,14
2008,Brandon Marshall,WR,DEN,35.5,standard,brandon marshall,36,15
2008,Anquan Boldin,WR,ARI,36.7,standard,anquan boldin,37,16
2008,Laurence Maroney,RB,NE,39.4,standard,laurence maroney,38,18
2008,Carson Palmer,QB,CIN,39.5,standard,carson palmer,39,5
2008,Willie Parker,RB,PIT,40.0,standard,willie parker,40,19
2008,Roy Williams,WR,DAL,41.8,standard,roy williams,41,17
2008,Calvin Johnson,WR,DET,42.6,standard,calvin johnson,42,18
2008,Michael Turner,RB,ATL,43.1,standard,michael turner,43,20
2008,Jason Witten,TE,DAL,44.1,standard,jason witten,44,1
2008,Darren McFadden,RB,LV,44.6,standard,darren mcfadden,45,21
2008,Marvin Harrison,WR,IND,45.5,standard,marvin harrison,46,19
2008,Ben Roethlisberger,QB,PIT,46.2,standard,ben roethlisberger,47,6
2008,Earnest Graham,RB,TB,48.5,standard,earnest graham,48,22
2008,Greg Jennings,WR,GB,49.6,standard,greg jennings,49,20
2008,Todd Heap,TE,BAL,50.3,standard,todd heap,50,2
2008,Antonio Gates,TE,LAC,51.1,standard,antonio gates,51,3
2008,Derek Anderson,QB,CLE,51.3,standard,derek anderson,52,7
2008,Kellen Winslow,TE,CLE,53.2,standard,kellen winslow,53,4
2008,Jerricho Cotchery,WR,NYJ,56.0,standard,jerricho cotchery,54,21
2008,Jonathan Stewart,RB,CAR,56.1,standard,jonathan stewart,55,23
2008,Dwayne Bowe,WR,KC,57.1,standard,dwayne bowe,56,22
2008,Edgerrin James,RB,ARI,57.7,standard,edgerrin james,57,24
2008,Selvin Young,RB,DEN,58.6,standard,selvin young,58,25
2008,Donovan McNabb,QB,PHI,59.9,standard,donovan mcnabb,59,8
2008,Hines Ward,WR,PIT,60.5,standard,hines ward,60,23
2008,Dallas Clark,TE,IND,61.2,standard,dallas clark,61,5
2008,Chris Chambers,WR,LAC,62.0,standard,chris chambers,62,24
2008,Tony Gonzalez,TE,KC,62.1,standard,tony gonzalez,63,6
2008,Lee Evans,WR,,64.0,standard,lee evans,64,25
2008,Laveranues Coles,WR,NYJ,64.2,standard,laveranues coles,65,26
2008,Roddy White,WR,ATL,65.3,standard,roddy white,66,27
2008,LenDale White,RB,TEN,66.9,standard,lendale white,67,26
2008,Kevin Smith,RB,DET,67.7,standard,kevin smith,68,27
2008,Matt Forte,RB,CHI,69.9,standard,matt forte,69,28
2008,Julius Jones,RB,SEA,72.4,standard,julius jones,70,29
2008,Matt Hasselbeck,QB,SEA,72.4,standard,matt hasselbeck,70,9
2008,Donald Driver,WR,GB,72.8,standard,donald driver,72,28
2008,Chris Cooley,TE,WAS,73.1,standard,chris cooley,73,7
2008,Jeremy Shockey,TE,NO,74.1,standard,jeremy shockey,74,8
2008,Anthony Gonzalez,WR,IND,74.2,standard,anthony gonzalez,75,29
2008,Santana Moss,WR,WAS,75.5,standard,santana moss,76,30
2008,Joey Galloway,WR,TB,78.4,standard,joey galloway,77,31
2008,Fred Taylor,RB,JAX,79.2,standard,fred taylor,78,30
2008,Brett Favre,QB,NYJ,80.1,standard,brett favre,79,10
2008,DeAngelo Williams,RB,CAR,81.7,standard,deangelo williams,80,31
2008,Rashard Mendenhall,RB,PIT,82.9,standard,rashard mendenhall,81,32
2008,Ricky Williams,RB,MIA,84.4,standard,ricky williams,82,33
2008,David Garrard,QB,JAX,84.6,standard,david garrard,83,11
2008,Jay Cutler,QB,DEN,85.1,standard,jay cutler,84,12
2008,Chester Taylor,RB,MIN,85.2,standard,chester taylor,85,34
2008,Nate Burleson,WR,SEA,86.6,standard,nate burleson,86,32
2008,Vince Young,QB,TEN,87.6,standard,vince young,87,13
2008,Chris Johnson,RB,TEN,88.5,standard,chris johnson,88,35
2008,Bernard Berrian,WR,MIN,88.7,standard,bernard berrian,89,33
2008,Deuce McAllister,RB,NO,89.0,standard,deuce mcallister,90,36
2008,JaMarcus Russell,QB,LV,89.3,standard,jamarcus russell,91,14
2008,Patrick Crayton,WR,DAL,90.4,standard,patrick crayton,92,34
2008,Marc Bulger,QB,LAR,91.6,standard,marc bulger,93,15
2008,Vernon Davis,TE,SF,92.9,standard,vernon davis,94,9
2008,Felix Jones,RB,DAL,93.2,standard,felix jones,95,37
2008,Justin Fargas,RB,LV,93.3,standard,justin fargas,96,38
2008,Donte Stallworth,WR,CLE,96.1,standard,donte stallworth,97,35
2008,Eli Manning,QB,NYG,97.4,standard,eli manning,98,16
2008,Vincent Jackson,WR,LAC,102.3,standard,vincent jackson,99,36
2008,D.J. Hackett,WR,CAR,105.2,standard,dj hackett,100,37
2008,Derrick Mason,WR,BAL,105.9,standard,derrick mason,101,38
2008,Jake Delhomme,QB,CAR,106.0,standard,jake delhomme,102,17
2008,Ahman Green,RB,HOU,106.9,standard,ahman green,103,39
2008,Heath Miller,TE,PIT,108.2,standard,heath miller,104,10
2008,Chris Perry,RB,CIN,109.3,standard,chris perry,105,40
2008,Kenny Watson,RB,CIN,109.3,standard,kenny watson,105,40
2008,Javon Walker,WR,LV,109.9,standard,javon walker,107,39
2008,Matt Schaub,QB,HOU,109.9,standard,matt schaub,107,18
2008,Jerry Porter,WR,JAX,110.2,standard,jerry porter,109,40
2008,Ray Rice,RB,BAL,110.4,standard,ray rice,110,42
2008,Bryant Johnson,WR,SF,113.7,standard,bryant johnson,111,41
2008,Ahmad Bradshaw,RB,NYG,113.9,standard,ahmad bradshaw,112,43
2008,Philip Rivers,QB,LAC,115.0,standard,philip rivers,113,19
2008,Reggie Brown,WR,PHI,119.1,standard,reggie brown,114,42
2008,Deion Branch,WR,SEA,121.4,standard,deion branch,115,43
2008,Jerious Norwood,RB,ATL,121.6,standard,jerious norwood,116,44
2008,Benjamin Watson,TE,NE,121.6,standard,benjamin watson,116,11
2008,Reggie Williams,WR,JAX,121.7,standard,reggie williams,118,44
2008,Aaron Rodgers,QB,GB,122.4,standard,aaron rodgers,119,20
2008,Robert Meachem,WR,NO,122.5,standard,robert meachem,120,45
2008,Ted Ginn Jr,WR,MIA,124.2,standard,ted ginn,121,46
2008,Sidney Rice,WR,MIN,125.3,standard,sidney rice,122,47
2008,Jason Campbell,QB,WAS,127.1,standard,jason campbell,123,21
2008,Jon Kitna,QB,DET,127.4,standard,jon kitna,124,22
2008,Kurt Warner,QB,ARI,129.3,standard,kurt warner,125,23
2008,Isaac Bruce,WR,SF,130.4,standard,isaac bruce,126,48
2008,Tony Scheffler,TE,DEN,130.5,standard,tony scheffler,127,12
2008,Devin Hester,WR,CHI,132.4,standard,devin hester,128,49
2008,Bobby Engram,WR,SEA,133.1,standard,bobby engram,129,50
2008,Ladell Betts,RB,WAS,134.3,standard,ladell betts,130,45
2008,Owen Daniels,TE,HOU,135.0,standard,owen daniels,131,13
2008,Alge Crumpler,TE,TEN,137.7,standard,alge crumpler,132,14
2008,Pierre Thomas,RB,NO,138.0,standard,pierre thomas,133,46
2008,Steve Slaton,RB,HOU,139.1,standard,steve slaton,134,47
2008,James Hardy,WR,,141.3,standard,james hardy,135,51
2008,DeSean Jackson,WR,PHI,142.0,standard,desean jackson,136,52
2008,Maurice Morris,RB,SEA,142.8,standard,maurice morris,137,48
2008,Carnell Williams,RB,TB,143.5,standard,carnell williams,138,49
2008,Muhsin Muhammad II,WR,CAR,143.6,standard,muhsin muhammad,139,53
2008,LaMont Jordan,RB,NE,147.4,standard,lamont jordan,140,50
2008,Kevin Walter,WR,HOU,149.8,standard,kevin walter,141,54
2008,Limas Sweed,WR,PIT,149.8,standard,limas sweed,141,54
2008,Leon Washington,RB,NYJ,150.0,standard,leon washington,143,51
2008,Chris Henry,WR,CIN,150.7,standard,chris henry,144,56
2008,T.J. Duckett,RB,SEA,151.0,standard,tj duckett,145,52
2008,L.J. Smith,TE,PHI,151.0,standard,lj smith,145,15
2008,Darrell Jackson,WR,DEN,153.0,standard,darrell jackson,147,57
2008,Brandon Jackson,RB,GB,153.9,standard,brandon jackson,148,53
2008,Dustin Keller,TE,NYJ,155.1,standard,dustin keller,149,16
2008,Ronald Curry,WR,LV,156.0,standard,ronald curry,150,58
2008,Eddie Royal,WR,DEN,156.1,standard,eddie royal,151,59
2008,Matt Ryan,QB,ATL,156.4,standard,matt ryan,152,24
2008,Jeff Garcia,QB,TB,157.3,standard,jeff garcia,153,25
2008,Greg Olsen,TE,CHI,159.4,standard,greg olsen,154,17
2009,Adrian Peterson,RB,MIN,1.3,standard,adrian peterson,1,1
2009,Maurice Jones-Drew,RB,JAX,2.6,standard,maurice jonesdrew,2,2
2009,Michael Turner,RB,ATL,2.9,standard,michael turner,3,3
2009,Matt Forte,RB,CHI,3.8,standard,matt forte,4,4
2009,Larry Fitzgerald,WR,ARI,6.1,standard,larry fitzgerald,5,1
2009,DeAngelo Williams,RB,CAR,6.3,standard,deangelo williams,6,5
2009,LaDainian Tomlinson,RB,LAC,7.8,standard,ladainian tomlinson,7,6
2009,Randy Moss,WR,NE,8.2,standard,randy moss,8,2
2009,Steven Jackson,RB,LAR,9.2,standard,steven jackson,9,7
2009,Andre Johnson,WR,HOU,9.8,standard,andre johnson,10,3
2009,Drew Brees,QB,NO,11.2,standard,drew brees,11,1
2009,Calvin Johnson,WR,DET,12.3,standard,calvin johnson,12,4
2009,Chris Johnson,RB,TEN,13.0,standard,chris johnson,13,8
2009,Steve Slaton,RB,HOU,13.7,standard,steve slaton,14,9
2009,Tom Brady,QB,NE,14.3,standard,tom brady,15,2
2009,Frank Gore,RB,SF,15.5,standard,frank gore,16,10
2009,Reggie Wayne,WR,IND,17.2,standard,reggie wayne,17,5
2009,Brandon Jacobs,RB,NYG,17.7,standard,brandon jacobs,18,11
2009,Greg Jennings,WR,GB,18.8,standard,greg jennings,19,6
2009,Brian Westbrook,RB,PHI,19.6,standard,brian westbrook,20,12
2009,Steve Smith,WR,CAR,21.4,standard,steve smith,21,7
2009,Roddy White,WR,ATL,22.3,standard,roddy white,22,8
2009,Peyton Manning,QB,IND,24.0,standard,peyton manning,23,3
2009,Marques Colston,WR,NO,24.6,standard,marques colston,24,9
2009,Anquan Boldin,WR,ARI,25.7,standard,anquan boldin,25,10
2009,Aaron Rodgers,QB,GB,26.9,standard,aaron rodgers,26,4
2009,Clinton Portis,RB,WAS,27.0,standard,clinton portis,27,13
2009,Marion Barber,RB,DAL,28.0,standard,marion barber,28,14
2009,Ryan Grant,RB,GB,29.6,standard,ryan grant,29,15
2009,Wes Welker,WR,NE,31.0,standard,wes welker,30,11
2009,Pierre Thomas,RB,NO,32.8,standard,pierre thomas,31,16
2009,Ronnie Brown,RB,MIA,33.0,standard,ronnie brown,32,17
2009,Terrell Owens,WR,,34.5,standard,terrell owens,33,12
2009,Kevin Smith,RB,DET,34.5,standard,kevin smith,33,18
2009,T.J. Houshmandzadeh,WR,SEA,34.6,standard,tj houshmandzadeh,35,13
2009,Philip Rivers,QB,LAC,35.2,standard,philip rivers,36,5
2009,Dwayne Bowe,WR,KC,37.5,standard,dwayne bowe,37,14
2009,Chad Johnson,WR,CIN,38.7,standard,chad johnson,38,15
2009,Vincent Jackson,WR,LAC,39.5,standard,vincent jackson,39,16
2009,Ray Rice,RB,BAL,40.6,standard,ray rice,40,19
2009,Jason Witten,TE,DAL,42.0,standard,jason witten,41,1
2009,Darren McFadden,RB,LV,42.4,standard,darren mcfadden,42,20
2009,DeSean Jackson,WR,PHI,45.1,standard,desean jackson,43,17
2009,Roy Williams,WR,DAL,45.2,standard,roy williams,44,18
2009,Kurt Warner,QB,ARI,45.7,standard,kurt warner,45,6
2009,Anthony Gonzalez,WR,IND,46.9,standard,anthony gonzalez,46,19
2009,Antonio Gates,TE,LAC,47.1,standard,antonio gates,47,2
2009,Tony Romo,QB,DAL,49.4,standard,tony romo,48,7
2009,Tony Gonzalez,TE,ATL,49.7,standard,tony gonzalez,49,3
2009,Marshawn Lynch,RB,,49.9,standard,marshawn lynch,50,21
2009,Braylon Edwards,WR,NYJ,50.2,standard,braylon edwards,51,20
2009,Joseph Addai,RB,IND,52.0,standard,joseph addai,52,22
2009,Eddie Royal,WR,DEN,53.0,standard,eddie royal,53,21
2009,Dallas Clark,TE,IND,54.1,standard,dallas clark,54,4
2009,Brandon Marshall,WR,DEN,54.3,standard,brandon marshall,55,22
2009,Reggie Bush,RB,NO,54.4,standard,reggie bush,56,23
2009,Larry Johnson,RB,CIN,55.3,standard,larry johnson,57,24
2009,Donovan McNabb,QB,PHI,57.1,standard,donovan mcnabb,58,8
2009,Thomas Jones,RB,NYJ,58.7,standard,thomas jones,59,25
2009,Bernard Berrian,WR,MIN,59.5,standard,bernard berrian,60,23
2009,Santonio Holmes,WR,PIT,61.1,standard,santonio holmes,61,24
2009,Knowshon Moreno,RB,DEN,61.4,standard,knowshon moreno,62,26
2009,Greg Olsen,TE,CHI,62.7,standard,greg olsen,63,5
2009,Willie Parker,RB,PIT,63.1,standard,willie parker,64,27
2009,Beanie Wells,RB,ARI,64.4,standard,beanie wells,65,28
2009,Matt Ryan,QB,ATL,64.9,standard,matt ryan,66,9
2009,LenDale White,RB,TEN,66.6,standard,lendale white,67,29
2009,Derrick Ward,RB,TB,68.4,standard,derrick ward,68,30
2009,Lance Moore,WR,NO,69.1,standard,lance moore,69,25
2009,Lee Evans,WR,,69.3,standard,lee evans,70,26
2009,Felix Jones,RB,DAL,71.6,standard,felix jones,71,31
2009,Cedric Benson,RB,CIN,72.3,standard,cedric benson,72,32
2009,Antonio Bryant,WR,TB,72.3,standard,antonio bryant,72,27
2009,Matt Schaub,QB,HOU,72.4,standard,matt schaub,74,10
2009,Chris Cooley,TE,WAS,73.2,standard,chris cooley,75,6
2009,Santana Moss,WR,WAS,74.1,standard,santana moss,76,28
2009,Hines Ward,WR,PIT,75.5,standard,hines ward,77,29
2009,Donald Driver,WR,GB,77.9,standard,donald driver,78,30
2009,Jay Cutler,QB,CHI,78.7,standard,jay cutler,79,11
2009,Kellen Winslow,TE,TB,79.0,standard,kellen winslow,80,7
2009,Devin Hester,WR,CHI,79.4,standard,devin hester,81,31
2009,Jonathan Stewart,RB,CAR,80.5,standard,jonathan stewart,82,33
2009,Donald Brown,RB,IND,81.8,standard,donald brown,83,34
2009,Kevin Walter,WR,HOU,85.6,standard,kevin walter,84,32
2009,Carson Palmer,QB,CIN,85.9,standard,carson palmer,85,12
2009,Donnie Avery,WR,LAR,87.2,standard,donnie avery,86,33
2009,Ahmad Bradshaw,RB,NYG,87.7,standard,ahmad bradshaw,87,35
2009,Owen Daniels,TE,HOU,87.9,standard,owen daniels,88,8
2009,LeSean McCoy,RB,TB,88.1,standard,lesean mccoy,89,36
2009,Chris Henry,WR,CIN,88.6,standard,chris henry,90,34
2009,Percy Harvin,WR,MIN,89.5,standard,percy harvin,91,35
2009,Jerricho Cotchery,WR,NYJ,91.4,standard,jerricho cotchery,92,36
2009,Julius Jones,RB,SEA,92.0,standard,julius jones,93,37
2009,Derrick Mason,WR,BAL,94.3,standard,derrick mason,94,37
2009,Darren Sproles,RB,LAC,95.0,standard,darren sproles,95,38
2009,Leon Washington,RB,NYJ,95.5,standard,leon washington,96,39
2009,Torry Holt,WR,JAX,96.4,standard,torry holt,97,38
2009,Brett Favre,QB,MIN,97.0,standard,brett favre,98,13
2009,Jamal Lewis,RB,CLE,97.4,standard,jamal lewis,99,40
2009,John Carlson,TE,SEA,98.1,standard,john carlson,100,9
2009,Laveranues Coles,WR,CIN,98.2,standard,laveranues coles,101,39
2009,Tim Hightower,RB,ARI,100.6,standard,tim hightower,102,41
2009,Ben Roethlisberger,QB,PIT,100.8,standard,ben roethlisberger,103,14
2009,Steve Breaston,WR,ARI,104.5,standard,steve breaston,104,40
2009,Matt Hasselbeck,QB,SEA,105.2,standard,matt hasselbeck,105,15
2009,Ted Ginn Jr,WR,MIA,106.4,standard,ted ginn,106,41
2009,Rashard Mendenhall,RB,PIT,106.8,standard,rashard mendenhall,107,42
2009,Chester Taylor,RB,MIN,107.9,standard,chester taylor,108,43
2009,James Davis,RB,CLE,108.1,standard,james davis,109,44
2009,Michael Vick,QB,PHI,109.8,standard,michael vick,110,16
2009,Fred Jackson,RB,,110.5,standard,fred jackson,111,45
2009,Chris Chambers,WR,LAC,110.5,standard,chris chambers,111,42
2009,Domenik Hixon,WR,NYG,111.2,standard,domenik hixon,113,43
2009,Eli Manning,QB,NYG,112.9,standard,eli manning,114,17
2009,Jeremy Shockey,TE,NO,117.8,standard,jeremy shockey,115,10
2009,Matt Cassel,QB,KC,118.2,standard,matt cassel,116,18
2009,Josh Morgan,WR,SF,118.7,standard,josh morgan,117,44
2009,Earl Bennett,WR,CHI,119.5,standard,earl bennett,118,45
2009,Michael Crabtree,WR,SF,121.8,standard,michael crabtree,119,46
2009,Earnest Graham,RB,TB,122.3,standard,earnest graham,120,46
2009,Glen Coffee,RB,SF,122.9,standard,glen coffee,121,47
2009,Nate Washington,WR,TEN,125.0,standard,nate washington,122,47
2009,Kyle Orton,QB,DEN,125.6,standard,kyle orton,123,19
2009,Hakeem Nicks,WR,NYG,126.1,standard,hakeem nicks,124,48
2009,Visanthe Shiancoe,TE,MIN,127.0,standard,visanthe shiancoe,125,11
2009,Trent Edwards,QB,,128.6,standard,trent edwards,126,20
2009,Dustin Keller,TE,NYJ,129.6,standard,dustin keller,127,12
2009,Jeremy Maclin,WR,PHI,129.8,standard,jeremy maclin,128,49
2009,Willis McGahee,RB,BAL,131.4,standard,willis mcgahee,129,48
2009,Justin Gage,WR,TEN,132.0,standard,justin gage,130,50
2009,Jake Delhomme,QB,CAR,134.8,standard,jake delhomme,131,21
2009,David Garrard,QB,JAX,136.3,standard,david garrard,132,22
2009,Miles Austin,WR,DAL,136.7,standard,miles austin,133,51
2009,Laurence Maroney,RB,NE,137.3,standard,laurence maroney,134,49
2009,LeRon McClain,RB,BAL,138.3,standard,leron mcclain,135,50
2009,Patrick Crayton,WR,DAL,139.2,standard,patrick crayton,136,52
2009,Carnell Williams,RB,TB,139.3,standard,carnell williams,137,51
2009,Nate Burleson,WR,SEA,139.9,standard,nate burleson,138,53
2009,Kevin Curtis,WR,PHI,140.2,standard,kevin curtis,139,54
2009,Shonn Greene,RB,NYJ,140.3,standard,shonn greene,140,52
2009,Joe Flacco,QB,BAL,141.4,standard,joe flacco,141,23
2009,Heath Miller,TE,PIT,143.0,standard,heath miller,142,13
2009,Jerious Norwood,RB,ATL,143.2,standard,jerious norwood,143,53
2009,Steve Smith,WR,NYG,143.2,standard,steve smith,143,55
2009,Fred Taylor,RB,NE,144.0,standard,fred taylor,145,54
2009,Zach Miller,TE,LV,145.1,standard,zach miller,146,14
2009,Kevin Boss,TE,NYG,145.6,standard,kevin boss,147,15
2009,Darrius Heyward-Bey,WR,LV,147.1,standard,darrius heywardbey,148,56
2009,Edgerrin James,RB,SEA,148.8,standard,edgerrin james,149,55
2009,Chad Pennington,QB,MIA,150.6,standard,chad pennington,150,24
2009,Mark Sanchez,QB,NYJ,150.8,standard,mark sanchez,151,25
2009,Brent Celek,TE,PHI,151.3,standard,brent celek,152,16
2009,Robert Meachem,WR,NO,151.6,standard,robert meachem,153,57
2009,Joey Galloway,WR,NE,152.1,standard,joey galloway,154,58
2009,Jamaal Charles,RB,KC,152.3,standard,jamaal charles,155,56
2009,Correll Buckhalter,RB,DEN,154.3,standard,correll buckhalter,156,57
2009,Jermichael Finley,TE,GB,155.0,standard,jermichael finley,157,17
2009,Ricky Williams,RB,MIA,155.0,standard,ricky williams,157,58
2009,Peyton Hillis,RB,DEN,156.8,standard,peyton hillis,159,59
2009,Deion Branch,WR,SEA,157.2,standard,deion branch,160,59
2009,Troy Williamson,WR,JAX,157.3,standard,troy williamson,161,60
2009,Davone Bess,WR,MIA,157.9,standard,davone bess,162,61
2009,Muhsin Muhammad II,WR,CAR,158.6,standard,muhsin muhammad,163,62
2009,Matthew Stafford,QB,DET,158.7,standard,matthew stafford,164,26
2009,Ladell Betts,RB,WAS,159.1,standard,ladell betts,165,60
2009,Jason Campbell,QB,WAS,160.5,standard,jason campbell,166,27
2009,Kenny Britt,WR,TEN,160.6,standard,kenny britt,167,63
2009,Greg Camarillo,WR,MIA,160.7,standard,greg camarillo,168,64
2009,Chaz Schilens,WR,LV,160.8,standard,chaz schilens,169,65
2009,Brady Quinn,QB,CLE,160.9,standard,brady quinn,170,28
2009,Vernon Davis,TE,SF,161.0,standard,vernon davis,171,18
2009,Michael Bush,RB,LV,161.2,standard,michael bush,172,61
2009,Isaac Bruce,WR,SF,164.9,standard,isaac bruce,173,66
2009,Devery Henderson,WR,NO,165.3,standard,devery henderson,174,67
2009,Marc Bulger,QB,LAR,165.5,standard,marc bulger,175,29
2009,Sidney Rice,WR,MIN,165.6,standard,sidney rice,176,68
2010,Chris Johnson,RB,TEN,1.4,ppr,chris johnson,1,1
2010,Adrian Peterson,RB,MIN,2.3,ppr,adrian peterson,2,2
2010,Ray Rice,RB,BAL,3.2,ppr,ray rice,3,3
2010,Maurice Jones-Drew,RB,JAX,4.7,ppr,maurice jonesdrew,4,4
2010,Andre Johnson,WR,HOU,4.8,ppr,andre johnson,5,1
2010,Frank Gore,RB,SF,6.2,ppr,frank gore,6,5
2010,Aaron Rodgers,QB,GB,7.8,ppr,aaron rodgers,7,1
2010,Randy Moss,WR,TEN,8.1,ppr,randy moss,8,2
2010,Michael Turner,RB,ATL,9.1,ppr,michael turner,9,6
2010,Reggie Wayne,WR,IND,11.2,ppr,reggie wayne,10,3
2010,Steven Jackson,RB,LAR,11.3,ppr,steven jackson,11,7
2010,Calvin Johnson,WR,DET,12.3,ppr,calvin johnson,12,4
2010,Drew Brees,QB,NO,13.2,ppr,drew brees,13,2
2010,Miles Austin,WR,DAL,13.9,ppr,miles austin,14,5
2010,Roddy White,WR,ATL,14.8,ppr,roddy white,15,6
2010,Ryan Mathews,RB,LAC,15.4,ppr,ryan mathews,16,8
2010,Brandon Marshall,WR,MIA,17.3,ppr,brandon marshall,17,7
2010,Larry Fitzgerald,WR,ARI,19.0,ppr,larry fitzgerald,18,8
2010,Rashard Mendenhall,RB,PIT,19.2,ppr,rashard mendenhall,19,9
2010,Greg Jennings,WR,GB,20.4,ppr,greg jennings,20,9
2010,Peyton Manning,QB,IND,20.6,ppr,peyton manning,21,3
2010,DeAngelo Williams,RB,CAR,22.3,ppr,deangelo williams,22,10
2010,DeSean Jackson,WR,PHI,24.7,ppr,desean jackson,23,10
2010,Jamaal Charles,RB,KC,24.9,ppr,jamaal charles,24,11
2010,Marques Colston,WR,NO,25.7,ppr,marques colston,25,11
2010,Shonn Greene,RB,NYJ,26.8,ppr,shonn greene,26,12
2010,Tom Brady,QB,NE,26.9,ppr,tom brady,27,4
2010,Wes Welker,WR,NE,27.4,ppr,wes welker,28,12
2010,Ryan Grant,RB,GB,29.4,ppr,ryan grant,29,13
2010,Anquan Boldin,WR,BAL,30.8,ppr,anquan boldin,30,13
2010,Steve Smith,WR,NYG,32.1,ppr,steve smith,31,14
2010,Pierre Thomas,RB,NO,32.1,ppr,pierre thomas,31,14
2010,Cedric Benson,RB,CIN,33.0,ppr,cedric benson,33,15
2010,Matt Schaub,QB,HOU,35.1,ppr,matt schaub,34,5
2010,LeSean McCoy,RB,PHI,35.3,ppr,lesean mccoy,35,16
2010,Jahvid Best,RB,DET,36.0,ppr,jahvid best,36,17
2010,Steve Smith,WR,CAR,36.0,ppr,steve smith,36,15
2010,Tony Romo,QB,DAL,36.3,ppr,tony romo,38,6
2010,Arian Foster,RB,HOU,38.2,ppr,arian foster,39,18
2010,Dallas Clark,TE,IND,38.9,ppr,dallas clark,40,1
2010,Antonio Gates,TE,LAC,42.2,ppr,antonio gates,41,2
2010,Michael Crabtree,WR,SF,42.5,ppr,michael crabtree,42,16
2010,Jermichael Finley,TE,GB,42.6,ppr,jermichael finley,43,3
2010,Matt Forte,RB,CHI,43.3,ppr,matt forte,44,19
2010,Chad Johnson,WR,CIN,46.0,ppr,chad johnson,45,17
2010,Joseph Addai,RB,IND,46.2,ppr,joseph addai,46,20
2010,Dwayne Bowe,WR,KC,46.8,ppr,dwayne bowe,47,18
2010,Philip Rivers,QB,LAC,47.9,ppr,philip rivers,48,7
2010,Beanie Wells,RB,ARI,50.6,ppr,beanie wells,49,21
2010,Vernon Davis,TE,SF,52.1,ppr,vernon davis,50,4
2010,Jonathan Stewart,RB,CAR,53.0,ppr,jonathan stewart,51,22
2010,Hakeem Nicks,WR,NYG,54.1,ppr,hakeem nicks,52,19
2010,Knowshon Moreno,RB,DEN,54.4,ppr,knowshon moreno,53,23
2010,Ronnie Brown,RB,MIA,54.6,ppr,ronnie brown,54,24
2010,Jason Witten,TE,DAL,55.0,ppr,jason witten,55,5
2010,Mike Sims-Walker,WR,JAX,56.0,ppr,mike simswalker,56,20
2010,C.J. Spiller,RB,,56.4,ppr,cj spiller,57,25
2010,Hines Ward,WR,PIT,56.8,ppr,hines ward,58,21
2010,Percy Harvin,WR,MIN,56.8,ppr,percy harvin,58,21
2010,Pierre Garcon,WR,IND,58.8,ppr,pierre garcon,60,23
2010,Brent Celek,TE,PHI,61.9,ppr,brent celek,61,6
2010,Reggie Bush,RB,NO,62.9,ppr,reggie bush,62,26
2010,Malcom Floyd,WR,LAC,63.1,ppr,malcom floyd,63,24
2010,Ahmad Bradshaw,RB,NYG,63.8,ppr,ahmad bradshaw,64,27
2010,Felix Jones,RB,DAL,65.4,ppr,felix jones,65,28
2010,Joe Flacco,QB,BAL,66.3,ppr,joe flacco,66,8
2010,Donald Driver,WR,GB,66.7,ppr,donald driver,67,25
2010,Kevin Kolb,QB,PHI,67.3,ppr,kevin kolb,68,9
2010,Tony Gonzalez,TE,ATL,68.5,ppr,tony gonzalez,69,7
2010,Justin Forsett,RB,SEA,70.1,ppr,justin forsett,70,29
2010,Jeremy Maclin,WR,PHI,70.5,ppr,jeremy maclin,71,26
2010,Santana Moss,WR,WAS,71.6,ppr,santana moss,72,27
2010,Terrell Owens,WR,CIN,72.3,ppr,terrell owens,73,28
2010,Johnny Knox,WR,CHI,72.6,ppr,johnny knox,74,29
2010,Mike Wallace,WR,PIT,73.2,ppr,mike wallace,75,30
2010,Jerome Harrison,RB,PHI,74.3,ppr,jerome harrison,76,30
2010,Marion Barber,RB,DAL,75.6,ppr,marion barber,77,31
2010,Jay Cutler,QB,CHI,80.5,ppr,jay cutler,78,10
2010,Ricky Williams,RB,MIA,80.8,ppr,ricky williams,79,32
2010,Owen Daniels,TE,HOU,81.4,ppr,owen daniels,80,8
2010,Dez Bryant,WR,DAL,83.5,ppr,dez bryant,81,31
2010,Carnell Williams,RB,TB,83.7,ppr,carnell williams,82,33
2010,Brandon Jacobs,RB,NYG,84.5,ppr,brandon jacobs,83,34
2010,Clinton Portis,RB,WAS,85.1,ppr,clinton portis,84,35
2010,T.J. Houshmandzadeh,WR,BAL,85.2,ppr,tj houshmandzadeh,85,32
2010,Michael Bush,RB,LV,85.6,ppr,michael bush,86,36
2010,Santonio Holmes,WR,NYJ,87.3,ppr,santonio holmes,87,33
2010,Brett Favre,QB,MIN,88.0,ppr,brett favre,88,11
2010,Robert Meachem,WR,NO,91.8,ppr,robert meachem,89,34
2010,Chris Cooley,TE,WAS,91.9,ppr,chris cooley,90,9
2010,Matt Ryan,QB,ATL,92.0,ppr,matt ryan,91,12
2010,LaDainian Tomlinson,RB,NYJ,93.0,ppr,ladainian tomlinson,92,37
2010,Devin Aromashodu,WR,CHI,93.8,ppr,devin aromashodu,93,35
2010,Eli Manning,QB,NYG,94.8,ppr,eli manning,94,13
2010,Thomas Jones,RB,KC,95.2,ppr,thomas jones,95,38
2010,Derrick Mason,WR,BAL,95.4,ppr,derrick mason,96,36
2010,Steve Breaston,WR,ARI,97.6,ppr,steve breaston,97,37
2010,Braylon Edwards,WR,NYJ,97.9,ppr,braylon edwards,98,38
2010,Tim Hightower,RB,ARI,98.9,ppr,tim hightower,99,39
2010,Visanthe Shiancoe,TE,MIN,99.1,ppr,visanthe shiancoe,100,10
2010,Carson Palmer,QB,CIN,99.3,ppr,carson palmer,101,14
2010,Eddie Royal,WR,DEN,100.2,ppr,eddie royal,102,39
2010,Donald Brown,RB,IND,101.2,ppr,donald brown,103,40
2010,Jabar Gaffney,WR,DEN,103.2,ppr,jabar gaffney,104,40
2010,Fred Jackson,RB,,104.5,ppr,fred jackson,105,41
2010,Darren McFadden,RB,LV,104.6,ppr,darren mcfadden,106,42
2010,Zach Miller,TE,LV,105.8,ppr,zach miller,107,11
2010,Vincent Jackson,WR,LAC,107.2,ppr,vincent jackson,108,41
2010,Steve Slaton,RB,HOU,108.2,ppr,steve slaton,109,43
2010,Julian Edelman,WR,NE,109.5,ppr,julian edelman,110,42
2010,Bernard Berrian,WR,MIN,109.6,ppr,bernard berrian,111,43
2010,Donovan McNabb,QB,WAS,110.0,ppr,donovan mcnabb,112,15
2010,Devin Hester,WR,CHI,111.6,ppr,devin hester,113,44
2010,Darren Sproles,RB,LAC,112.1,ppr,darren sproles,114,44
2010,Ben Roethlisberger,QB,PIT,113.5,ppr,ben roethlisberger,115,16
2010,Kellen Winslow,TE,TB,114.5,ppr,kellen winslow,116,12
2010,Lee Evans,WR,,114.5,ppr,lee evans,116,45
2010,Montario Hardesty,RB,CLE,119.3,ppr,montario hardesty,118,45
2010,Anthony Gonzalez,WR,IND,119.4,ppr,anthony gonzalez,119,46
2010,Mike Williams,WR,TB,120.6,ppr,mike williams,120,47
2010,Kenny Britt,WR,TEN,120.6,ppr,kenny britt,120,47
2010,Laurence Maroney,RB,DEN,122.5,ppr,laurence maroney,122,46
2010,Mohamed Massaquoi,WR,CLE,122.9,ppr,mohamed massaquoi,123,49
2010,Matthew Stafford,QB,DET,123.3,ppr,matthew stafford,124,17
2010,Chester Taylor,RB,CHI,125.3,ppr,chester taylor,125,47
2010,Chad Henne,QB,MIA,125.5,ppr,chad henne,126,18
2010,Alex Smith,QB,SF,132.3,ppr,alex smith,127,19
2010,Austin Collie,WR,IND,132.8,ppr,austin collie,128,50
2010,Jacoby Jones,WR,HOU,132.8,ppr,jacoby jones,128,50
2010,Willis McGahee,RB,BAL,132.9,ppr,willis mcgahee,130,48
2010,Joshua Cribbs,WR,CLE,134.0,ppr,joshua cribbs,131,52
2010,Demaryius Thomas,WR,DEN,134.5,ppr,demaryius thomas,132,53
2010,Roy Williams,WR,DAL,135.6,ppr,roy williams,133,54
2010,Nate Burleson,WR,DET,136.2,ppr,nate burleson,134,55
2010,Leon Washington,RB,SEA,136.8,ppr,leon washington,135,49
2010,Dexter McCluster,WR,KC,137.1,ppr,dexter mccluster,136,56
2010,Legedu Naanee,WR,LAC,137.6,ppr,legedu naanee,137,57
2010,Sidney Rice,WR,MIN,138.1,ppr,sidney rice,138,58
2010,Golden Tate,WR,SEA,139.1,ppr,golden tate,139,59
2010,Jerricho Cotchery,WR,NYJ,139.8,ppr,jerricho cotchery,140,60
2010,John Carlson,TE,SEA,140.2,ppr,john carlson,141,13
2010,Vince Young,QB,TEN,141.2,ppr,vince young,142,20
2010,Laurent Robinson,WR,LAR,145.8,ppr,laurent robinson,143,61
2010,Mark Sanchez,QB,NYJ,146.4,ppr,mark sanchez,144,21
2010,Kevin Boss,TE,NYG,146.4,ppr,kevin boss,144,14
2010,Heath Miller,TE,PIT,149.0,ppr,heath miller,146,15
2010,Dustin Keller,TE,NYJ,149.3,ppr,dustin keller,147,16
2010,Matt Cassel,QB,KC,149.8,ppr,matt cassel,148,22
2010,Bernard Scott,RB,CIN,150.1,ppr,bernard scott,149,50
2010,Mike Williams,WR,SEA,150.6,ppr,mike williams,150,62
2010,Kevin Smith,RB,DET,151.1,ppr,kevin smith,151,51
2010,Greg Olsen,TE,CHI,151.2,ppr,greg olsen,152,17
2010,Devery Henderson,WR,NO,151.2,ppr,devery henderson,152,63
2010,Larry Johnson,RB,WAS,151.9,ppr,larry johnson,154,52
2010,Jermaine Gresham,TE,CIN,152.3,ppr,jermaine gresham,155,18
2010,Correll Buckhalter,RB,DEN,152.4,ppr,correll buckhalter,156,53
2010,Jason Campbell,QB,LV,152.8,ppr,jason campbell,157,23
2010,Fred Taylor,RB,NE,152.9,ppr,fred taylor,158,54
2010,Brian Westbrook,RB,SF,153.0,ppr,brian westbrook,159,55
2010,Mike Bell,RB,CLE,153.1,ppr,mike bell,160,56
2010,Toby Gerhart,RB,MIN,153.2,ppr,toby gerhart,161,57
2010,Rashad Jennings,RB,JAX,153.8,ppr,rashad jennings,162,58
2010,Greg Camarillo,WR,MIN,153.9,ppr,greg camarillo,163,64
2010,Rob Gronkowski,TE,NE,154.6,ppr,rob gronkowski,164,19
2010,Tashard Choice,RB,DAL,154.8,ppr,tashard choice,165,59
2010,Peyton Hillis,RB,CLE,155.0,ppr,peyton hillis,166,60
2010,Mike Thomas,WR,JAX,155.3,ppr,mike thomas,167,65
2010,James Davis,RB,CLE,155.8,ppr,james davis,168,61
2010,Jeremy Shockey,TE,NO,156.1,ppr,jeremy shockey,169,20
2010,Louis Murphy,WR,LV,156.5,ppr,louis murphy,170,66
2010,Kyle Orton,QB,DEN,156.8,ppr,kyle orton,171,24
2010,Devin Thomas,WR,WAS,158.1,ppr,devin thomas,172,67
2010,Chris Chambers,WR,KC,158.4,ppr,chris chambers,173,68
2010,Anthony Dixon,RB,SF,159.0,ppr,anthony dixon,174,62
2010,Kareem Huggins,RB,TB,159.3,ppr,kareem huggins,175,63
2010,James Jones,WR,GB,159.6,ppr,james jones,176,69
2010,Sam Bradford,QB,LAR,160.3,ppr,sam bradford,177,25
2010,Marshawn Lynch,RB,SEA,160.4,ppr,marshawn lynch,178,64
2010,Mario Manningham,WR,NYG,160.7,ppr,mario manningham,179,70
2010,Kevin Walter,WR,HOU,160.7,ppr,kevin walter,179,70
2010,Davone Bess,WR,MIA,161.7,ppr,davone bess,181,72
2010,Matt Hasselbeck,QB,SEA,162.2,ppr,matt hasselbeck,182,26
2010,Matt Moore,QB,CAR,163.1,ppr,matt moore,183,27
2010,Derek Anderson,QB,ARI,163.5,ppr,derek anderson,184,28
2010,David Garrard,QB,JAX,163.7,ppr,david garrard,185,29
2010,Early Doucet,WR,ARI,164.9,ppr,early doucet,186,73
2010,Lance Moore,WR,NO,165.9,ppr,lance moore,187,74
2011,Adrian Peterson,RB,MIN,1.7,ppr,adrian peterson,1,1
2011,Ray Rice,RB,BAL,2.3,ppr,ray rice,2,2
2011,Chris Johnson,RB,TEN,2.7,ppr,chris johnson,3,3
2011,Arian Foster,RB,HOU,4.2,ppr,arian foster,4,4
2011,Jamaal Charles,RB,KC,5.3,ppr,jamaal charles,5,5
2011,LeSean McCoy,RB,PHI,5.5,ppr,lesean mccoy,6,6
2011,Andre Johnson,WR,HOU,7.1,ppr,andre johnson,7,1
2011,Michael Vick,QB,PHI,8.9,ppr,michael vick,8,1
2011,Roddy White,WR,ATL,9.9,ppr,roddy white,9,2
2011,Calvin Johnson,WR,DET,11.0,ppr,calvin johnson,10,3
2011,Maurice Jones-Drew,RB,JAX,11.3,ppr,maurice jonesdrew,11,7
2011,Darren McFadden,RB,LV,12.1,ppr,darren mcfadden,12,8
2011,Rashard Mendenhall,RB,PIT,12.1,ppr,rashard mendenhall,12,8
2011,Larry Fitzgerald,WR,ARI,12.9,ppr,larry fitzgerald,14,4
2011,Aaron Rodgers,QB,GB,13.5,ppr,aaron rodgers,15,2
2011,Hakeem Nicks,WR,NYG,17.0,ppr,hakeem nicks,16,5
2011,Vincent Jackson,WR,LAC,17.6,ppr,vincent jackson,17,6
2011,Frank Gore,RB,SF,18.4,ppr,frank gore,18,10
2011,Matt Forte,RB,CHI,18.4,ppr,matt forte,18,10
2011,Steven Jackson,RB,LAR,21.2,ppr,steven jackson,20,12
2011,Greg Jennings,WR,GB,21.2,ppr,greg jennings,20,7
2011,Michael Turner,RB,ATL,22.3,ppr,michael turner,22,13
2011,Mike Wallace,WR,PIT,23.4,ppr,mike wallace,23,8
2011,Tom Brady,QB,NE,23.5,ppr,tom brady,24,3
2011,Miles Austin,WR,DAL,25.7,ppr,miles austin,25,9
2011,Peyton Hillis,RB,CLE,26.2,ppr,peyton hillis,26,14
2011,Philip Rivers,QB,LAC,27.1,ppr,philip rivers,27,4
2011,Reggie Wayne,WR,IND,28.3,ppr,reggie wayne,28,10
2011,Felix Jones,RB,DAL,28.3,ppr,felix jones,28,15
2011,LeGarrette Blount,RB,TB,30.8,ppr,legarrette blount,30,16
2011,DeSean Jackson,WR,PHI,31.1,ppr,desean jackson,31,11
2011,Wes Welker,WR,NE,32.3,ppr,wes welker,32,12
2011,Drew Brees,QB,NO,33.5,ppr,drew brees,33,5
2011,Jahvid Best,RB,DET,33.7,ppr,jahvid best,34,17
2011,Brandon Marshall,WR,MIA,34.1,ppr,brandon marshall,35,13
2011,Ahmad Bradshaw,RB,NYG,34.4,ppr,ahmad bradshaw,36,18
2011,Antonio Gates,TE,LAC,37.9,ppr,antonio gates,37,1
2011,Dwayne Bowe,WR,KC,38.8,ppr,dwayne bowe,38,14
2011,Shonn Greene,RB,NYJ,39.4,ppr,shonn greene,39,19
2011,Dez Bryant,WR,DAL,39.8,ppr,dez bryant,40,15
2011,Mike Williams,WR,TB,42.1,ppr,mike williams,41,16
2011,Jermichael Finley,TE,GB,42.9,ppr,jermichael finley,42,2
2011,DeAngelo Williams,RB,CAR,43.9,ppr,deangelo williams,43,20
2011,Jason Witten,TE,DAL,45.5,ppr,jason witten,44,3
2011,Brandon Lloyd,WR,LAR,46.3,ppr,brandon lloyd,45,17
2011,Knowshon Moreno,RB,DEN,46.6,ppr,knowshon moreno,46,21
2011,Tony Romo,QB,DAL,47.6,ppr,tony romo,47,6
2011,Steve Johnson,WR,,47.9,ppr,steve johnson,48,18
2011,Mark Ingram II,RB,NO,48.7,ppr,mark ingram,49,22
2011,Santonio Holmes,WR,NYJ,49.5,ppr,santonio holmes,50,19
2011,Ryan Mathews,RB,LAC,52.1,ppr,ryan mathews,51,23
2011,Marques Colston,WR,NO,52.2,ppr,marques colston,52,20
2011,Anquan Boldin,WR,BAL,52.8,ppr,anquan boldin,53,21
2011,Tim Hightower,RB,WAS,53.5,ppr,tim hightower,54,24
2011,Dallas Clark,TE,IND,54.2,ppr,dallas clark,55,4
2011,Mario Manningham,WR,NYG,54.3,ppr,mario manningham,56,22
2011,Beanie Wells,RB,ARI,56.8,ppr,beanie wells,57,25
2011,Vernon Davis,TE,SF,57.0,ppr,vernon davis,58,5
2011,Percy Harvin,WR,MIN,59.7,ppr,percy harvin,59,23
2011,Ryan Grant,RB,GB,62.1,ppr,ryan grant,60,26
2011,Matt Schaub,QB,HOU,62.4,ppr,matt schaub,61,7
2011,Jeremy Maclin,WR,PHI,62.4,ppr,jeremy maclin,61,24
2011,Chad Johnson,WR,NE,62.9,ppr,chad johnson,63,25
2011,Owen Daniels,TE,HOU,64.5,ppr,owen daniels,64,6
2011,Jimmy Graham,TE,NO,64.8,ppr,jimmy graham,65,7
2011,Kenny Britt,WR,TEN,64.9,ppr,kenny britt,66,26
2011,Reggie Bush,RB,MIA,66.4,ppr,reggie bush,67,27
2011,Cedric Benson,RB,CIN,66.9,ppr,cedric benson,68,28
2011,Matt Ryan,QB,ATL,67.0,ppr,matt ryan,69,8
2011,Peyton Manning,QB,IND,69.7,ppr,peyton manning,70,9
2011,Ben Roethlisberger,QB,PIT,69.7,ppr,ben roethlisberger,70,9
2011,Fred Jackson,RB,,71.4,ppr,fred jackson,72,29
2011,Danny Amendola,WR,LAR,71.7,ppr,danny amendola,73,27
2011,BenJarvus Green-Ellis,RB,NE,73.5,ppr,benjarvus greenellis,74,30
2011,Julio Jones,WR,ATL,73.5,ppr,julio jones,74,28
2011,Santana Moss,WR,WAS,75.8,ppr,santana moss,76,29
2011,Joseph Addai,RB,IND,77.4,ppr,joseph addai,77,31
2011,Austin Collie,WR,IND,78.1,ppr,austin collie,78,30
2011,Marshawn Lynch,RB,SEA,78.5,ppr,marshawn lynch,79,32
2011,Matthew Stafford,QB,DET,79.1,ppr,matthew stafford,80,11
2011,Mike Tolbert,RB,LAC,79.4,ppr,mike tolbert,81,33
2011,Tony Gonzalez,TE,ATL,82.6,ppr,tony gonzalez,82,8
2011,Plaxico Burress,WR,NYJ,83.6,ppr,plaxico burress,83,31
2011,Mike Thomas,WR,JAX,85.5,ppr,mike thomas,84,32
2011,Daniel Thomas,RB,MIA,87.2,ppr,daniel thomas,85,34
2011,Sidney Rice,WR,SEA,88.1,ppr,sidney rice,86,33
2011,Kellen Winslow,TE,TB,89.3,ppr,kellen winslow,87,9
2011,Malcom Floyd,WR,LAC,89.9,ppr,malcom floyd,88,34
2011,James Starks,RB,GB,90.1,ppr,james starks,89,35
2011,Brandon Jacobs,RB,NYG,90.5,ppr,brandon jacobs,90,36
2011,Josh Freeman,QB,TB,92.3,ppr,josh freeman,91,12
2011,Lance Moore,WR,NO,92.9,ppr,lance moore,92,35
2011,Pierre Garcon,WR,IND,93.5,ppr,pierre garcon,93,36
2011,Mike Sims-Walker,WR,FA,93.9,ppr,mike simswalker,94,37
2011,Jonathan Stewart,RB,CAR,96.1,ppr,jonathan stewart,95,37
2011,A.J. Green,WR,CIN,96.7,ppr,aj green,96,38
2011,Pierre Thomas,RB,NO,98.5,ppr,pierre thomas,97,38
2011,Sam Bradford,QB,LAR,99.1,ppr,sam bradford,98,13
2011,C.J. Spiller,RB,,101.5,ppr,cj spiller,99,39
2011,Steve Smith,WR,CAR,102.5,ppr,steve smith,100,39
2011,Ben Tate,RB,HOU,103.2,ppr,ben tate,101,40
2011,Eli Manning,QB,NYG,103.9,ppr,eli manning,102,14
2011,Nate Burleson,WR,DET,104.0,ppr,nate burleson,103,40
2011,Danny Woodhead,RB,NE,105.2,ppr,danny woodhead,104,41
2011,Hines Ward,WR,PIT,106.7,ppr,hines ward,105,41
2011,Marcedes Lewis,TE,JAX,108.4,ppr,marcedes lewis,106,10
2011,Johnny Knox,WR,CHI,109.0,ppr,johnny knox,107,42
2011,Davone Bess,WR,MIA,109.3,ppr,davone bess,108,43
2011,Willis McGahee,RB,DEN,110.7,ppr,willis mcgahee,109,42
2011,Michael Bush,RB,LV,112.2,ppr,michael bush,110,43
2011,Joe Flacco,QB,BAL,112.4,ppr,joe flacco,111,15
2011,Kevin Kolb,QB,ARI,112.7,ppr,kevin kolb,112,16
2011,Lee Evans,WR,BAL,113.1,ppr,lee evans,113,44
2011,LaDainian Tomlinson,RB,NYJ,115.1,ppr,ladainian tomlinson,114,44
2011,Brandon Pettigrew,TE,DET,116.7,ppr,brandon pettigrew,115,11
2011,Donald Driver,WR,GB,117.2,ppr,donald driver,116,45
2011,Rob Gronkowski,TE,NE,119.0,ppr,rob gronkowski,117,12
2011,Braylon Edwards,WR,SF,119.5,ppr,braylon edwards,118,46
2011,Jordy Nelson,WR,GB,120.0,ppr,jordy nelson,119,47
2011,Michael Crabtree,WR,SF,122.8,ppr,michael crabtree,120,48
2011,Antonio Brown,WR,PIT,123.2,ppr,antonio brown,121,49
2011,Robert Meachem,WR,NO,123.9,ppr,robert meachem,122,50
2011,Jacoby Ford,WR,LV,124.4,ppr,jacoby ford,123,51
2011,Aaron Hernandez,TE,NE,125.1,ppr,aaron hernandez,124,13
2011,Darren Sproles,RB,NO,126.1,ppr,darren sproles,125,45
2011,Matt Cassel,QB,KC,126.8,ppr,matt cassel,126,17
2011,Ryan Torain,RB,WAS,128.6,ppr,ryan torain,127,46
2011,Jay Cutler,QB,CHI,129.2,ppr,jay cutler,128,18
2011,Roy Helu,RB,WAS,131.8,ppr,roy helu,129,47
2011,Kyle Orton,QB,DEN,134.9,ppr,kyle orton,130,19
2011,Greg Olsen,TE,CAR,135.4,ppr,greg olsen,131,14
2011,Steve Breaston,WR,KC,135.4,ppr,steve breaston,131,52
2011,Roy Williams,WR,CHI,135.9,ppr,roy williams,133,53
2011,Ronnie Brown,RB,DET,136.7,ppr,ronnie brown,134,48
2011,Greg Little,WR,CLE,136.9,ppr,greg little,135,54
2011,Emmanuel Sanders,WR,PIT,137.8,ppr,emmanuel sanders,136,55
2011,Donovan McNabb,QB,MIN,138.2,ppr,donovan mcnabb,137,20
2011,Lance Kendricks,TE,LAR,138.4,ppr,lance kendricks,138,15
2011,Jared Cook,TE,TEN,139.1,ppr,jared cook,139,16
2011,Delone Carter,RB,IND,139.4,ppr,delone carter,140,49
2011,Montario Hardesty,RB,CLE,140.8,ppr,montario hardesty,141,50
2011,Jerome Harrison,RB,PHI,141.6,ppr,jerome harrison,142,51
2011,Brent Celek,TE,PHI,142.4,ppr,brent celek,143,17
2011,Mark Sanchez,QB,NYJ,143.2,ppr,mark sanchez,144,21
2011,Zach Miller,TE,SEA,146.4,ppr,zach miller,145,18
2011,Deion Branch,WR,NE,146.5,ppr,deion branch,146,56
2011,Danario Alexander,WR,LAR,147.3,ppr,danario alexander,147,57
2011,Chris Cooley,TE,WAS,150.3,ppr,chris cooley,148,19
2011,Colt McCoy,QB,CLE,150.9,ppr,colt mccoy,149,22
2011,James Jones,WR,GB,151.3,ppr,james jones,150,58
2011,Cam Newton,QB,CAR,151.5,ppr,cam newton,151,23
2011,Earl Bennett,WR,CHI,151.9,ppr,earl bennett,152,59
2011,Dustin Keller,TE,NYJ,153.5,ppr,dustin keller,153,20
2011,Steve Smith,WR,PHI,154.1,ppr,steve smith,154,60
2011,Dexter McCluster,WR,KC,154.7,ppr,dexter mccluster,155,61
2011,Thomas Jones,RB,KC,154.8,ppr,thomas jones,156,52
2011,Mike Williams,WR,SEA,156.0,ppr,mike williams,157,62
2011,Deji Karim,RB,JAX,156.8,ppr,deji karim,158,53
2011,Javon Ringer,RB,TEN,157.3,ppr,javon ringer,159,54
2011,Devin Hester,WR,CHI,157.7,ppr,devin hester,160,63
2011,Bernard Berrian,WR,MIN,157.9,ppr,bernard berrian,161,64
2011,Tashard Choice,RB,DAL,158.3,ppr,tashard choice,162,55
2011,Marion Barber,RB,CHI,159.2,ppr,marion barber,163,56
2011,Visanthe Shiancoe,TE,MIN,160.4,ppr,visanthe shiancoe,164,21
2011,Kendall Hunter,RB,SF,165.2,ppr,kendall hunter,165,57
2012,Arian Foster,RB,HOU,2.0,standard,arian foster,1,1
2012,Aaron Rodgers,QB,GB,2.1,standard,aaron rodgers,2,1
2012,Ray Rice,RB,BAL,2.3,standard,ray rice,3,2
2012,Tom Brady,QB,NE,4.6,standard,tom brady,4,2
2012,LeSean McCoy,RB,PHI,5.3,standard,lesean mccoy,5,3
2012,Calvin Johnson,WR,DET,5.9,standard,calvin johnson,6,1
2012,Darren McFadden,RB,LV,6.4,standard,darren mcfadden,7,4
2012,Drew Brees,QB,NO,7.3,standard,drew brees,8,3
2012,Chris Johnson,RB,TEN,8.9,standard,chris johnson,9,5
2012,Matt Forte,RB,CHI,10.3,standard,matt forte,10,6
2012,DeMarco Murray,RB,DAL,11.7,standard,demarco murray,11,7
2012,Matthew Stafford,QB,DET,12.0,standard,matthew stafford,12,4
2012,Jimmy Graham,TE,NO,13.3,standard,jimmy graham,13,1
2012,Julio Jones,WR,ATL,14.9,standard,julio jones,14,2
2012,Maurice Jones-Drew,RB,JAX,14.9,standard,maurice jonesdrew,14,8
2012,Marshawn Lynch,RB,SEA,15.6,standard,marshawn lynch,16,9
2012,Cam Newton,QB,CAR,16.5,standard,cam newton,17,5
2012,Jamaal Charles,RB,KC,17.7,standard,jamaal charles,18,10
2012,Adrian Peterson,RB,MIN,18.4,standard,adrian peterson,19,11
2012,Rob Gronkowski,TE,NE,19.7,standard,rob gronkowski,20,2
2012,Fred Jackson,RB,,20.1,standard,fred jackson,21,12
2012,Ryan Mathews,RB,LAC,20.4,standard,ryan mathews,22,13
2012,Steven Jackson,RB,ATL,21.5,standard,steven jackson,23,14
2012,Larry Fitzgerald,WR,ARI,22.5,standard,larry fitzgerald,24,3
2012,Brandon Marshall,WR,CHI,24.4,standard,brandon marshall,25,4
2012,Doug Martin,RB,TB,25.4,standard,doug martin,26,15
2012,A.J. Green,WR,CIN,26.2,standard,aj green,27,5
2012,Andre Johnson,WR,HOU,27.2,standard,andre johnson,28,6
2012,Greg Jennings,WR,MIN,28.2,standard,greg jennings,29,7
2012,Trent Richardson,RB,CLE,28.5,standard,trent richardson,30,16
2012,Roddy White,WR,ATL,30.3,standard,roddy white,31,8
2012,Darren Sproles,RB,NO,30.3,standard,darren sproles,31,17
2012,Wes Welker,WR,DEN,31.1,standard,wes welker,33,9
2012,Victor Cruz,WR,NYG,32.5,standard,victor cruz,34,10
2012,Michael Turner,RB,FA,33.0,standard,michael turner,35,18
2012,Matt Ryan,QB,ATL,34.2,standard,matt ryan,36,6
2012,Jordy Nelson,WR,GB,34.7,standard,jordy nelson,37,11
2012,Ahmad Bradshaw,RB,FA,37.7,standard,ahmad bradshaw,38,19
2012,Hakeem Nicks,WR,NYG,37.9,standard,hakeem nicks,39,12
2012,Dez Bryant,WR,DAL,39.5,standard,dez bryant,40,13
2012,Percy Harvin,WR,SEA,40.4,standard,percy harvin,41,14
2012,Frank Gore,RB,SF,41.3,standard,frank gore,42,20
2012,Aaron Hernandez,TE,NE,41.9,standard,aaron hernandez,43,3
2012,Willis McGahee,RB,DEN,42.5,standard,willis mcgahee,44,21
2012,Antonio Brown,WR,PIT,43.3,standard,antonio brown,45,15
2012,Michael Vick,QB,PHI,44.5,standard,michael vick,46,7
2012,Marques Colston,WR,NO,45.5,standard,marques colston,47,16
2012,Antonio Gates,TE,LAC,45.6,standard,antonio gates,48,4
2012,Steve Smith,WR,CAR,47.1,standard,steve smith,49,17
2012,Eric Decker,WR,DEN,48.0,standard,eric decker,50,18
2012,BenJarvus Green-Ellis,RB,CIN,49.7,standard,benjarvus greenellis,51,22
2012,Eli Manning,QB,NYG,49.9,standard,eli manning,52,8
2012,Brandon Lloyd,WR,FA,50.0,standard,brandon lloyd,53,19
2012,Reggie Bush,RB,DET,50.3,standard,reggie bush,54,23
2012,Mike Wallace,WR,MIA,51.2,standard,mike wallace,55,20
2012,Peyton Manning,QB,DEN,52.8,standard,peyton manning,56,9
2012,DeSean Jackson,WR,PHI,55.2,standard,desean jackson,57,21
2012,Stevan Ridley,RB,NE,56.0,standard,stevan ridley,58,24
2012,Vernon Davis,TE,SF,56.4,standard,vernon davis,59,5
2012,Cedric Benson,RB,GB,57.2,standard,cedric benson,60,25
2012,Demaryius Thomas,WR,DEN,58.0,standard,demaryius thomas,61,22
2012,Torrey Smith,WR,BAL,61.8,standard,torrey smith,62,23
2012,Peyton Hillis,RB,KC,62.4,standard,peyton hillis,63,26
2012,Tony Romo,QB,DAL,62.6,standard,tony romo,64,10
2012,Jeremy Maclin,WR,PHI,62.7,standard,jeremy maclin,65,24
2012,Jermichael Finley,TE,GB,63.1,standard,jermichael finley,66,6
2012,Dwayne Bowe,WR,KC,63.7,standard,dwayne bowe,67,25
2012,Steve Johnson,WR,,66.3,standard,steve johnson,68,26
2012,Vincent Jackson,WR,TB,67.8,standard,vincent jackson,69,27
2012,Donald Brown,RB,IND,67.9,standard,donald brown,70,27
2012,Shonn Greene,RB,TEN,69.7,standard,shonn greene,71,28
2012,Miles Austin,WR,DAL,71.1,standard,miles austin,72,28
2012,Reggie Wayne,WR,IND,72.9,standard,reggie wayne,73,29
2012,Philip Rivers,QB,LAC,73.1,standard,philip rivers,74,11
2012,Brandon Pettigrew,TE,DET,73.2,standard,brandon pettigrew,75,7
2012,David Wilson,RB,NYG,73.9,standard,david wilson,76,29
2012,Kevin Smith,RB,DET,75.0,standard,kevin smith,77,30
2012,Pierre Garcon,WR,WAS,75.6,standard,pierre garcon,78,30
2012,DeAngelo Williams,RB,CAR,76.2,standard,deangelo williams,79,31
2012,Kenny Britt,WR,TEN,76.8,standard,kenny britt,80,31
2012,Jason Witten,TE,DAL,79.0,standard,jason witten,81,8
2012,Justin Blackmon,WR,JAX,80.5,standard,justin blackmon,82,32
2012,Ben Tate,RB,HOU,80.5,standard,ben tate,82,32
2012,Jay Cutler,QB,CHI,80.8,standard,jay cutler,84,12
2012,Titus Young,WR,DET,82.0,standard,titus young,85,33
2012,Ryan Williams,RB,ARI,83.2,standard,ryan williams,86,33
2012,Isaac Redman,RB,PIT,85.6,standard,isaac redman,87,34
2012,Beanie Wells,RB,FA,87.2,standard,beanie wells,88,35
2012,Fred Davis,TE,WAS,87.9,standard,fred davis,89,9
2012,Mark Ingram II,RB,NO,88.0,standard,mark ingram,90,36
2012,Anquan Boldin,WR,SF,89.8,standard,anquan boldin,91,34
2012,Tony Gonzalez,TE,ATL,90.4,standard,tony gonzalez,92,10
2012,Malcom Floyd,WR,LAC,92.1,standard,malcom floyd,93,35
2012,Ben Roethlisberger,QB,PIT,92.6,standard,ben roethlisberger,94,13
2012,Michael Bush,RB,CHI,94.0,standard,michael bush,95,37
2012,Robert Griffin III,QB,WAS,94.9,standard,robert griffin,96,14
2012,Jonathan Stewart,RB,CAR,95.1,standard,jonathan stewart,97,38
2012,Darrius Heyward-Bey,WR,IND,95.4,standard,darrius heywardbey,98,36
2012,Lance Moore,WR,NO,95.5,standard,lance moore,99,37
2012,Roy Helu,RB,WAS,97.3,standard,roy helu,100,39
2012,C.J. Spiller,RB,,98.6,standard,cj spiller,101,40
2012,Matt Schaub,QB,HOU,100.9,standard,matt schaub,102,15
2012,Jacquizz Rodgers,RB,ATL,101.6,standard,jacquizz rodgers,103,41
2012,Nate Washington,WR,TEN,102.3,standard,nate washington,104,38
2012,Toby Gerhart,RB,MIN,103.3,standard,toby gerhart,105,42
2012,Mikel Leshoure,RB,DET,103.5,standard,mikel leshoure,106,43
2012,Danny Amendola,WR,NE,105.1,standard,danny amendola,107,39
2012,Sidney Rice,WR,SEA,105.8,standard,sidney rice,108,40
2012,Jacob Tamme,TE,DEN,107.0,standard,jacob tamme,109,11
2012,Greg Olsen,TE,CAR,107.7,standard,greg olsen,110,12
2012,Andrew Luck,QB,IND,108.0,standard,andrew luck,111,16
2012,Kendall Wright,WR,TEN,111.0,standard,kendall wright,112,41
2012,Denarius Moore,WR,LV,111.2,standard,denarius moore,113,42
2012,Robert Meachem,WR,LAC,113.2,standard,robert meachem,114,43
2012,Michael Crabtree,WR,SF,114.8,standard,michael crabtree,115,44
2012,Joe Flacco,QB,BAL,115.1,standard,joe flacco,116,17
2012,Rashard Mendenhall,RB,ARI,118.2,standard,rashard mendenhall,117,44
2012,Santonio Holmes,WR,NYJ,118.3,standard,santonio holmes,118,45
2012,Russell Wilson,QB,SEA,119.5,standard,russell wilson,119,18
2012,Greg Little,WR,CLE,121.0,standard,greg little,120,46
2012,LeGarrette Blount,RB,TB,122.0,standard,legarrette blount,121,45
2012,Jermaine Gresham,TE,CIN,123.6,standard,jermaine gresham,122,13
2012,Randy Moss,WR,SF,126.6,standard,randy moss,123,47
2012,Jared Cook,TE,LAR,134.0,standard,jared cook,124,14
2012,Daniel Thomas,RB,MIA,137.5,standard,daniel thomas,125,46
2012,Austin Collie,WR,IND,137.7,standard,austin collie,126,48
2012,Robert Turbin,RB,SEA,140.3,standard,robert turbin,127,47
2012,Kyle Rudolph,TE,MIN,140.3,standard,kyle rudolph,127,15
2012,Santana Moss,WR,WAS,141.4,standard,santana moss,129,49
2012,Alfred Morris,RB,WAS,144.8,standard,alfred morris,130,48
2012,Jonathan Dwyer,RB,PIT,146.9,standard,jonathan dwyer,131,49
2012,Evan Royster,RB,WAS,147.3,standard,evan royster,132,50
2012,Jerome Simpson,WR,MIN,147.4,standard,jerome simpson,133,50
2012,Coby Fleener,TE,IND,148.9,standard,coby fleener,134,16
2012,Brent Celek,TE,PHI,154.7,standard,brent celek,135,17
2012,Laurent Robinson,WR,JAX,156.1,standard,laurent robinson,136,51
2013,Adrian Peterson,RB,MIN,1.2,ppr,adrian peterson,1,1
2013,Jamaal Charles,RB,KC,3.2,ppr,jamaal charles,2,2
2013,Doug Martin,RB,TB,3.6,ppr,doug martin,3,3
2013,Arian Foster,RB,HOU,3.8,ppr,arian foster,4,4
2013,Calvin Johnson,WR,DET,5.6,ppr,calvin johnson,5,1
2013,C.J. Spiller,RB,,6.3,ppr,cj spiller,6,5
2013,Ray Rice,RB,BAL,7.4,ppr,ray rice,7,6
2013,Marshawn Lynch,RB,SEA,7.6,ppr,marshawn lynch,8,7
2013,LeSean McCoy,RB,PHI,8.2,ppr,lesean mccoy,9,8
2013,Trent Richardson,RB,IND,8.3,ppr,trent richardson,10,9
2013,Alfred Morris,RB,WAS,12.5,ppr,alfred morris,11,10
2013,Matt Forte,RB,CHI,12.7,ppr,matt forte,12,11
2013,Dez Bryant,WR,DAL,13.7,ppr,dez bryant,13,2
2013,Jimmy Graham,TE,NO,14.3,ppr,jimmy graham,14,1
2013,Chris Johnson,RB,NYJ,15.5,ppr,chris johnson,15,12
2013,Steven Jackson,RB,ATL,16.0,ppr,steven jackson,16,13
2013,A.J. Green,WR,CIN,17.2,ppr,aj green,17,3
2013,Reggie Bush,RB,DET,17.5,ppr,reggie bush,18,14
2013,Brandon Marshall,WR,CHI,19.3,ppr,brandon marshall,19,4
2013,Stevan Ridley,RB,NE,19.4,ppr,stevan ridley,20,15
2013,Maurice Jones-Drew,RB,LV,19.7,ppr,maurice jonesdrew,21,16
2013,Julio Jones,WR,ATL,22.0,ppr,julio jones,22,5
2013,David Wilson,RB,NYG,25.1,ppr,david wilson,23,17
2013,Demaryius Thomas,WR,DEN,25.5,ppr,demaryius thomas,24,6
2013,Frank Gore,RB,SF,26.2,ppr,frank gore,25,18
2013,DeMarco Murray,RB,DAL,26.6,ppr,demarco murray,26,19
2013,Larry Fitzgerald,WR,ARI,27.9,ppr,larry fitzgerald,27,7
2013,Darren Sproles,RB,PHI,28.0,ppr,darren sproles,28,20
2013,Lamar Miller,RB,MIA,28.9,ppr,lamar miller,29,21
2013,Randall Cobb,WR,GB,30.5,ppr,randall cobb,30,8
2013,Drew Brees,QB,NO,30.7,ppr,drew brees,31,1
2013,Aaron Rodgers,QB,GB,31.8,ppr,aaron rodgers,32,2
2013,Darren McFadden,RB,LV,32.6,ppr,darren mcfadden,33,22
2013,Rob Gronkowski,TE,NE,33.7,ppr,rob gronkowski,34,2
2013,Andre Johnson,WR,HOU,34.2,ppr,andre johnson,35,9
2013,Roddy White,WR,ATL,34.4,ppr,roddy white,36,10
2013,Eddie Lacy,RB,GB,37.3,ppr,eddie lacy,37,23
2013,Victor Cruz,WR,NYG,38.8,ppr,victor cruz,38,11
2013,Vincent Jackson,WR,TB,41.0,ppr,vincent jackson,39,12
2013,Peyton Manning,QB,DEN,42.2,ppr,peyton manning,40,3
2013,Dwayne Bowe,WR,KC,43.4,ppr,dwayne bowe,41,13
2013,Montee Ball,RB,DEN,43.9,ppr,montee ball,42,24
2013,Jason Witten,TE,DAL,44.8,ppr,jason witten,43,3
2013,Vernon Davis,TE,SF,45.3,ppr,vernon davis,44,4
2013,Danny Amendola,WR,NE,45.7,ppr,danny amendola,45,14
2013,Ryan Mathews,RB,LAC,45.7,ppr,ryan mathews,45,25
2013,Marques Colston,WR,NO,47.2,ppr,marques colston,47,15
2013,Wes Welker,WR,DEN,47.4,ppr,wes welker,48,16
2013,Giovani Bernard,RB,CIN,48.1,ppr,giovani bernard,49,26
2013,Reggie Wayne,WR,IND,50.5,ppr,reggie wayne,50,17
2013,Chris Ivory,RB,NYJ,52.5,ppr,chris ivory,51,27
2013,Ahmad Bradshaw,RB,IND,52.6,ppr,ahmad bradshaw,52,28
2013,Daryl Richardson,RB,LAR,54.2,ppr,daryl richardson,53,29
2013,Shane Vereen,RB,NE,54.4,ppr,shane vereen,54,30
2013,Tony Gonzalez,TE,ATL,56.0,ppr,tony gonzalez,55,5
2013,Pierre Garcon,WR,WAS,56.1,ppr,pierre garcon,56,18
2013,Hakeem Nicks,WR,IND,57.3,ppr,hakeem nicks,57,19
2013,Tom Brady,QB,NE,57.4,ppr,tom brady,58,4
2013,Cam Newton,QB,CAR,58.3,ppr,cam newton,59,5
2013,Jordy Nelson,WR,GB,59.9,ppr,jordy nelson,60,20
2013,Matt Ryan,QB,ATL,61.1,ppr,matt ryan,61,6
2013,Antonio Brown,WR,PIT,62.8,ppr,antonio brown,62,21
2013,Torrey Smith,WR,BAL,63.7,ppr,torrey smith,63,22
2013,Rashard Mendenhall,RB,ARI,64.5,ppr,rashard mendenhall,64,31
2013,DeAngelo Williams,RB,CAR,65.9,ppr,deangelo williams,65,32
2013,Eric Decker,WR,NYJ,66.6,ppr,eric decker,66,23
2013,Matthew Stafford,QB,DET,70.4,ppr,matthew stafford,67,7
2013,DeSean Jackson,WR,WAS,71.7,ppr,desean jackson,68,24
2013,Colin Kaepernick,QB,SF,72.1,ppr,colin kaepernick,69,8
2013,Mike Wallace,WR,MIA,73.0,ppr,mike wallace,70,25
2013,Kyle Rudolph,TE,MIN,73.2,ppr,kyle rudolph,71,6
2013,Mark Ingram II,RB,NO,75.5,ppr,mark ingram,72,33
2013,Steve Smith,WR,BAL,75.6,ppr,steve smith,73,26
2013,BenJarvus Green-Ellis,RB,CIN,75.9,ppr,benjarvus greenellis,74,34
2013,Jermichael Finley,TE,GB,78.1,ppr,jermichael finley,75,7
2013,James Jones,WR,LV,78.5,ppr,james jones,76,27
2013,Ben Tate,RB,CLE,78.6,ppr,ben tate,77,35
2013,Andrew Luck,QB,IND,78.8,ppr,andrew luck,78,9
2013,Ronnie Hillman,RB,DEN,78.8,ppr,ronnie hillman,78,36
2013,Robert Griffin III,QB,WAS,79.3,ppr,robert griffin,80,10
2013,Antonio Gates,TE,LAC,80.2,ppr,antonio gates,81,8
2013,Tavon Austin,WR,LAR,80.6,ppr,tavon austin,82,28
2013,Tony Romo,QB,DAL,81.9,ppr,tony romo,83,11
2013,T.Y. Hilton,WR,IND,83.3,ppr,ty hilton,84,29
2013,Cecil Shorts,WR,JAX,83.9,ppr,cecil shorts,85,30
2013,Anquan Boldin,WR,SF,85.7,ppr,anquan boldin,86,31
2013,Fred Jackson,RB,,88.8,ppr,fred jackson,87,37
2013,Bryce Brown,RB,PHI,88.9,ppr,bryce brown,88,38
2013,Russell Wilson,QB,SEA,89.9,ppr,russell wilson,89,12
2013,Miles Austin,WR,FA,90.6,ppr,miles austin,90,32
2013,Danny Woodhead,RB,LAC,91.6,ppr,danny woodhead,91,39
2013,Bernard Pierce,RB,BAL,91.6,ppr,bernard pierce,91,39
2013,Greg Jennings,WR,MIN,91.8,ppr,greg jennings,93,33
2013,Jared Cook,TE,LAR,92.8,ppr,jared cook,94,9
2013,Greg Olsen,TE,CAR,95.0,ppr,greg olsen,95,10
2013,Steve Johnson,WR,,95.3,ppr,steve johnson,96,34
2013,Vick Ballard,RB,IND,96.4,ppr,vick ballard,97,41
2013,Josh Gordon,WR,CLE,98.1,ppr,josh gordon,98,35
2013,Mike Williams,WR,,99.5,ppr,mike williams,99,36
2013,Pierre Thomas,RB,NO,102.4,ppr,pierre thomas,100,42
2013,Kenny Britt,WR,LAR,103.1,ppr,kenny britt,101,37
2013,Eli Manning,QB,NYG,103.7,ppr,eli manning,102,13
2013,Michael Vick,QB,NYJ,106.0,ppr,michael vick,103,14
2013,Golden Tate,WR,DET,106.3,ppr,golden tate,104,38
2013,Brandon Myers,TE,TB,111.4,ppr,brandon myers,105,11
2013,Jacquizz Rodgers,RB,ATL,112.2,ppr,jacquizz rodgers,106,43
2013,Lance Moore,WR,PIT,112.3,ppr,lance moore,107,39
2013,Mikel Leshoure,RB,DET,113.8,ppr,mikel leshoure,108,44
2013,Isaiah Pead,RB,LAR,115.0,ppr,isaiah pead,109,45
2013,DeAndre Hopkins,WR,HOU,115.0,ppr,deandre hopkins,109,40
2013,Owen Daniels,TE,BAL,116.0,ppr,owen daniels,111,12
2013,Andy Dalton,QB,CIN,116.6,ppr,andy dalton,112,15
2013,Michael Bush,RB,FA,116.9,ppr,michael bush,113,46
2013,Kenbrell Thompkins,WR,NE,122.5,ppr,kenbrell thompkins,114,41
2013,Vincent Brown,WR,LAC,123.5,ppr,vincent brown,115,42
2013,Emmanuel Sanders,WR,DEN,123.5,ppr,emmanuel sanders,115,42
2013,LaMichael James,RB,SF,123.7,ppr,lamichael james,117,47
2013,Joseph Randle,RB,DAL,124.3,ppr,joseph randle,118,48
2013,Jordan Cameron,TE,CLE,124.5,ppr,jordan cameron,119,13
2013,Ben Roethlisberger,QB,PIT,124.7,ppr,ben roethlisberger,120,16
2013,Chris Givens,WR,LAR,125.7,ppr,chris givens,121,44
2013,Martellus Bennett,TE,CHI,126.2,ppr,martellus bennett,122,14
2013,Jay Cutler,QB,CHI,126.4,ppr,jay cutler,123,17
2013,Carson Palmer,QB,ARI,128.0,ppr,carson palmer,124,18
2013,Michael Floyd,WR,ARI,130.8,ppr,michael floyd,125,45
2013,Fred Davis,TE,FA,132.4,ppr,fred davis,126,15
2013,Knowshon Moreno,RB,MIA,132.7,ppr,knowshon moreno,127,49
2013,Aaron Dobson,WR,NE,133.3,ppr,aaron dobson,128,46
2013,Shonn Greene,RB,TEN,134.3,ppr,shonn greene,129,50
2013,Bilal Powell,RB,NYJ,134.6,ppr,bilal powell,130,51
2013,Sidney Rice,WR,SEA,135.0,ppr,sidney rice,131,47
2013,Marcel Reece,RB,LV,136.1,ppr,marcel reece,132,52
2013,Matt Schaub,QB,LV,136.4,ppr,matt schaub,133,19
2013,Joique Bell,RB,DET,137.2,ppr,joique bell,134,53
2013,Joe Flacco,QB,BAL,137.4,ppr,joe flacco,135,20
2013,Isaac Redman,RB,PIT,138.5,ppr,isaac redman,136,54
2013,Alshon Jeffery,WR,CHI,138.7,ppr,alshon jeffery,137,48
2013,Justin Blackmon,WR,JAX,138.7,ppr,justin blackmon,137,48
2013,Tyler Eifert,TE,CIN,142.0,ppr,tyler eifert,139,16
2013,Sam Bradford,QB,LAR,142.7,ppr,sam bradford,140,21
2013,Zach Sudfeld,TE,NE,144.8,ppr,zach sudfeld,141,17
2013,Christine Michael,RB,SEA,146.5,ppr,christine michael,142,55
2013,Ryan Broyles,WR,DET,147.5,ppr,ryan broyles,143,50
2013,Josh Freeman,QB,NYG,147.9,ppr,josh freeman,144,22
2013,Brandon Pettigrew,TE,DET,148.9,ppr,brandon pettigrew,145,18
2013,Roy Helu,RB,WAS,149.0,ppr,roy helu,146,56
2013,Denarius Moore,WR,LV,149.1,ppr,denarius moore,147,51
2013,LeGarrette Blount,RB,PIT,149.2,ppr,legarrette blount,148,57
2013,Rueben Randle,WR,NYG,150.0,ppr,rueben randle,149,52
2013,Daniel Thomas,RB,MIA,151.0,ppr,daniel thomas,150,58
2013,Darrius Heyward-Bey,WR,PIT,151.1,ppr,darrius heywardbey,151,53
2013,Denard Robinson,RB,JAX,151.6,ppr,denard robinson,152,59
2013,Kendall Hunter,RB,SF,152.2,ppr,kendall hunter,153,60
2013,Heath Miller,TE,PIT,152.2,ppr,heath miller,153,19
2013,Alex Smith,QB,KC,153.0,ppr,alex smith,155,23
2013,Cordarrelle Patterson,WR,MIN,153.0,ppr,cordarrelle patterson,155,54
2013,Coby Fleener,TE,IND,155.2,ppr,coby fleener,157,20
2013,Brian Hartline,WR,MIA,155.8,ppr,brian hartline,158,55
2013,Ryan Tannehill,QB,MIA,155.8,ppr,ryan tannehill,158,24
2013,Percy Harvin,WR,SEA,156.5,ppr,percy harvin,160,56
2013,Philip Rivers,QB,LAC,157.6,ppr,philip rivers,161,25
2013,EJ Manuel,QB,,161.6,ppr,ej manuel,162,26
