player_id,player,position,metric_name,raw_value,qualifier_flag,coverage_flag,pct_among_2025_qualifiers,disclosure,is_rookie_context,draft_round,draft_pick,pct_among_2026_drafted_class
00-0034857,Josh Allen,QB,CPOE,1.5463913043478215,True,qualified,64.3,"Descriptive 2025 efficiency only (H7 pre-registered null, 2026-07-12: not predictive of market error). Never combined with other board signals.",False,,,
00-0034796,Lamar Jackson,QB,CPOE,-2.225529801324491,True,qualified,26.2,"Descriptive 2025 efficiency only (H7 pre-registered null, 2026-07-12: not predictive of market error). Never combined with other board signals.",False,,,
00-0039851,Drake Maye,QB,CPOE,9.138516260162604,True,qualified,97.6,"Descriptive 2025 efficiency only (H7 pre-registered null, 2026-07-12: not predictive of market error). Never combined with other board signals.",False,,,
00-0036442,Joe Burrow,QB,CPOE,2.0552123552123476,True,qualified,69.0,"Descriptive 2025 efficiency only (H7 pre-registered null, 2026-07-12: not predictive of market error). Never combined with other board signals.",False,,,
00-0039910,Jayden Daniels,QB,CPOE,-3.332180851063825,True,qualified,11.9,"Descriptive 2025 efficiency only (H7 pre-registered null, 2026-07-12: not predictive of market error). Never combined with other board signals.",False,,,
00-0036389,Jalen Hurts,QB,CPOE,3.0895374449339243,True,qualified,76.2,"Descriptive 2025 efficiency only (H7 pre-registered null, 2026-07-12: not predictive of market error). Never combined with other board signals.",False,,,
00-0040691,Jaxson Dart,QB,CPOE,-2.0306489675516346,True,qualified,31.0,"Descriptive 2025 efficiency only (H7 pre-registered null, 2026-07-12: not predictive of market error). Never combined with other board signals.",False,,,
00-0036355,Justin Herbert,QB,CPOE,3.3101127450980243,True,qualified,81.0,"Descriptive 2025 efficiency only (H7 pre-registered null, 2026-07-12: not predictive of market error). Never combined with other board signals.",False,,,
00-0039918,Caleb Williams,QB,CPOE,-6.874683098591532,True,qualified,2.4,"Descriptive 2025 efficiency only (H7 pre-registered null, 2026-07-12: not predictive of market error). Never combined with other board signals.",False,,,
00-0036971,Trevor Lawrence,QB,CPOE,-2.7296964285714154,True,qualified,23.8,"Descriptive 2025 efficiency only (H7 pre-registered null, 2026-07-12: not predictive of market error). Never combined with other board signals.",False,,,
00-0033077,Dak Prescott,QB,CPOE,4.445366666666658,True,qualified,92.9,"Descriptive 2025 efficiency only (H7 pre-registered null, 2026-07-12: not predictive of market error). Never combined with other board signals.",False,,,
00-0033873,Patrick Mahomes,QB,CPOE,-2.896912350597617,True,qualified,19.0,"Descriptive 2025 efficiency only (H7 pre-registered null, 2026-07-12: not predictive of market error). Never combined with other board signals.",False,,,
00-0037834,Brock Purdy,QB,CPOE,5.071830985915497,True,qualified,95.2,"Descriptive 2025 efficiency only (H7 pre-registered null, 2026-07-12: not predictive of market error). Never combined with other board signals.",False,,,
00-0026498,Matthew Stafford,QB,CPOE,1.4761474036850828,True,qualified,61.9,"Descriptive 2025 efficiency only (H7 pre-registered null, 2026-07-12: not predictive of market error). Never combined with other board signals.",False,,,
00-0039732,Bo Nix,QB,CPOE,-2.0674183006535927,True,qualified,28.6,"Descriptive 2025 efficiency only (H7 pre-registered null, 2026-07-12: not predictive of market error). Never combined with other board signals.",False,,,
00-0036264,Jordan Love,QB,CPOE,3.816195899772211,True,qualified,88.1,"Descriptive 2025 efficiency only (H7 pre-registered null, 2026-07-12: not predictive of market error). Never combined with other board signals.",False,,,
00-0033106,Jared Goff,QB,CPOE,1.5814532871972347,True,qualified,66.7,"Descriptive 2025 efficiency only (H7 pre-registered null, 2026-07-12: not predictive of market error). Never combined with other board signals.",False,,,
00-0038128,Malik Willis,QB,CPOE,,False,below_vendor_qualifier,,"Descriptive 2025 efficiency only (H7 pre-registered null, 2026-07-12: not predictive of market error). Never combined with other board signals.",False,,,
00-0034855,Baker Mayfield,QB,CPOE,-1.6144420433154778,True,qualified,38.1,"Descriptive 2025 efficiency only (H7 pre-registered null, 2026-07-12: not predictive of market error). Never combined with other board signals.",False,,,
00-0040743,Tyler Shough,QB,CPOE,0.6467584097859316,True,qualified,54.8,"Descriptive 2025 efficiency only (H7 pre-registered null, 2026-07-12: not predictive of market error). Never combined with other board signals.",False,,,
00-0035228,Kyler Murray,QB,CPOE,-0.9986956521739074,True,qualified,42.9,"Descriptive 2025 efficiency only (H7 pre-registered null, 2026-07-12: not predictive of market error). Never combined with other board signals.",False,,,
00-0039163,C.J. Stroud,QB,CPOE,0.7664775413711737,True,qualified,57.1,"Descriptive 2025 efficiency only (H7 pre-registered null, 2026-07-12: not predictive of market error). Never combined with other board signals.",False,,,
00-0034869,Sam Darnold,QB,CPOE,4.306666666666686,True,qualified,90.5,"Descriptive 2025 efficiency only (H7 pre-registered null, 2026-07-12: not predictive of market error). Never combined with other board signals.",False,,,
00-0038542,Bijan Robinson,RB,RYOE/att,0.9085048234399007,True,qualified,86.3,"Descriptive 2025 efficiency only (H7 pre-registered null, 2026-07-12: not predictive of market error). Never combined with other board signals.",False,,,
00-0039139,Jahmyr Gibbs,RB,RYOE/att,0.6954542104258375,True,qualified,74.5,"Descriptive 2025 efficiency only (H7 pre-registered null, 2026-07-12: not predictive of market error). Never combined with other board signals.",False,,,
00-0036223,Jonathan Taylor,RB,RYOE/att,0.613373471242784,True,qualified,64.7,"Descriptive 2025 efficiency only (H7 pre-registered null, 2026-07-12: not predictive of market error). Never combined with other board signals.",False,,,
00-0033280,Christian McCaffrey,RB,RYOE/att,-0.5443675992756675,True,qualified,7.8,"Descriptive 2025 efficiency only (H7 pre-registered null, 2026-07-12: not predictive of market error). Never combined with other board signals.",False,,,
00-0037248,James Cook,RB,RYOE/att,1.1743041656187394,True,qualified,96.1,"Descriptive 2025 efficiency only (H7 pre-registered null, 2026-07-12: not predictive of market error). Never combined with other board signals.",False,,,
00-0039040,De'Von Achane,RB,RYOE/att,1.029728816304663,True,qualified,90.2,"Descriptive 2025 efficiency only (H7 pre-registered null, 2026-07-12: not predictive of market error). Never combined with other board signals.",False,,,
00-0034844,Saquon Barkley,RB,RYOE/att,0.2761220683010875,True,qualified,39.2,"Descriptive 2025 efficiency only (H7 pre-registered null, 2026-07-12: not predictive of market error). Never combined with other board signals.",False,,,
00-0040122,Ashton Jeanty,RB,RYOE/att,-0.1946568123100747,True,qualified,17.6,"Descriptive 2025 efficiency only (H7 pre-registered null, 2026-07-12: not predictive of market error). Never combined with other board signals.",False,,,
00-0040666,Omarion Hampton,RB,RYOE/att,0.6580777528949869,True,qualified,70.6,"Descriptive 2025 efficiency only (H7 pre-registered null, 2026-07-12: not predictive of market error). Never combined with other board signals.",False,,,
00-0038597,Chase Brown,RB,RYOE/att,0.33743554811154153,True,qualified,47.1,"Descriptive 2025 efficiency only (H7 pre-registered null, 2026-07-12: not predictive of market error). Never combined with other board signals.",False,,,
00-0038134,Kenneth Walker,RB,RYOE/att,0.1818949483895081,True,qualified,37.3,"Descriptive 2025 efficiency only (H7 pre-registered null, 2026-07-12: not predictive of market error). Never combined with other board signals.",False,,,
00-0041027,Jeremiyah Love,RB,college_scrim_yds_share_2025,0.28730325288562436,False,rookie_no_prior_season,,Rookie: college production context (different instrument than veteran rows — not directly comparable). Descriptive only; not validated; never combined with other board signals.,True,1,3,75.0
00-0032764,Derrick Henry,RB,RYOE/att,1.1187350244421481,True,qualified,94.1,"Descriptive 2025 efficiency only (H7 pre-registered null, 2026-07-12: not predictive of market error). Never combined with other board signals.",False,,,
00-0035700,Josh Jacobs,RB,RYOE/att,-0.03147802276027586,True,qualified,27.5,"Descriptive 2025 efficiency only (H7 pre-registered null, 2026-07-12: not predictive of market error). Never combined with other board signals.",False,,,
00-0038120,Breece Hall,RB,RYOE/att,0.5885268028320638,True,qualified,62.7,"Descriptive 2025 efficiency only (H7 pre-registered null, 2026-07-12: not predictive of market error). Never combined with other board signals.",False,,,
00-0037840,Kyren Williams,RB,RYOE/att,0.5698771921524118,True,qualified,56.9,"Descriptive 2025 efficiency only (H7 pre-registered null, 2026-07-12: not predictive of market error). Never combined with other board signals.",False,,,
00-0036973,Travis Etienne,RB,RYOE/att,0.17274371995127394,True,qualified,35.3,"Descriptive 2025 efficiency only (H7 pre-registered null, 2026-07-12: not predictive of market error). Never combined with other board signals.",False,,,
00-0036997,Javonte Williams,RB,RYOE/att,0.6233103072179247,True,qualified,66.7,"Descriptive 2025 efficiency only (H7 pre-registered null, 2026-07-12: not predictive of market error). Never combined with other board signals.",False,,,
00-0040734,TreVeyon Henderson,RB,RYOE/att,0.8463412625516966,True,qualified,80.4,"Descriptive 2025 efficiency only (H7 pre-registered null, 2026-07-12: not predictive of market error). Never combined with other board signals.",False,,,
00-0039361,Bucky Irving,RB,RYOE/att,-0.7414485800105641,True,qualified,2.0,"Descriptive 2025 efficiency only (H7 pre-registered null, 2026-07-12: not predictive of market error). Never combined with other board signals.",False,,,
00-0040715,Cam Skattebo,RB,RYOE/att,0.4301278279173624,True,qualified,49.0,"Descriptive 2025 efficiency only (H7 pre-registered null, 2026-07-12: not predictive of market error). Never combined with other board signals.",False,,,
00-0040719,Bhayshul Tuten,RB,RYOE/att,,False,below_vendor_qualifier,,"Descriptive 2025 efficiency only (H7 pre-registered null, 2026-07-12: not predictive of market error). Never combined with other board signals.",False,,,
00-0036275,D'Andre Swift,RB,RYOE/att,0.5827989178163684,True,qualified,60.8,"Descriptive 2025 efficiency only (H7 pre-registered null, 2026-07-12: not predictive of market error). Never combined with other board signals.",False,,,
00-0040784,Quinshon Judkins,RB,RYOE/att,0.30390349096522645,True,qualified,43.1,"Descriptive 2025 efficiency only (H7 pre-registered null, 2026-07-12: not predictive of market error). Never combined with other board signals.",False,,,
00-0041512,Jadarian Price,RB,college_scrim_yds_share_2025,0.14669464847848898,False,rookie_no_prior_season,,Rookie: college production context (different instrument than veteran rows — not directly comparable). Descriptive only; not validated; never combined with other board signals.,True,1,32,8.3
00-0035685,David Montgomery,RB,RYOE/att,0.7990674643657507,True,qualified,78.4,"Descriptive 2025 efficiency only (H7 pre-registered null, 2026-07-12: not predictive of market error). Never combined with other board signals.",False,,,
00-0037228,Jaylen Warren,RB,RYOE/att,0.864088576234603,True,qualified,84.3,"Descriptive 2025 efficiency only (H7 pre-registered null, 2026-07-12: not predictive of market error). Never combined with other board signals.",False,,,
00-0036875,Rhamondre Stevenson,RB,RYOE/att,1.36148598958441,True,qualified,98.0,"Descriptive 2025 efficiency only (H7 pre-registered null, 2026-07-12: not predictive of market error). Never combined with other board signals.",False,,,
00-0036158,J.K. Dobbins,RB,RYOE/att,1.0808658337922878,True,qualified,92.2,"Descriptive 2025 efficiency only (H7 pre-registered null, 2026-07-12: not predictive of market error). Never combined with other board signals.",False,,,
00-0040236,Kyle Monangai,RB,RYOE/att,0.28954851486296374,True,qualified,41.2,"Descriptive 2025 efficiency only (H7 pre-registered null, 2026-07-12: not predictive of market error). Never combined with other board signals.",False,,,
00-0035261,Tony Pollard,RB,RYOE/att,0.4677236235972913,True,qualified,51.0,"Descriptive 2025 efficiency only (H7 pre-registered null, 2026-07-12: not predictive of market error). Never combined with other board signals.",False,,,
00-0036139,Rico Dowdle,RB,RYOE/att,0.6308861861301389,True,qualified,68.6,"Descriptive 2025 efficiency only (H7 pre-registered null, 2026-07-12: not predictive of market error). Never combined with other board signals.",False,,,
00-0036555,Chuba Hubbard,RB,RYOE/att,-0.2969088914728328,True,qualified,11.8,"Descriptive 2025 efficiency only (H7 pre-registered null, 2026-07-12: not predictive of market error). Never combined with other board signals.",False,,,
00-0039738,Blake Corum,RB,RYOE/att,0.8542092107260623,True,qualified,82.4,"Descriptive 2025 efficiency only (H7 pre-registered null, 2026-07-12: not predictive of market error). Never combined with other board signals.",False,,,
00-0040730,RJ Harvey,RB,RYOE/att,-0.6437028743749557,True,qualified,5.9,"Descriptive 2025 efficiency only (H7 pre-registered null, 2026-07-12: not predictive of market error). Never combined with other board signals.",False,,,
00-0033293,Aaron Jones,RB,RYOE/att,-0.1183369953565478,True,qualified,23.5,"Descriptive 2025 efficiency only (H7 pre-registered null, 2026-07-12: not predictive of market error). Never combined with other board signals.",False,,,
00-0036919,Kenny Gainwell,RB,RYOE/att,0.5813424941372529,True,qualified,58.8,"Descriptive 2025 efficiency only (H7 pre-registered null, 2026-07-12: not predictive of market error). Never combined with other board signals.",False,,,
00-0037263,Tyler Allgeier,RB,RYOE/att,-0.17743460090339885,True,qualified,21.6,"Descriptive 2025 efficiency only (H7 pre-registered null, 2026-07-12: not predictive of market error). Never combined with other board signals.",False,,,
00-0039344,Jonathon Brooks,RB,RYOE/att,,False,no_2025_season,,"Descriptive 2025 efficiency only (H7 pre-registered null, 2026-07-12: not predictive of market error). Never combined with other board signals.",False,,,
00-0041496,Jonah Coleman,RB,college_scrim_yds_share_2025,0.2058328659562535,False,rookie_no_prior_season,,Rookie: college production context (different instrument than veteran rows — not directly comparable). Descriptive only; not validated; never combined with other board signals.,True,4,108,41.7
00-0033553,James Conner,RB,RYOE/att,,False,below_vendor_qualifier,,"Descriptive 2025 efficiency only (H7 pre-registered null, 2026-07-12: not predictive of market error). Never combined with other board signals.",False,,,
00-0040242,Jacory Croskey-Merritt,RB,RYOE/att,0.7889511558973209,True,qualified,76.5,"Descriptive 2025 efficiency only (H7 pre-registered null, 2026-07-12: not predictive of market error). Never combined with other board signals.",False,,,
00-0037256,Rachaad White,RB,RYOE/att,-0.22304952947721485,True,qualified,13.7,"Descriptive 2025 efficiency only (H7 pre-registered null, 2026-07-12: not predictive of market error). Never combined with other board signals.",False,,,
00-0039165,Zach Charbonnet,RB,RYOE/att,0.32951856035190774,True,qualified,45.1,"Descriptive 2025 efficiency only (H7 pre-registered null, 2026-07-12: not predictive of market error). Never combined with other board signals.",False,,,
00-0037746,Brian Robinson,RB,RYOE/att,-0.06428489402310708,True,qualified,25.5,"Descriptive 2025 efficiency only (H7 pre-registered null, 2026-07-12: not predictive of market error). Never combined with other board signals.",False,,,
00-0040583,Woody Marks,RB,RYOE/att,0.1623021999721773,True,qualified,33.3,"Descriptive 2025 efficiency only (H7 pre-registered null, 2026-07-12: not predictive of market error). Never combined with other board signals.",False,,,
00-0039384,Tyrone Tracy,RB,RYOE/att,0.08838665737059126,True,qualified,29.4,"Descriptive 2025 efficiency only (H7 pre-registered null, 2026-07-12: not predictive of market error). Never combined with other board signals.",False,,,
00-0037525,Jordan Mason,RB,RYOE/att,1.0210966391698695,True,qualified,88.2,"Descriptive 2025 efficiency only (H7 pre-registered null, 2026-07-12: not predictive of market error). Never combined with other board signals.",False,,,
00-0041013,Emmett Johnson,RB,college_scrim_yds_share_2025,0.3470824949698189,False,rookie_no_prior_season,,Rookie: college production context (different instrument than veteran rows — not directly comparable). Descriptive only; not validated; never combined with other board signals.,True,5,161,91.7
00-0039921,Trey Benson,RB,RYOE/att,,False,below_vendor_qualifier,,"Descriptive 2025 efficiency only (H7 pre-registered null, 2026-07-12: not predictive of market error). Never combined with other board signals.",False,,,
00-0033906,Alvin Kamara,RB,RYOE/att,-0.7337203559695398,True,qualified,3.9,"Descriptive 2025 efficiency only (H7 pre-registered null, 2026-07-12: not predictive of market error). Never combined with other board signals.",False,,,
00-0039032,Tyjae Spears,RB,RYOE/att,,False,below_vendor_qualifier,,"Descriptive 2025 efficiency only (H7 pre-registered null, 2026-07-12: not predictive of market error). Never combined with other board signals.",False,,,
00-0040162,Dylan Sampson,RB,RYOE/att,,False,below_vendor_qualifier,,"Descriptive 2025 efficiency only (H7 pre-registered null, 2026-07-12: not predictive of market error). Never combined with other board signals.",False,,,
00-0039794,Braelon Allen,RB,RYOE/att,,False,below_vendor_qualifier,,"Descriptive 2025 efficiency only (H7 pre-registered null, 2026-07-12: not predictive of market error). Never combined with other board signals.",False,,,
00-0040878,Mike Washington,RB,college_scrim_yds_share_2025,0.22574828705373243,False,rookie_no_prior_season,,Rookie: college production context (different instrument than veteran rows — not directly comparable). Descriptive only; not validated; never combined with other board signals.,True,4,122,58.3
00-0039391,Kimani Vidal,RB,RYOE/att,0.4977269772275607,True,qualified,52.9,"Descriptive 2025 efficiency only (H7 pre-registered null, 2026-07-12: not predictive of market error). Never combined with other board signals.",False,,,
00-0038611,Chris Rodriguez,RB,RYOE/att,0.6951454109714896,True,qualified,72.5,"Descriptive 2025 efficiency only (H7 pre-registered null, 2026-07-12: not predictive of market error). Never combined with other board signals.",False,,,
00-0038555,Tank Bigsby,RB,RYOE/att,,False,below_vendor_qualifier,,"Descriptive 2025 efficiency only (H7 pre-registered null, 2026-07-12: not predictive of market error). Never combined with other board signals.",False,,,
00-0038454,Keaton Mitchell,RB,RYOE/att,,False,below_vendor_qualifier,,"Descriptive 2025 efficiency only (H7 pre-registered null, 2026-07-12: not predictive of market error). Never combined with other board signals.",False,,,
00-0039338,Brock Bowers,TE,xYAC+/-,0.9487826882259469,True,qualified,80.0,"Descriptive 2025 efficiency only (H7 pre-registered null, 2026-07-12: not predictive of market error). Never combined with other board signals.",False,,,
00-0037744,Trey McBride,TE,xYAC+/-,0.7146531576227062,True,qualified,65.0,"Descriptive 2025 efficiency only (H7 pre-registered null, 2026-07-12: not predictive of market error). Never combined with other board signals.",False,,,
00-0040126,Colston Loveland,TE,xYAC+/-,0.7425482284147309,True,qualified,66.7,"Descriptive 2025 efficiency only (H7 pre-registered null, 2026-07-12: not predictive of market error). Never combined with other board signals.",False,,,
00-0040128,Tyler Warren,TE,xYAC+/-,0.6191738770505708,True,qualified,58.3,"Descriptive 2025 efficiency only (H7 pre-registered null, 2026-07-12: not predictive of market error). Never combined with other board signals.",False,,,
00-0038996,Tucker Kraft,TE,xYAC+/-,,False,below_vendor_qualifier,,"Descriptive 2025 efficiency only (H7 pre-registered null, 2026-07-12: not predictive of market error). Never combined with other board signals.",False,,,
00-0040663,Harold Fannin,TE,xYAC+/-,1.2151738271185781,True,qualified,86.7,"Descriptive 2025 efficiency only (H7 pre-registered null, 2026-07-12: not predictive of market error). Never combined with other board signals.",False,,,
00-0036970,Kyle Pitts,TE,xYAC+/-,-0.8783310835916964,True,qualified,0.8,"Descriptive 2025 efficiency only (H7 pre-registered null, 2026-07-12: not predictive of market error). Never combined with other board signals.",False,,,
00-0033288,George Kittle,TE,xYAC+/-,0.892990684542919,True,qualified,77.5,"Descriptive 2025 efficiency only (H7 pre-registered null, 2026-07-12: not predictive of market error). Never combined with other board signals.",False,,,
00-0039065,Sam LaPorta,TE,xYAC+/-,0.9542622798697664,True,qualified,80.8,"Descriptive 2025 efficiency only (H7 pre-registered null, 2026-07-12: not predictive of market error). Never combined with other board signals.",False,,,
00-0038933,Dalton Kincaid,TE,xYAC+/-,1.0236710119521906,True,qualified,83.3,"Descriptive 2025 efficiency only (H7 pre-registered null, 2026-07-12: not predictive of market error). Never combined with other board signals.",False,,,
00-0040189,Oronde Gadsden,TE,xYAC+/-,1.3486764729947085,True,qualified,90.0,"Descriptive 2025 efficiency only (H7 pre-registered null, 2026-07-12: not predictive of market error). Never combined with other board signals.",False,,,
00-0033090,Hunter Henry,TE,xYAC+/-,0.32456454108416377,True,qualified,44.2,"Descriptive 2025 efficiency only (H7 pre-registered null, 2026-07-12: not predictive of market error). Never combined with other board signals.",False,,,
00-0034351,Dallas Goedert,TE,xYAC+/-,0.10727028021704266,True,qualified,32.5,"Descriptive 2025 efficiency only (H7 pre-registered null, 2026-07-12: not predictive of market error). Never combined with other board signals.",False,,,
00-0038041,Jake Ferguson,TE,xYAC+/-,0.18055357177799713,True,qualified,35.8,"Descriptive 2025 efficiency only (H7 pre-registered null, 2026-07-12: not predictive of market error). Never combined with other board signals.",False,,,
00-0034753,Mark Andrews,TE,xYAC+/-,-0.40867243798696107,True,qualified,13.3,"Descriptive 2025 efficiency only (H7 pre-registered null, 2026-07-12: not predictive of market error). Never combined with other board signals.",False,,,
00-0034383,Dalton Schultz,TE,xYAC+/-,0.10172412383622564,True,qualified,30.8,"Descriptive 2025 efficiency only (H7 pre-registered null, 2026-07-12: not predictive of market error). Never combined with other board signals.",False,,,
00-0036040,Juwan Johnson,TE,xYAC+/-,0.08877762517585097,True,qualified,30.0,"Descriptive 2025 efficiency only (H7 pre-registered null, 2026-07-12: not predictive of market error). Never combined with other board signals.",False,,,
00-0038935,Brenton Strange,TE,xYAC+/-,-0.22869974192200715,True,qualified,17.5,"Descriptive 2025 efficiency only (H7 pre-registered null, 2026-07-12: not predictive of market error). Never combined with other board signals.",False,,,
00-0030506,Travis Kelce,TE,xYAC+/-,0.42684288775839985,True,qualified,50.8,"Descriptive 2025 efficiency only (H7 pre-registered null, 2026-07-12: not predictive of market error). Never combined with other board signals.",False,,,
00-0041032,Kenyon Sadiq,TE,college_rec_yds_share_2025,0.14677838774920543,False,rookie_no_prior_season,,Rookie: college production context (different instrument than veteran rows — not directly comparable). Descriptive only; not validated; never combined with other board signals.,True,1,16,61.9
00-0037838,Isaiah Likely,TE,xYAC+/-,,False,below_vendor_qualifier,,"Descriptive 2025 efficiency only (H7 pre-registered null, 2026-07-12: not predictive of market error). Never combined with other board signals.",False,,,
00-0037809,Chig Okonkwo,TE,xYAC+/-,1.1720958977472709,True,qualified,85.8,"Descriptive 2025 efficiency only (H7 pre-registered null, 2026-07-12: not predictive of market error). Never combined with other board signals.",False,,,
00-0039793,AJ Barner,TE,xYAC+/-,0.7814118866882112,True,qualified,70.8,"Descriptive 2025 efficiency only (H7 pre-registered null, 2026-07-12: not predictive of market error). Never combined with other board signals.",False,,,
00-0035229,T.J. Hockenson,TE,xYAC+/-,-0.1483336569639322,True,qualified,20.8,"Descriptive 2025 efficiency only (H7 pre-registered null, 2026-07-12: not predictive of market error). Never combined with other board signals.",False,,,
00-0033885,David Njoku,TE,xYAC+/-,0.7968881854572398,True,qualified,73.3,"Descriptive 2025 efficiency only (H7 pre-registered null, 2026-07-12: not predictive of market error). Never combined with other board signals.",False,,,
00-0036244,Colby Parkinson,TE,xYAC+/-,0.43819402444757927,True,qualified,51.7,"Descriptive 2025 efficiency only (H7 pre-registered null, 2026-07-12: not predictive of market error). Never combined with other board signals.",False,,,
00-0040736,Mason Taylor,TE,xYAC+/-,-0.4940160207898039,True,qualified,10.8,"Descriptive 2025 efficiency only (H7 pre-registered null, 2026-07-12: not predictive of market error). Never combined with other board signals.",False,,,
00-0041483,Eli Stowers,TE,college_rec_yds_share_2025,0.18614242507561177,False,rookie_no_prior_season,,Rookie: college production context (different instrument than veteran rows — not directly comparable). Descriptive only; not validated; never combined with other board signals.,True,2,54,76.2
00-0040737,Terrance Ferguson,TE,xYAC+/-,,False,below_vendor_qualifier,,"Descriptive 2025 efficiency only (H7 pre-registered null, 2026-07-12: not predictive of market error). Never combined with other board signals.",False,,,
00-0039847,Theo Johnson,TE,xYAC+/-,-0.5100196984273273,True,qualified,10.0,"Descriptive 2025 efficiency only (H7 pre-registered null, 2026-07-12: not predictive of market error). Never combined with other board signals.",False,,,
00-0038129,Cade Otton,TE,xYAC+/-,0.7325404365122594,True,qualified,65.8,"Descriptive 2025 efficiency only (H7 pre-registered null, 2026-07-12: not predictive of market error). Never combined with other board signals.",False,,,
00-0040584,Gunnar Helm,TE,xYAC+/-,-0.8136681067569635,True,qualified,2.5,"Descriptive 2025 efficiency only (H7 pre-registered null, 2026-07-12: not predictive of market error). Never combined with other board signals.",False,,,
00-0036900,Ja'Marr Chase,WR,xYAC+/-,1.308428017713533,True,qualified,88.3,"Descriptive 2025 efficiency only (H7 pre-registered null, 2026-07-12: not predictive of market error). Never combined with other board signals.",False,,,
00-0039075,Puka Nacua,WR,xYAC+/-,1.34145983545684,True,qualified,89.2,"Descriptive 2025 efficiency only (H7 pre-registered null, 2026-07-12: not predictive of market error). Never combined with other board signals.",False,,,
00-0038543,Jaxon Smith-Njigba,WR,xYAC+/-,0.7944402118040914,True,qualified,72.5,"Descriptive 2025 efficiency only (H7 pre-registered null, 2026-07-12: not predictive of market error). Never combined with other board signals.",False,,,
00-0036963,Amon-Ra St. Brown,WR,xYAC+/-,0.34446734458738604,True,qualified,45.8,"Descriptive 2025 efficiency only (H7 pre-registered null, 2026-07-12: not predictive of market error). Never combined with other board signals.",False,,,
00-0036358,CeeDee Lamb,WR,xYAC+/-,0.497293742491963,True,qualified,53.3,"Descriptive 2025 efficiency only (H7 pre-registered null, 2026-07-12: not predictive of market error). Never combined with other board signals.",False,,,
00-0036322,Justin Jefferson,WR,xYAC+/-,0.7786816678362012,True,qualified,70.0,"Descriptive 2025 efficiency only (H7 pre-registered null, 2026-07-12: not predictive of market error). Never combined with other board signals.",False,,,
00-0037238,Drake London,WR,xYAC+/-,0.6446298737718994,True,qualified,60.8,"Descriptive 2025 efficiency only (H7 pre-registered null, 2026-07-12: not predictive of market error). Never combined with other board signals.",False,,,
00-0035676,A.J. Brown,WR,xYAC+/-,1.0600552461182922,True,qualified,84.2,"Descriptive 2025 efficiency only (H7 pre-registered null, 2026-07-12: not predictive of market error). Never combined with other board signals.",False,,,
00-0036554,Nico Collins,WR,xYAC+/-,1.6881694917686767,True,qualified,92.5,"Descriptive 2025 efficiency only (H7 pre-registered null, 2026-07-12: not predictive of market error). Never combined with other board signals.",False,,,
00-0039337,Malik Nabers,WR,xYAC+/-,,False,below_vendor_qualifier,,"Descriptive 2025 efficiency only (H7 pre-registered null, 2026-07-12: not predictive of market error). Never combined with other board signals.",False,,,
00-0037239,Chris Olave,WR,xYAC+/-,-0.5211326790836499,True,qualified,9.2,"Descriptive 2025 efficiency only (H7 pre-registered null, 2026-07-12: not predictive of market error). Never combined with other board signals.",False,,,
00-0037247,George Pickens,WR,xYAC+/-,2.1586507021991683,True,qualified,96.7,"Descriptive 2025 efficiency only (H7 pre-registered null, 2026-07-12: not predictive of market error). Never combined with other board signals.",False,,,
00-0039067,Rashee Rice,WR,xYAC+/-,0.6166205115972003,True,qualified,57.5,"Descriptive 2025 efficiency only (H7 pre-registered null, 2026-07-12: not predictive of market error). Never combined with other board signals.",False,,,
00-0036410,Tee Higgins,WR,xYAC+/-,0.38211229710168704,True,qualified,48.3,"Descriptive 2025 efficiency only (H7 pre-registered null, 2026-07-12: not predictive of market error). Never combined with other board signals.",False,,,
00-0036912,DeVonta Smith,WR,xYAC+/-,-0.11776669600317513,True,qualified,22.5,"Descriptive 2025 efficiency only (H7 pre-registered null, 2026-07-12: not predictive of market error). Never combined with other board signals.",False,,,
00-0040124,Tetairoa McMillan,WR,xYAC+/-,0.1049499466950281,True,qualified,31.7,"Descriptive 2025 efficiency only (H7 pre-registered null, 2026-07-12: not predictive of market error). Never combined with other board signals.",False,,,
00-0037740,Garrett Wilson,WR,xYAC+/-,-0.02675613043680114,True,qualified,25.8,"Descriptive 2025 efficiency only (H7 pre-registered null, 2026-07-12: not predictive of market error). Never combined with other board signals.",False,,,
00-0039915,Ladd McConkey,WR,xYAC+/-,1.008538019085321,True,qualified,82.5,"Descriptive 2025 efficiency only (H7 pre-registered null, 2026-07-12: not predictive of market error). Never combined with other board signals.",False,,,
00-0040735,Luther Burden,WR,xYAC+/-,0.9267815058240814,True,qualified,79.2,"Descriptive 2025 efficiency only (H7 pre-registered null, 2026-07-12: not predictive of market error). Never combined with other board signals.",False,,,
00-0040129,Emeka Egbuka,WR,xYAC+/-,0.6801380214068793,True,qualified,63.3,"Descriptive 2025 efficiency only (H7 pre-registered null, 2026-07-12: not predictive of market error). Never combined with other board signals.",False,,,
00-0036613,Jaylen Waddle,WR,xYAC+/-,0.14574536503763147,True,qualified,35.0,"Descriptive 2025 efficiency only (H7 pre-registered null, 2026-07-12: not predictive of market error). Never combined with other board signals.",False,,,
00-0031408,Mike Evans,WR,xYAC+/-,-0.6184795927270086,True,qualified,5.0,"Descriptive 2025 efficiency only (H7 pre-registered null, 2026-07-12: not predictive of market error). Never combined with other board signals.",False,,,
00-0039919,Rome Odunze,WR,xYAC+/-,0.9749289489800166,True,qualified,81.7,"Descriptive 2025 efficiency only (H7 pre-registered null, 2026-07-12: not predictive of market error). Never combined with other board signals.",False,,,
00-0039064,Zay Flowers,WR,xYAC+/-,0.1959025097963476,True,qualified,36.7,"Descriptive 2025 efficiency only (H7 pre-registered null, 2026-07-12: not predictive of market error). Never combined with other board signals.",False,,,
00-0037240,Jameson Williams,WR,xYAC+/-,1.840982662601295,True,qualified,94.2,"Descriptive 2025 efficiency only (H7 pre-registered null, 2026-07-12: not predictive of market error). Never combined with other board signals.",False,,,
00-0031381,Davante Adams,WR,xYAC+/-,-0.6102296754580903,True,qualified,5.8,"Descriptive 2025 efficiency only (H7 pre-registered null, 2026-07-12: not predictive of market error). Never combined with other board signals.",False,,,
00-0035659,Terry McLaurin,WR,xYAC+/-,0.08360039906109362,True,qualified,29.2,"Descriptive 2025 efficiency only (H7 pre-registered null, 2026-07-12: not predictive of market error). Never combined with other board signals.",False,,,
00-0041438,Carnell Tate,WR,college_rec_yds_share_2025,0.22785160575858251,False,rookie_no_prior_season,,Rookie: college production context (different instrument than veteran rows — not directly comparable). Descriptive only; not validated; never combined with other board signals.,True,1,4,45.2
00-0038124,Christian Watson,WR,xYAC+/-,0.7449695677261374,True,qualified,67.5,"Descriptive 2025 efficiency only (H7 pre-registered null, 2026-07-12: not predictive of market error). Never combined with other board signals.",False,,,
00-0041029,Jordyn Tyson,WR,college_rec_yds_share_2025,0.255466472303207,False,rookie_no_prior_season,,Rookie: college production context (different instrument than veteran rows — not directly comparable). Descriptive only; not validated; never combined with other board signals.,True,1,8,58.1
00-0039893,Brian Thomas,WR,xYAC+/-,0.2518726496674901,True,qualified,40.0,"Descriptive 2025 efficiency only (H7 pre-registered null, 2026-07-12: not predictive of market error). Never combined with other board signals.",False,,,
00-0034827,DJ Moore,WR,xYAC+/-,0.6099194755839346,True,qualified,56.7,"Descriptive 2025 efficiency only (H7 pre-registered null, 2026-07-12: not predictive of market error). Never combined with other board signals.",False,,,
00-0037664,Alec Pierce,WR,xYAC+/-,1.277728300330324,True,qualified,87.5,"Descriptive 2025 efficiency only (H7 pre-registered null, 2026-07-12: not predictive of market error). Never combined with other board signals.",False,,,
00-0038606,Parker Washington,WR,xYAC+/-,1.73018754269504,True,qualified,93.3,"Descriptive 2025 efficiency only (H7 pre-registered null, 2026-07-12: not predictive of market error). Never combined with other board signals.",False,,,
00-0034348,Courtland Sutton,WR,xYAC+/-,0.11508914575137519,True,qualified,33.3,"Descriptive 2025 efficiency only (H7 pre-registered null, 2026-07-12: not predictive of market error). Never combined with other board signals.",False,,,
00-0039849,Marvin Harrison,WR,xYAC+/-,0.6372885258224761,True,qualified,60.0,"Descriptive 2025 efficiency only (H7 pre-registered null, 2026-07-12: not predictive of market error). Never combined with other board signals.",False,,,
00-0035640,DK Metcalf,WR,xYAC+/-,2.8053312561478903,True,qualified,99.2,"Descriptive 2025 efficiency only (H7 pre-registered null, 2026-07-12: not predictive of market error). Never combined with other board signals.",False,,,
00-0038559,Michael Wilson,WR,xYAC+/-,0.5737247600414466,True,qualified,55.8,"Descriptive 2025 efficiency only (H7 pre-registered null, 2026-07-12: not predictive of market error). Never combined with other board signals.",False,,,
00-0040867,Makai Lemon,WR,college_rec_yds_share_2025,0.2999189408268036,False,rookie_no_prior_season,,Rookie: college production context (different instrument than veteran rows — not directly comparable). Descriptive only; not validated; never combined with other board signals.,True,1,20,80.6
00-0034960,Jakobi Meyers,WR,xYAC+/-,0.3350269468008644,True,qualified,45.0,"Descriptive 2025 efficiency only (H7 pre-registered null, 2026-07-12: not predictive of market error). Never combined with other board signals.",False,,,
00-0039916,Ricky Pearsall,WR,xYAC+/-,-0.7375391056217624,True,qualified,4.2,"Descriptive 2025 efficiency only (H7 pre-registered null, 2026-07-12: not predictive of market error). Never combined with other board signals.",False,,,
00-0033921,Chris Godwin,WR,xYAC+/-,2.1981631419739625,True,qualified,97.5,"Descriptive 2025 efficiency only (H7 pre-registered null, 2026-07-12: not predictive of market error). Never combined with other board signals.",False,,,
00-0036252,Michael Pittman,WR,xYAC+/-,0.4207668233996258,True,qualified,50.0,"Descriptive 2025 efficiency only (H7 pre-registered null, 2026-07-12: not predictive of market error). Never combined with other board signals.",False,,,
00-0038117,Wan'Dale Robinson,WR,xYAC+/-,0.34481725246261075,True,qualified,46.7,"Descriptive 2025 efficiency only (H7 pre-registered null, 2026-07-12: not predictive of market error). Never combined with other board signals.",False,,,
00-0038544,Quentin Johnston,WR,xYAC+/-,0.751558103025554,True,qualified,68.3,"Descriptive 2025 efficiency only (H7 pre-registered null, 2026-07-12: not predictive of market error). Never combined with other board signals.",False,,,
00-0037816,Romeo Doubs,WR,xYAC+/-,0.36241829172258466,True,qualified,47.5,"Descriptive 2025 efficiency only (H7 pre-registered null, 2026-07-12: not predictive of market error). Never combined with other board signals.",False,,,
00-0038994,Jordan Addison,WR,xYAC+/-,0.6265016269309078,True,qualified,59.2,"Descriptive 2025 efficiency only (H7 pre-registered null, 2026-07-12: not predictive of market error). Never combined with other board signals.",False,,,
00-0037261,Khalil Shakir,WR,xYAC+/-,1.8837417064048285,True,qualified,95.0,"Descriptive 2025 efficiency only (H7 pre-registered null, 2026-07-12: not predictive of market error). Never combined with other board signals.",False,,,
00-0040718,Travis Hunter,WR,xYAC+/-,0.7621094817689293,True,qualified,69.2,"Descriptive 2025 efficiency only (H7 pre-registered null, 2026-07-12: not predictive of market error). Never combined with other board signals.",False,,,
00-0041547,KC Concepcion,WR,college_rec_yds_share_2025,0.27106227106227104,False,rookie_no_prior_season,,Rookie: college production context (different instrument than veteran rows — not directly comparable). Descriptive only; not validated; never combined with other board signals.,True,1,24,71.0
00-0039491,Jalen Coker,WR,xYAC+/-,,False,below_vendor_qualifier,,"Descriptive 2025 efficiency only (H7 pre-registered null, 2026-07-12: not predictive of market error). Never combined with other board signals.",False,,,
00-0038997,Josh Downs,WR,xYAC+/-,0.1343339505280543,True,qualified,34.2,"Descriptive 2025 efficiency only (H7 pre-registered null, 2026-07-12: not predictive of market error). Never combined with other board signals.",False,,,
00-0031588,Stefon Diggs,WR,xYAC+/-,0.8458535333886728,True,qualified,76.7,"Descriptive 2025 efficiency only (H7 pre-registered null, 2026-07-12: not predictive of market error). Never combined with other board signals.",False,,,
00-0040667,Matthew Golden,WR,xYAC+/-,,False,below_vendor_qualifier,,"Descriptive 2025 efficiency only (H7 pre-registered null, 2026-07-12: not predictive of market error). Never combined with other board signals.",False,,,
00-0039146,Jayden Reed,WR,xYAC+/-,,False,below_vendor_qualifier,,"Descriptive 2025 efficiency only (H7 pre-registered null, 2026-07-12: not predictive of market error). Never combined with other board signals.",False,,,
00-0039894,Xavier Worthy,WR,xYAC+/-,-0.4620464310351897,True,qualified,11.7,"Descriptive 2025 efficiency only (H7 pre-registered null, 2026-07-12: not predictive of market error). Never combined with other board signals.",False,,,
00-0036259,Jauan Jennings,WR,xYAC+/-,0.710569590015091,True,qualified,64.2,"Descriptive 2025 efficiency only (H7 pre-registered null, 2026-07-12: not predictive of market error). Never combined with other board signals.",False,,,
00-0041037,Denzel Boston,WR,college_rec_yds_share_2025,0.2570307390451275,False,rookie_no_prior_season,,Rookie: college production context (different instrument than veteran rows — not directly comparable). Descriptive only; not validated; never combined with other board signals.,True,2,39,61.3
00-0040130,Jayden Higgins,WR,xYAC+/-,-0.09231228436505301,True,qualified,24.2,"Descriptive 2025 efficiency only (H7 pre-registered null, 2026-07-12: not predictive of market error). Never combined with other board signals.",False,,,
00-0041511,Omar Cooper,WR,college_rec_yds_share_2025,0.2451523545706371,False,rookie_no_prior_season,,Rookie: college production context (different instrument than veteran rows — not directly comparable). Descriptive only; not validated; never combined with other board signals.,True,1,30,51.6
00-0033040,Tyreek Hill,WR,xYAC+/-,,False,not_in_2026_dataset,,"Descriptive 2025 efficiency only (H7 pre-registered null, 2026-07-12: not predictive of market error). Never combined with other board signals.",False,,,
00-0035719,Deebo Samuel,WR,xYAC+/-,1.088712527554387,True,qualified,85.0,"Descriptive 2025 efficiency only (H7 pre-registered null, 2026-07-12: not predictive of market error). Never combined with other board signals.",False,,,
00-0041040,Antonio Williams,WR,college_rec_yds_share_2025,0.1550250515767757,False,rookie_no_prior_season,,Rookie: college production context (different instrument than veteran rows — not directly comparable). Descriptive only; not validated; never combined with other board signals.,True,3,71,12.9
00-0036407,Jerry Jeudy,WR,xYAC+/-,-0.02493368928538775,True,qualified,26.7,"Descriptive 2025 efficiency only (H7 pre-registered null, 2026-07-12: not predictive of market error). Never combined with other board signals.",False,,,
00-0037545,Rashid Shaheed,WR,xYAC+/-,-0.2521023212052649,True,qualified,15.8,"Descriptive 2025 efficiency only (H7 pre-registered null, 2026-07-12: not predictive of market error). Never combined with other board signals.",False,,,
00-0039890,Adonai Mitchell,WR,xYAC+/-,0.8370694843508864,True,qualified,75.0,"Descriptive 2025 efficiency only (H7 pre-registered null, 2026-07-12: not predictive of market error). Never combined with other board signals.",False,,,
