player,position,team,our_proj,our_rank,adp_rank,value,call,tier,reason,contested,injury_return,years_exp,age,sleeper_rank,sleeper_agrees,actual_rank,actual_total,injured
Josh Allen,QB,BUF,258.99238551516703,4.0,1.0,-3.0,,,,,,7,29.281314168377826,2.0,1.0,1.0,364.62000000000006,False
Lamar Jackson,QB,BAL,262.5849440404994,1.0,2.0,1.0,,,,,,7,28.648870636550303,1.0,1.0,14.0,214.85999999999996,False
Jalen Hurts,QB,PHI,261.0804327470177,2.0,3.0,1.0,,,,,,5,27.069130732375086,4.0,0.0,8.0,301.06,False
Jayden Daniels,QB,WAS,260.47944509876794,3.0,4.0,1.0,,,,,,1,24.70362765229295,3.0,1.0,23.0,114.28000000000002,True
Joe Burrow,QB,CIN,240.97796061762878,7.0,5.0,-2.0,,,,,,5,28.725530458590008,5.0,0.0,20.0,134.46,True
Patrick Mahomes,QB,KC,223.26977819448976,11.0,6.0,-5.0,,,,,,8,29.95756331279945,6.0,0.0,11.0,285.18,False
Baker Mayfield,QB,TB,208.37776174906998,16.0,7.0,-9.0,,,,,,7,30.38466803559206,9.0,1.0,12.0,271.92,False
Bo Nix,QB,DEN,252.0270727268779,5.0,8.0,3.0,,,,,,1,25.516769336071185,10.0,0.0,7.0,304.84000000000003,False
Kyler Murray,QB,ARI,241.39397810007384,6.0,9.0,3.0,,,,,,6,28.0684462696783,7.0,1.0,24.0,77.78,True
Jared Goff,QB,DET,236.15557240623772,9.0,10.0,1.0,,,,,,9,30.882956878850106,18.0,0.0,9.0,297.06,False
Dak Prescott,QB,DAL,201.47895288731914,18.0,11.0,-7.0,,,,,returning from injury,9,32.09308692676249,15.0,1.0,6.0,313.78,False
Justin Herbert,QB,LAC,238.57157500684804,8.0,12.0,4.0,,,,,,5,27.479808350444905,14.0,0.0,10.0,286.88,False
Brock Purdy,QB,SF,206.82419110987516,17.0,13.0,-4.0,,,,,,3,25.68104038329911,8.0,0.0,17.0,177.38,False
C.J. Stroud,QB,HOU,215.8266232907592,14.0,14.0,0.0,,,,,,2,23.91238877481177,16.0,,15.0,208.54,False
Drake Maye,QB,NE,198.04552821262297,19.0,15.0,-4.0,,,,,,1,23.006160164271048,11.0,0.0,2.0,351.4600000000001,False
Caleb Williams,QB,CHI,226.74947548492813,10.0,16.0,6.0,BUY,MEDIUM,,,,1,23.786447638603697,13.0,1.0,5.0,317.18,False
Jordan Love,QB,GB,213.66043742147326,15.0,17.0,2.0,,,,,,4,26.830937713894592,19.0,0.0,13.0,235.14,False
Justin Fields,QB,NYJ,190.5824805240231,20.0,18.0,-2.0,,,,,,4,26.494182067077343,23.0,1.0,19.0,142.66000000000003,True
J.J. McCarthy,QB,MIN,182.59448992501822,22.0,19.0,-3.0,,,,,,0,22.61464750171116,24.0,1.0,21.0,125.38,True
Cam Ward,QB,TEN,160.6016298395916,24.0,20.0,-4.0,,,,,,0,23.27173169062286,21.0,1.0,16.0,186.66,False
Trevor Lawrence,QB,JAX,190.1976067648747,21.0,21.0,0.0,,,,,,4,25.905544147843944,12.0,,4.0,338.17999999999995,False
Michael Penix Jr.,QB,ATL,165.87640117194496,23.0,22.0,-1.0,,,,,,1,25.31690622861054,22.0,0.0,22.0,120.28,True
Tua Tagovailoa,QB,MIA,220.1876443649243,13.0,23.0,10.0,,,,,returning from injury,5,27.50171115674196,20.0,1.0,18.0,160.70000000000002,False
Matthew Stafford,QB,LA,222.09995382622904,12.0,24.0,12.0,BUY,HIGH,,,,14,37.56605065023956,17.0,1.0,3.0,350.38,False
Bijan Robinson,RB,ATL,213.00927186064564,2.0,1.0,-1.0,,,,,,2,23.586584531143053,2.0,1.0,3.0,331.3,False
Saquon Barkley,RB,PHI,197.98348020622683,4.0,2.0,-2.0,,,,,,7,28.55852156057495,1.0,0.0,14.0,213.8,False
Jahmyr Gibbs,RB,DET,224.89864609036437,1.0,3.0,2.0,,,,,,2,23.45242984257358,3.0,0.0,4.0,328.4,False
Christian McCaffrey,RB,SF,172.28803423996783,13.0,4.0,-9.0,,,,,returning from injury,8,29.234770704996578,7.0,1.0,1.0,365.6,False
Derrick Henry,RB,BAL,188.51253517894511,7.0,5.0,-2.0,,,,,,9,31.65776865160849,4.0,0.0,7.0,272.0,False
Ashton Jeanty,RB,LV,141.96448623930993,19.0,6.0,-13.0,,,,,,0,21.749486652977414,5.0,0.0,13.0,217.60000000000002,False
Josh Jacobs,RB,GB,177.41624179049018,11.0,7.0,-4.0,,,,,,6,27.55373032169747,6.0,0.0,12.0,219.1,False
De'Von Achane,RB,MIA,204.97915379321407,3.0,8.0,5.0,BUY,MEDIUM,,,,2,23.88501026694045,9.0,0.0,5.0,289.3,False
Jonathan Taylor,RB,IND,197.4702600238859,5.0,9.0,4.0,,,,,,5,26.61738535249829,8.0,1.0,2.0,339.3,False
Bucky Irving,RB,TB,175.09855429683512,12.0,10.0,-2.0,,,,,,1,23.0362765229295,11.0,1.0,31.0,123.5,True
Kyren Williams,RB,LA,165.62368454236676,14.0,11.0,-3.0,,,,,,3,25.01574264202601,12.0,1.0,9.0,245.3,False
Chase Brown,RB,CIN,157.57300294103155,17.0,12.0,-5.0,,,,,,2,25.44832306639288,10.0,0.0,8.0,248.1,False
James Cook,RB,BUF,134.17558385991782,22.0,13.0,-9.0,,,,,,3,25.935660506502398,14.0,1.0,6.0,285.7,False
Omarion Hampton,RB,LAC,129.26590262879114,23.0,14.0,-9.0,,,,,,0,22.46406570841889,13.0,0.0,34.0,119.7,True
Breece Hall,RB,NYJ,183.1830636064214,8.0,15.0,7.0,BUY,MEDIUM,,,,3,24.254620123203285,18.0,0.0,18.0,189.66,False
Alvin Kamara,RB,NO,181.89114564178638,10.0,16.0,6.0,BUY,MEDIUM,,,,8,30.105407255304584,16.0,0.0,41.0,84.2,False
Kenneth Walker III,RB,SEA,189.1347044894255,6.0,17.0,11.0,,,,returning starter,,3,24.865160848733744,25.0,0.0,21.0,176.4,False
Chuba Hubbard,RB,CAR,161.56391779201792,16.0,18.0,2.0,,,,,,4,26.2258726899384,17.0,1.0,37.0,110.4,False
TreVeyon Henderson,RB,NE,92.09855244119935,43.0,19.0,-24.0,,,,,,0,22.86105407255305,20.0,1.0,19.0,188.7,False
James Conner,RB,ARI,182.48016741452633,9.0,20.0,11.0,BUY,HIGH,,,,8,30.327173169062284,15.0,1.0,52.0,29.300000000000004,True
David Montgomery,RB,DET,153.3740953609374,18.0,21.0,3.0,,,,,,6,28.23545516769336,24.0,0.0,26.0,154.92000000000002,False
RJ Harvey,RB,DEN,69.97416386236348,51.0,22.0,-29.0,,,,,,0,24.57221081451061,21.0,0.0,20.0,183.1,False
Isiah Pacheco,RB,KC,56.379537399221164,54.0,23.0,-31.0,,,,,returning from injury,3,26.50239561943874,22.0,0.0,44.0,77.80000000000001,False
D'Andre Swift,RB,CHI,140.26698166127287,20.0,24.0,4.0,,,,,,5,26.63107460643395,23.0,1.0,15.0,211.60000000000002,False
Tony Pollard,RB,TEN,104.5119400592171,37.0,25.0,-12.0,FADE,HIGH,age cliff,,,6,28.33949349760438,19.0,0.0,23.0,169.3,False
Aaron Jones,RB,MIN,125.23622584379072,26.0,26.0,0.0,,,,,,8,30.748802190280628,28.0,,39.0,104.69999999999999,False
Kaleb Johnson,RB,PIT,102.80143464037195,39.0,27.0,-12.0,,,,,,0,22.050650239561943,26.0,0.0,58.0,8.3,True
Tyrone Tracy Jr.,RB,NYG,110.13326895744748,33.0,28.0,-5.0,,,,,,1,25.7741273100616,27.0,0.0,27.0,142.79999999999998,False
Quinshon Judkins,RB,CLE,127.45364248577195,25.0,29.0,4.0,,,,,,0,21.842573579739906,44.0,0.0,25.0,156.79999999999998,False
Travis Etienne,RB,JAX,117.69763343183858,29.0,30.0,1.0,,,,,,3,26.598220396988363,32.0,0.0,10.0,235.9,False
Jaylen Warren,RB,PIT,83.14623597213833,47.0,31.0,-16.0,FADE,HIGH,declining,,,3,26.833675564681723,29.0,0.0,16.0,197.1,False
Brian Robinson,RB,SF,112.7800089194793,32.0,32.0,0.0,,,,,,3,26.4476386036961,56.0,,47.0,58.5,False
Jordan Mason,RB,MIN,92.10284393086816,42.0,33.0,-9.0,,,,,,3,26.275154004106778,34.0,1.0,33.0,121.9,False
Jacory Croskey-Merritt,RB,WAS,21.05348568105003,60.0,34.0,-26.0,,,,,,0,24.38877481177276,37.0,1.0,29.0,135.8,False
Zach Charbonnet,RB,SEA,113.50727573253226,31.0,35.0,4.0,,,,,,2,24.64613278576317,31.0,1.0,22.0,171.4,False
Cam Skattebo,RB,NYG,66.00526622430725,53.0,36.0,-17.0,,,,,,0,23.57015742642026,45.0,1.0,36.0,115.7,True
J.K. Dobbins,RB,DEN,136.8590212467615,21.0,37.0,16.0,,,,rookie,,5,26.70773442847365,30.0,1.0,38.0,110.39999999999999,True
Javonte Williams,RB,DAL,85.89746147378474,46.0,38.0,-8.0,FADE,HIGH,declining,,,4,25.352498288843258,35.0,0.0,11.0,225.3,False
Austin Ekeler,RB,WAS,121.51649596290716,27.0,39.0,12.0,BUY,HIGH,,,,8,30.2943189596167,33.0,1.0,,,True
Tank Bigsby,RB,PHI,121.13815551661496,28.0,40.0,12.0,BUY,HIGH,,,,2,23.006160164271048,52.0,0.0,48.0,52.3,False
Nick Chubb,RB,HOU,87.06837700375841,45.0,41.0,-4.0,,,,,,7,29.68104038329911,41.0,0.0,43.0,81.8,False
Rhamondre Stevenson,RB,NE,103.9562511554795,38.0,42.0,4.0,,,,,,4,27.520876112251884,39.0,1.0,24.0,162.8,False
Najee Harris,RB,LAC,164.0425370922483,15.0,43.0,28.0,,,,rookie,,4,27.482546201232037,51.0,0.0,57.0,10.100000000000001,True
Jaydon Blue,RB,DAL,41.86471039749408,58.0,44.0,-14.0,,,,,,0,21.648186173853524,38.0,0.0,54.0,19.9,True
Braelon Allen,RB,NYJ,88.14015150436514,44.0,45.0,1.0,,,,,,1,21.61533196440794,54.0,0.0,56.0,14.3,True
Ollie Gordon II,RB,MIA,53.471072020832565,57.0,46.0,-11.0,,,,,,0,21.6290212183436,55.0,1.0,50.0,50.6,False
Trey Benson,RB,ARI,105.25826966922477,35.0,47.0,12.0,BUY,HIGH,,,,1,23.110198494182068,36.0,1.0,53.0,28.9,True
Jerome Ford,RB,CLE,116.73136375272338,30.0,48.0,18.0,,,,rookie,,3,25.971252566735117,46.0,1.0,51.0,30.6,False
Rachaad White,RB,TB,104.52753786017058,36.0,49.0,13.0,BUY,HIGH,,,,3,26.63655030800821,49.0,0.0,32.0,123.00000000000001,False
Ray Davis,RB,BUF,92.93058525370184,41.0,50.0,9.0,BUY,HIGH,,,,1,25.782340862423,40.0,1.0,46.0,59.10000000000001,False
Dylan Sampson,RB,CLE,77.59403447929257,49.0,51.0,2.0,,,,,,0,20.9637234770705,43.0,1.0,45.0,71.10000000000001,False
Bhayshul Tuten,RB,JAX,68.22023714821438,52.0,52.0,0.0,,,,,,0,23.54551676933607,48.0,,42.0,83.6,False
Tyler Allgeier,RB,ATL,97.82234019595386,40.0,53.0,13.0,BUY,HIGH,,,,3,25.37987679671458,42.0,1.0,35.0,116.0,False
Tyjae Spears,RB,TEN,76.6610374245681,50.0,54.0,4.0,,,,,,2,24.213552361396303,53.0,1.0,40.0,89.2,False
Kareem Hunt,RB,KC,108.71937642107441,34.0,55.0,21.0,BUY,HIGH,,,,8,30.072553045859,50.0,1.0,28.0,136.4,False
Woody Marks,RB,HOU,26.44537027696043,59.0,56.0,-3.0,,,,,,0,24.673511293634498,59.0,1.0,30.0,133.1,False
Will Shipley,RB,PHI,53.81886695525981,56.0,57.0,1.0,,,,,,1,23.00889801505818,57.0,0.0,55.0,15.0,False
Rico Dowdle,RB,CAR,128.26658366550205,24.0,58.0,34.0,BUY,HIGH,,,,5,27.21697467488022,47.0,1.0,17.0,196.8,False
Isaac Guerendo,RB,SF,81.588118863642,48.0,59.0,11.0,,,,returning starter,,1,25.177275838466805,60.0,0.0,59.0,0.0,True
Keaton Mitchell,RB,BAL,54.78631823309361,55.0,60.0,5.0,,,,,returning from injury,2,23.62217659137577,58.0,1.0,49.0,50.9,False
Brock Bowers,TE,LV,134.85655966087648,3.0,1.0,-2.0,,,,,,1,22.718685831622174,1.0,0.0,8.0,144.2,False
Trey McBride,TE,ARI,141.54398222734164,1.0,2.0,1.0,,,,,,3,25.77686516084873,2.0,0.0,1.0,252.90000000000003,False
George Kittle,TE,SF,138.75909254223828,2.0,3.0,1.0,,,,,,8,31.89596167008898,3.0,0.0,10.0,133.0,False
Sam LaPorta,TE,DET,123.00506935863689,4.0,4.0,0.0,,,,,,2,24.635181382614647,4.0,,18.0,86.9,True
Travis Kelce,TE,KC,98.51291998454197,10.0,5.0,-5.0,FADE,MEDIUM,age cliff,,,11,35.90691307323751,7.0,1.0,3.0,155.20000000000002,False
T.J. Hockenson,TE,MIN,92.61018982204402,12.0,6.0,-6.0,,,,,returning from injury,6,28.164271047227928,5.0,0.0,17.0,87.3,False
Mark Andrews,TE,BAL,113.03584890911138,7.0,7.0,0.0,,,,,,7,29.987679671457904,6.0,,11.0,107.0,False
Evan Engram,TE,DEN,99.94717663722399,8.0,8.0,0.0,,,,,,8,30.99794661190965,8.0,,19.0,77.8,False
Tyler Warren,TE,IND,73.20322246584776,19.0,9.0,-10.0,,,,,,0,23.274469541409992,11.0,1.0,5.0,150.5,False
David Njoku,TE,CLE,116.17223914402473,5.0,10.0,5.0,,,,,returning from injury,8,29.144421629021217,9.0,1.0,21.0,69.8,False
Tucker Kraft,TE,GB,89.29635417530199,14.0,11.0,-3.0,,,,,,2,24.826830937713893,10.0,0.0,14.0,101.2,True
Colston Loveland,TE,CHI,83.88671575737457,15.0,12.0,-3.0,,,,,,0,21.39630390143737,13.0,1.0,9.0,136.1,False
Kyle Pitts,TE,ATL,94.04343804716108,11.0,13.0,2.0,,,,,,4,24.903490759753595,17.0,0.0,2.0,166.8,False
Dalton Kincaid,TE,BUF,90.43660478770784,13.0,14.0,1.0,,,,,,2,25.87268993839836,16.0,0.0,12.0,106.60000000000001,False
Jake Ferguson,TE,DAL,51.0730200570645,23.0,15.0,-8.0,FADE,HIGH,declining,,,3,26.62012320328542,14.0,0.0,7.0,147.1,False
Dallas Goedert,TE,PHI,74.36930601556004,18.0,16.0,-2.0,,,,,,7,30.6611909650924,12.0,0.0,4.0,155.1,False
Jonnu Smith,TE,PIT,115.82008185739613,6.0,17.0,11.0,BUY,HIGH,,,,8,30.028747433264886,19.0,0.0,22.0,66.2,False
Zach Ertz,TE,WAS,99.37573137212655,9.0,18.0,9.0,BUY,HIGH,,,,12,34.809034907597535,20.0,0.0,13.0,101.4,False
Chig Okonkwo,TE,TEN,66.14735923838919,20.0,19.0,-1.0,,,,,,3,25.98220396988364,15.0,0.0,15.0,96.0,False
Hunter Henry,TE,NE,82.73276382634349,16.0,20.0,4.0,,,,,,9,30.73511293634497,18.0,1.0,6.0,148.8,False
Isaiah Likely,TE,BAL,75.62326973832674,17.0,21.0,4.0,,,,,,3,25.371663244353183,23.0,0.0,23.0,48.2,False
Brenton Strange,TE,JAX,59.9265656067944,22.0,22.0,0.0,,,,,,2,24.67898699520876,21.0,,16.0,95.0,False
Darren Waller,TE,MIA,65.79735581917618,21.0,23.0,2.0,,,,,,10,32.96646132785763,21.0,1.0,20.0,76.7,True
Ja'Marr Chase,WR,CIN,191.2354987622674,4.0,1.0,-3.0,,,,,,4,25.50308008213552,1.0,0.0,4.0,251.1,False
Justin Jefferson,WR,MIN,202.56541287176714,1.0,2.0,1.0,,,,,,5,26.21218343600274,3.0,0.0,22.0,159.50000000000003,False
CeeDee Lamb,WR,DAL,193.24739172357783,3.0,3.0,0.0,,,,,,5,26.40109514031485,2.0,,18.0,163.4,False
Amon-Ra St. Brown,WR,DET,188.83987459739095,5.0,4.0,-1.0,,,,,,4,25.856262833675565,9.0,1.0,3.0,265.49999999999994,False
Malik Nabers,WR,NYG,193.69623022197428,2.0,5.0,3.0,,,,,,1,22.09719370294319,5.0,0.0,61.0,48.1,True
Puka Nacua,WR,LA,176.44876543103243,7.0,6.0,-1.0,,,,,,2,24.26009582477755,6.0,0.0,1.0,310.5,False
Nico Collins,WR,HOU,145.95262656813813,23.0,7.0,-16.0,,,,,,4,26.455852156057496,4.0,0.0,9.0,190.7,False
Drake London,WR,ATL,169.92663258734618,11.0,8.0,-3.0,,,,,,3,24.10677618069815,8.0,0.0,15.0,167.9,False
A.J. Brown,WR,PHI,175.63122052030982,8.0,9.0,1.0,,,,,,6,28.17248459958932,11.0,0.0,13.0,181.3,False
Brian Thomas Jr.,WR,JAX,182.29556286579248,6.0,10.0,4.0,,,,,,1,22.899383983572896,7.0,1.0,35.0,114.8,False
Ladd McConkey,WR,LAC,174.03786570167944,10.0,11.0,1.0,,,,,,1,23.805612594113622,12.0,0.0,25.0,147.9,False
Tyreek Hill,WR,MIA,157.60992343249035,15.0,12.0,-3.0,,,,,,9,31.50444900752909,10.0,0.0,65.0,43.0,True
Tee Higgins,WR,CIN,156.66976107060742,16.0,13.0,-3.0,,,,,,5,26.62012320328542,18.0,1.0,12.0,182.10000000000002,False
Jaxon Smith-Njigba,WR,SEA,164.96860254767643,13.0,14.0,1.0,,,,,,2,23.54551676933607,22.0,0.0,2.0,300.4,False
Marvin Harrison Jr.,WR,ARI,154.51612838746544,18.0,15.0,-3.0,,,,,,1,23.05817932922656,14.0,0.0,40.0,107.30000000000001,False
Mike Evans,WR,TB,141.69635757158525,26.0,16.0,-10.0,FADE,HIGH,age cliff,,,11,32.030116358658454,17.0,1.0,53.0,69.80000000000001,True
Terry McLaurin,WR,WAS,154.50064768218016,19.0,17.0,-2.0,,,,,,6,29.96303901437372,15.0,0.0,44.0,95.19999999999999,True
Garrett Wilson,WR,NYJ,174.30283652002336,9.0,18.0,9.0,BUY,HIGH,,,,3,25.111567419575632,12.0,1.0,48.0,81.5,True
Davante Adams,WR,LA,169.28855764768568,12.0,19.0,7.0,BUY,MEDIUM,,,,11,32.68720054757016,19.0,0.0,8.0,192.9,False
DK Metcalf,WR,PIT,136.7845821534417,30.0,20.0,-10.0,FADE,HIGH,declining,,,6,27.71526351813826,15.0,0.0,23.0,157.7,False
Courtland Sutton,WR,DEN,150.07205300551448,21.0,21.0,0.0,,,,,,7,29.894592744695416,24.0,,11.0,182.70000000000002,False
DJ Moore,WR,CHI,164.19914701101177,14.0,22.0,8.0,,,,rookie,,7,28.383299110198493,25.0,0.0,26.0,147.18,False
Tetairoa McMillan,WR,CAR,94.1350695998497,53.0,23.0,-30.0,,,,,,0,22.409308692676248,20.0,0.0,14.0,178.4,False
DeVonta Smith,WR,PHI,154.26141004792606,20.0,24.0,4.0,,,,,,4,26.798083504449007,30.0,0.0,19.0,163.30000000000004,False
Xavier Worthy,WR,KC,134.16722519582717,32.0,25.0,-7.0,,,,,,1,22.349075975359344,28.0,1.0,46.0,88.9,False
Jameson Williams,WR,DET,130.25889880785823,35.0,26.0,-9.0,,,,,,3,24.435318275154003,21.0,0.0,10.0,187.4,False
Zay Flowers,WR,BAL,149.1888853639971,22.0,27.0,5.0,BUY,MEDIUM,,,,2,24.971937029431896,36.0,0.0,7.0,200.3,False
George Pickens,WR,DAL,137.8798181130117,29.0,28.0,-1.0,,,,,,3,24.49555099247091,23.0,0.0,5.0,245.40000000000003,False
Rashee Rice,WR,KC,139.6335767761178,28.0,29.0,1.0,,,,,,2,25.36071184120465,35.0,0.0,34.0,123.6,True
Calvin Ridley,WR,TEN,132.3904012246412,34.0,30.0,-4.0,,,,,,7,30.699520876112253,26.0,0.0,67.0,38.800000000000004,True
Travis Hunter,WR,JAX,85.87893898150217,58.0,31.0,-27.0,,,,,,0,22.29158110882957,32.0,1.0,59.0,49.800000000000004,True
Jaylen Waddle,WR,MIA,107.64379660323743,44.0,32.0,-12.0,FADE,HIGH,declining,,,4,26.767967145790557,29.0,0.0,21.0,162.12,False
Jerry Jeudy,WR,CLE,135.61040031009836,31.0,33.0,2.0,,,,,,5,26.357289527720734,27.0,1.0,43.0,95.7,False
Chris Olave,WR,NO,120.31368144703876,40.0,34.0,-6.0,,,,,returning from injury,3,25.180013689253936,31.0,0.0,6.0,218.0,False
Rome Odunze,WR,CHI,143.97011869398375,24.0,35.0,11.0,,,,rookie,,1,23.247091033538677,39.0,0.0,33.0,124.10000000000002,False
Deebo Samuel Sr.,WR,WAS,118.02796426551306,42.0,36.0,-6.0,FADE,MEDIUM,age cliff,,,6,29.6290212183436,33.0,0.0,24.0,152.2,False
Ricky Pearsall,WR,SF,97.12264436241405,50.0,37.0,-13.0,,,,,,1,24.97741273100616,37.0,0.0,52.0,70.60000000000001,True
Emeka Egbuka,WR,TB,76.02243420364333,61.0,38.0,-23.0,,,,,,0,22.882956878850106,38.0,0.0,17.0,164.2,False
Matthew Golden,WR,GB,90.1783089843662,56.0,39.0,-17.0,,,,,,0,22.086242299794662,34.0,0.0,57.0,55.5,False
Jakobi Meyers,WR,JAX,143.2829949214425,25.0,40.0,15.0,,,,rookie,,6,28.810403832991103,40.0,0.0,29.0,138.3,False
Cooper Kupp,WR,SEA,125.3142415844926,38.0,41.0,3.0,,,,,,8,32.2135523613963,45.0,0.0,45.0,92.8,False
Stefon Diggs,WR,NE,108.8154799346789,43.0,42.0,-1.0,,,,,,10,31.756331279945243,41.0,0.0,16.0,167.8,False
Jordan Addison,WR,MIN,156.35476126370904,17.0,43.0,26.0,BUY,HIGH,,,,2,23.59479808350445,42.0,1.0,36.0,114.10000000000001,False
Khalil Shakir,WR,BUF,97.04877699537649,51.0,44.0,-7.0,,,,,,3,25.57700205338809,44.0,0.0,31.0,130.4,False
Chris Godwin Jr.,WR,TB,134.0929465868823,33.0,45.0,12.0,,,,rookie,,8,29.51129363449692,47.0,0.0,55.0,66.5,True
Jauan Jennings,WR,SF,125.18977525409201,39.0,46.0,7.0,BUY,MEDIUM,,,,4,28.145106091718,48.0,0.0,27.0,145.8,False
Michael Pittman,WR,IND,120.13266431261366,41.0,47.0,6.0,BUY,MEDIUM,,,,5,27.906913073237508,45.0,1.0,20.0,162.4,False
Keon Coleman,WR,BUF,89.35410734090785,57.0,48.0,-9.0,,,,,,1,22.2943189596167,51.0,1.0,47.0,83.4,False
Jayden Reed,WR,GB,129.72010884033415,36.0,49.0,13.0,,,,rookie,,2,25.34428473648186,63.0,0.0,66.0,39.0,True
Josh Downs,WR,IND,127.42770920482091,37.0,50.0,13.0,BUY,HIGH,,,,2,24.05475701574264,49.0,1.0,38.0,109.4,False
Jayden Higgins,WR,HOU,79.8456006299382,59.0,51.0,-8.0,,,,,,0,22.713210130047912,52.0,1.0,39.0,109.0,False
Rashid Shaheed,WR,SEA,97.54768332473665,49.0,52.0,3.0,,,,,,3,27.00342231348392,43.0,1.0,32.0,127.1,False
Darnell Mooney,WR,ATL,104.11871844209372,46.0,53.0,7.0,BUY,MEDIUM,,,,5,27.84120465434634,50.0,1.0,56.0,66.3,False
Keenan Allen,WR,LAC,140.82907978201408,27.0,54.0,27.0,,,,rookie,,12,33.347022587268995,64.0,0.0,28.0,142.2,False
Marvin Mims Jr.,WR,DEN,91.13546600402742,55.0,55.0,0.0,,,,,,2,23.45516769336071,53.0,,50.0,76.5,False
Christian Kirk,WR,HOU,61.636763409756966,63.0,56.0,-7.0,,,,,returning from injury,7,28.78576317590691,56.0,0.0,64.0,43.9,False
Luther Burden III,WR,CHI,91.46997741566287,54.0,57.0,3.0,,,,,,0,21.72210814510609,60.0,0.0,41.0,104.4,False
Rashod Bateman,WR,BAL,97.84185208595632,48.0,58.0,10.0,BUY,HIGH,,,,4,25.75770020533881,54.0,1.0,62.0,45.900000000000006,False
Adam Thielen,WR,PIT,105.19452716391586,45.0,59.0,14.0,,,,new signing,,11,35.0280629705681,69.0,0.0,68.0,30.1,False
Tre Harris,WR,LAC,61.67630691841932,62.0,60.0,-2.0,,,,,,0,23.50718685831622,59.0,0.0,58.0,54.4,False
Isaac TeSlaa,WR,DET,50.30401730921606,66.0,61.0,-5.0,,,,,,0,23.52908966461328,67.0,1.0,54.0,67.9,False
Dont'e Thornton Jr.,WR,LV,50.67384469957346,65.0,62.0,-3.0,,,,,,0,22.75427789185489,66.0,1.0,69.0,18.5,False
Cedric Tillman,WR,CLE,59.499390868181344,64.0,63.0,-1.0,,,,,,2,25.36892539356605,57.0,0.0,60.0,49.5,False
Xavier Legette,WR,CAR,77.32678818593669,60.0,64.0,4.0,,,,,,1,24.588637919233403,55.0,1.0,51.0,71.80000000000001,False
Kyle Williams,WR,NE,42.940251370386115,68.0,65.0,-3.0,,,,,,0,22.80082135523614,68.0,1.0,63.0,44.2,False
DeMario Douglas,WR,NE,99.92192369794161,47.0,66.0,19.0,,,,new signing,,2,24.73100616016427,58.0,1.0,49.0,80.3,False
Marquise Brown,WR,KC,37.12404728015543,69.0,67.0,-2.0,,,,,,6,28.24366872005476,62.0,0.0,37.0,113.2,False
Elic Ayomanor,WR,TEN,48.873562783468046,67.0,68.0,1.0,,,,,,0,22.24777549623545,65.0,1.0,42.0,96.0,False
Romeo Doubs,WR,GB,95.3227643324163,52.0,69.0,17.0,,,,rookie,,3,25.38535249828884,61.0,1.0,30.0,137.9,False
