game_id,temp_f,wind_mph
2016_01_BUF_BAL,84.0,8.0
2016_01_LA_SF,66.0,17.0
2016_01_MIN_TEN,76.0,5.0
2016_01_PIT_WAS,79.0,4.0
2016_01_SD_KC,74.0,9.0
2016_02_ATL_OAK,79.0,7.0
2016_02_BAL_CLE,74.0,7.0
2016_02_CIN_PIT,72.0,4.0
2016_02_JAX_SD,82.0,7.0
2016_02_NO_NYG,80.0,5.0
2016_02_SEA_LA,88.0,3.0
2016_03_ARI_BUF,64.0,8.0
2016_03_BAL_JAX,88.0,8.0
2016_03_DET_GB,72.0,17.0
2016_03_LA_TB,91.0,4.0
2016_03_MIN_CAR,80.0,0.0
2016_03_OAK_TEN,89.0,2.0
2016_03_PIT_PHI,73.0,7.0
2016_04_DET_CHI,62.0,6.0
2016_04_KC_PIT,59.0,6.0
2016_04_NO_SD,74.0,8.0
2016_04_OAK_BAL,65.0,2.0
2016_05_ARI_SF,75.0,16.0
2016_05_ATL_DEN,72.0,5.0
2016_05_BUF_LA,91.0,5.0
2016_05_NYJ_PIT,57.0,9.0
2016_05_SD_OAK,75.0,7.0
2016_05_TEN_MIA,88.0,15.0
2016_05_WAS_BAL,62.0,16.0
2016_06_ATL_SEA,54.0,10.0
2016_06_BAL_NYG,66.0,6.0
2016_06_CLE_TEN,75.0,10.0
2016_06_DEN_SD,70.0,9.0
2016_06_KC_OAK,61.0,6.0
2016_06_PIT_MIA,81.0,15.0
2016_07_BAL_NYJ,58.0,36.0
2016_07_IND_TEN,68.0,5.0
2016_07_MIN_PHI,62.0,20.0
2016_07_NE_PIT,63.0,13.0
2016_07_NO_KC,68.0,9.0
2016_07_NYG_LA,55.0,12.0
2016_07_OAK_JAX,70.0,6.0
2016_08_ARI_CAR,85.0,5.0
2016_08_JAX_TEN,71.0,3.0
2016_08_MIN_CHI,58.0,12.0
2016_08_OAK_TB,86.0,15.0
2016_08_SD_DEN,76.0,6.0
2016_09_ATL_TB,76.0,2.0
2016_09_CAR_LA,75.0,2.0
2016_09_DEN_OAK,65.0,6.0
2016_09_NO_SF,70.0,0.0
2016_09_PIT_BAL,65.0,15.0
2016_09_TEN_SD,76.0,6.0
2016_10_ATL_PHI,58.0,10.0
2016_10_CLE_BAL,54.0,3.0
2016_10_DAL_PIT,56.0,7.0
2016_10_GB_TEN,56.0,3.0
2016_10_LA_NYJ,62.0,7.0
2016_10_MIA_SD,85.0,11.0
2016_10_MIN_WAS,58.0,7.0
2016_11_HOU_OAK,63.0,6.0
2016_11_MIA_LA,63.0,3.0
2016_11_NO_CAR,63.0,6.0
2016_11_PIT_CLE,36.0,27.0
2016_12_CAR_OAK,59.0,12.0
2016_12_CIN_BAL,50.0,12.0
2016_12_TEN_CHI,40.0,11.0
2016_13_BUF_OAK,59.0,4.0
2016_13_LA_NE,39.0,8.0
2016_13_MIA_BAL,47.0,3.0
2016_13_NYG_PIT,43.0,71.0
2016_13_TB_SD,72.0,7.0
2016_14_ARI_MIA,77.0,18.0
2016_14_ATL_LA,65.0,1.0
2016_14_BAL_NE,31.0,3.0
2016_14_DEN_TEN,50.0,5.0
2016_14_MIN_JAX,71.0,5.0
2016_14_NO_TB,79.0,9.0
2016_14_OAK_KC,21.0,7.0
2016_14_PIT_BUF,27.0,9.0
2016_14_SD_CAR,37.0,6.0
2016_15_DET_NYG,55.0,1.0
2016_15_LA_SEA,36.0,5.0
2016_15_OAK_SD,62.0,5.0
2016_15_PHI_BAL,62.0,9.0
2016_15_PIT_CIN,24.0,8.0
2016_15_TEN_KC,1.0,5.0
2016_16_ARI_SEA,39.0,2.0
2016_16_ATL_CAR,56.0,5.0
2016_16_BAL_PIT,41.0,9.0
2016_16_IND_OAK,50.0,9.0
2016_16_MIN_GB,37.0,8.0
2016_16_SD_CLE,38.0,13.0
2016_16_SF_LA,59.0,6.0
2016_16_TEN_JAX,67.0,5.0
2016_17_ARI_LA,59.0,0.0
2016_17_BAL_CIN,40.0,6.0
2016_17_CLE_PIT,41.0,1.0
2016_17_HOU_TEN,52.0,7.0
2016_17_KC_SD,59.0,10.0
2016_17_OAK_DEN,45.0,9.0
2016_18_DET_SEA,38.0,7.0
2016_18_MIA_PIT,17.0,16.0
2016_19_PIT_KC,33.0,9.0
2016_20_PIT_NE,41.0,10.0
2017_01_ATL_CHI,64.0,10.0
2017_01_BAL_CIN,68.0,9.0
2017_01_IND_LA,90.0,2.0
2017_01_LAC_DEN,73.0,12.0
2017_01_OAK_TEN,72.0,7.0
2017_01_PIT_CLE,63.0,11.0
2017_02_CLE_BAL,80.0,2.0
2017_02_DET_NYG,72.0,5.0
2017_02_MIA_LAC,71.0,7.0
2017_02_MIN_PIT,78.0,1.0
2017_02_NYJ_OAK,70.0,6.0
2017_02_TEN_JAX,84.0,10.0
2017_02_WAS_LA,74.0,3.0
2017_03_BAL_JAX,70.0,10.0
2017_03_KC_LAC,84.0,5.0
2017_03_LA_SF,68.0,13.0
2017_03_NO_CAR,82.0,6.0
2017_03_OAK_WAS,76.0,0.0
2017_03_PIT_CHI,89.0,5.0
2017_03_SEA_TEN,88.0,4.0
2017_04_NO_MIA,63.0,13.0
2017_04_OAK_DEN,72.0,7.0
2017_04_PHI_LAC,72.0,6.0
2017_04_PIT_BAL,64.0,6.0
2017_05_ARI_PHI,77.0,10.0
2017_05_BAL_OAK,72.0,8.0
2017_05_JAX_PIT,73.0,9.0
2017_05_LAC_NYG,76.0,7.0
2017_05_MIN_CHI,70.0,10.0
2017_05_SEA_LA,78.0,0.0
2017_05_TEN_MIA,89.0,9.0
2017_06_CHI_BAL,69.0,7.0
2017_06_IND_TEN,57.0,7.0
2017_06_LAC_OAK,76.0,9.0
2017_06_LA_JAX,88.0,10.0
2017_06_PIT_KC,60.0,14.0
2017_07_ARI_LA,54.0,10.0
2017_07_ATL_NE,56.0,2.0
2017_07_CIN_PIT,79.0,6.0
2017_07_DEN_LAC,90.0,4.0
2017_07_KC_OAK,62.0,1.0
2017_07_NO_GB,52.0,10.0
2017_07_TEN_CLE,74.0,12.0
2017_08_ATL_NYJ,63.0,5.0
2017_08_LAC_NE,62.0,8.0
2017_08_MIA_BAL,56.0,9.0
2017_08_MIN_CLE,56.0,11.0
2017_08_OAK_BUF,42.0,7.0
2017_09_ARI_SF,61.0,8.0
2017_09_ATL_CAR,61.0,4.0
2017_09_BAL_TEN,75.0,10.0
2017_09_DET_GB,35.0,3.0
2017_09_LA_NYG,56.0,6.0
2017_09_OAK_MIA,77.0,2.0
2017_10_CIN_TEN,53.0,4.0
2017_10_HOU_LA,68.0,0.0
2017_10_LAC_JAX,76.0,5.0
2017_10_MIN_WAS,44.0,4.0
2017_10_NO_BUF,42.0,2.0
2017_11_ATL_SEA,45.0,6.0
2017_11_BAL_GB,28.0,14.0
2017_11_BUF_LAC,76.0,6.0
2017_11_DET_CHI,33.0,16.0
2017_11_NE_OAK,66.0,0.0
2017_11_TEN_PIT,40.0,17.0
2017_12_DEN_OAK,61.0,13.0
2017_12_GB_PIT,38.0,7.0
2017_12_HOU_BAL,50.0,1.0
2017_12_NO_LA,72.0,1.0
2017_13_CLE_LAC,68.0,7.0
2017_13_DET_BAL,53.0,4.0
2017_13_HOU_TEN,60.0,4.0
2017_13_NYG_OAK,58.0,11.0
2017_13_PIT_CIN,61.0,9.0
2017_14_BAL_PIT,33.0,12.0
2017_14_DET_TB,55.0,9.0
2017_14_MIN_CAR,41.0,5.0
2017_14_OAK_KC,46.0,13.0
2017_14_PHI_LA,83.0,0.0
2017_14_WAS_LAC,81.0,4.0
2017_15_ARI_WAS,50.0,1.0
2017_15_ATL_TB,71.0,2.0
2017_15_BAL_CLE,36.0,0.0
2017_15_DAL_OAK,57.0,4.0
2017_15_LAC_KC,53.0,9.0
2017_15_LA_SEA,47.0,15.0
2017_15_NE_PIT,42.0,4.0
2017_15_TEN_SF,65.0,17.0
2017_16_DET_CIN,35.0,2.0
2017_16_IND_BAL,63.0,14.0
2017_16_LAC_NYJ,40.0,6.0
2017_16_LA_TEN,39.0,11.0
2017_16_MIN_GB,10.0,6.0
2017_16_OAK_PHI,29.0,15.0
2017_17_ARI_SEA,40.0,7.0
2017_17_CIN_BAL,19.0,12.0
2017_17_CLE_PIT,11.0,3.0
2017_17_JAX_TEN,23.0,5.0
2017_17_NO_TB,71.0,3.0
2017_17_OAK_LAC,62.0,2.0
2017_17_SF_LA,67.0,3.0
2017_18_ATL_LA,62.0,3.0
2017_18_TEN_KC,33.0,10.0
2017_19_ATL_PHI,32.0,16.0
2017_19_JAX_PIT,18.0,2.0
2017_19_TEN_NE,24.0,12.0
2017_20_MIN_PHI,47.0,5.0
2019_01_BAL_MIA,91.0,8.0
2019_01_DEN_OAK,68.0,15.0
2019_01_IND_LAC,77.0,10.0
2019_01_LA_CAR,87.0,3.0
2019_01_PIT_NE,66.0,2.0
2019_01_TEN_CLE,71.0,10.0
2019_02_ARI_BAL,82.0,8.0
2019_02_IND_TEN,93.0,1.0
2019_02_KC_OAK,70.0,13.0
2019_02_MIN_GB,72.0,5.0
2019_02_NO_LA,85.0,4.0
2019_02_SEA_PIT,81.0,3.0
2019_03_DET_PHI,84.0,7.0
2019_03_HOU_LAC,87.0,4.0
2019_03_LA_CLE,83.0,12.0
2019_03_NO_SEA,63.0,8.0
2019_03_PIT_SF,79.0,3.0
2019_03_TEN_JAX,73.0,9.0
2019_04_CIN_PIT,76.0,1.0
2019_04_CLE_BAL,83.0,8.0
2019_04_LAC_MIA,88.0,15.0
2019_04_MIN_CHI,67.0,8.0
2019_04_TB_LA,74.0,2.0
2019_05_ARI_CIN,76.0,6.0
2019_05_BAL_PIT,70.0,7.0
2019_05_BUF_TEN,77.0,13.0
2019_05_CHI_OAK,59.0,15.0
2019_05_DEN_LAC,85.0,12.0
2019_05_LA_SEA,57.0,7.0
2019_05_MIN_NYG,66.0,10.0
2019_06_CIN_BAL,64.0,7.0
2019_06_DET_GB,43.0,5.0
2019_06_NO_JAX,81.0,3.0
2019_06_PIT_LAC,71.0,9.0
2019_06_SF_LA,77.0,2.0
2019_06_TEN_DEN,69.0,7.0
2019_07_ARI_NYG,56.0,3.0
2019_07_BAL_SEA,50.0,8.0
2019_07_LAC_TEN,77.0,2.0
2019_07_NO_CHI,54.0,6.0
2019_07_OAK_GB,55.0,6.0
2019_08_CIN_LA,48.0,5.0
2019_08_LAC_CHI,52.0,9.0
2019_08_MIA_PIT,59.0,2.0
2019_08_TB_TEN,59.0,3.0
2019_09_DET_OAK,71.0,6.0
2019_09_GB_LAC,79.0,2.0
2019_09_IND_PIT,48.0,12.0
2019_09_MIN_KC,54.0,15.0
2019_09_NE_BAL,48.0,1.0
2019_09_TEN_CAR,58.0,5.0
2019_10_ARI_TB,77.0,8.0
2019_10_BAL_CIN,56.0,9.0
2019_10_DET_CHI,40.0,12.0
2019_10_KC_TEN,63.0,9.0
2019_10_LAC_OAK,54.0,9.0
2019_10_LA_PIT,55.0,12.0
2019_11_ARI_SF,72.0,0.0
2019_11_ATL_CAR,51.0,11.0
2019_11_CHI_LA,79.0,0.0
2019_11_CIN_OAK,76.0,13.0
2019_11_HOU_BAL,44.0,10.0
2019_11_KC_LAC,67.0,7.0
2019_11_NO_TB,55.0,4.0
2019_11_PIT_CLE,36.0,10.0
2019_12_BAL_LA,62.0,5.0
2019_12_DET_WAS,46.0,17.0
2019_12_JAX_TEN,52.0,9.0
2019_12_OAK_NYJ,43.0,12.0
2019_12_PIT_CIN,46.0,10.0
2019_13_CLE_PIT,46.0,6.0
2019_13_LAC_DEN,33.0,7.0
2019_13_MIN_SEA,51.0,1.0
2019_13_OAK_KC,36.0,20.0
2019_13_SF_BAL,40.0,13.0
2019_14_BAL_BUF,43.0,18.0
2019_14_LAC_JAX,62.0,7.0
2019_14_SEA_LA,60.0,4.0
2019_14_TEN_OAK,59.0,5.0
2019_15_ATL_SF,55.0,6.0
2019_15_BUF_PIT,31.0,6.0
2019_15_HOU_TEN,45.0,4.0
2019_15_JAX_OAK,59.0,7.0
2019_15_MIN_LAC,64.0,14.0
2019_15_NYJ_BAL,33.0,3.0
2019_16_ARI_SEA,43.0,7.0
2019_16_BAL_CLE,49.0,10.0
2019_16_DET_DEN,67.0,3.0
2019_16_LA_SF,58.0,12.0
2019_16_NO_TEN,50.0,4.0
2019_16_OAK_LAC,64.0,10.0
2019_16_PIT_NYJ,45.0,6.0
2019_17_ARI_LA,62.0,0.0
2019_17_ATL_TB,78.0,12.0
2019_17_LAC_KC,40.0,16.0
2019_17_NO_CAR,63.0,9.0
2019_17_OAK_DEN,31.0,6.0
2019_17_PIT_BAL,46.0,7.0
2019_18_TEN_NE,44.0,4.0
2019_19_MIN_SF,56.0,11.0
2019_19_TEN_BAL,69.0,12.0
2020_01_ARI_SF,66.0,6.0
2020_01_CLE_BAL,76.0,5.0
2020_01_LAC_CIN,83.0,6.0
2020_01_LV_CAR,81.0,5.0
2020_01_PIT_NYG,71.0,5.0
2020_01_TEN_DEN,79.0,10.0
2020_02_DEN_PIT,64.0,5.0
2020_02_DET_GB,66.0,12.0
2020_02_JAX_TEN,72.0,5.0
2020_02_LA_PHI,62.0,12.0
2020_03_HOU_PIT,79.0,6.0
2020_03_KC_BAL,73.0,8.0
2020_03_LA_BUF,79.0,16.0
2020_03_LV_NE,73.0,8.0
2020_04_ARI_CAR,68.0,8.0
2020_04_ATL_GB,53.0,9.0
2020_04_BAL_WAS,65.0,5.0
2020_04_LAC_TB,75.0,6.0
2020_05_ARI_NYJ,64.0,8.0
2020_05_BUF_TEN,73.0,3.0
2020_05_CIN_BAL,69.0,3.0
2020_05_LA_WAS,69.0,2.0
2020_05_LV_KC,80.0,16.0
2020_05_MIN_SEA,54.0,10.0
2020_05_PHI_PIT,70.0,4.0
2020_06_BAL_PHI,61.0,7.0
2020_06_CLE_PIT,61.0,9.0
2020_06_DET_JAX,78.0,10.0
2020_06_HOU_TEN,61.0,10.0
2020_06_LA_SF,86.0,10.0
2020_07_PIT_TEN,55.0,3.0
2020_08_ATL_CAR,76.0,8.0
2020_08_LAC_DEN,64.0,10.0
2020_08_LA_MIA,86.0,10.0
2020_08_LV_CLE,49.0,35.0
2020_08_MIN_GB,34.0,23.0
2020_08_NO_CHI,40.0,20.0
2020_08_PIT_BAL,52.0,7.0
2020_08_TEN_CIN,48.0,24.0
2020_09_CHI_TEN,77.0,14.0
2020_09_NO_TB,77.0,17.0
2020_10_BAL_NE,52.0,13.0
2020_10_CIN_PIT,52.0,21.0
2020_10_IND_TEN,56.0,6.0
2020_10_LAC_MIA,83.0,7.0
2020_10_MIN_CHI,44.0,11.0
2020_11_ARI_SEA,48.0,11.0
2020_11_DET_CAR,65.0,7.0
2020_11_LA_TB,69.0,5.0
2020_11_PIT_JAX,72.0,3.0
2020_11_TEN_BAL,53.0,6.0
2020_12_ARI_NE,52.0,8.0
2020_12_BAL_PIT,36.0,14.0
2020_12_LAC_BUF,48.0,7.0
2020_12_NO_DEN,38.0,6.0
2020_13_CLE_TEN,52.0,1.0
2020_13_DAL_BAL,38.0,9.0
2020_13_DET_CHI,35.0,5.0
2020_13_LV_NYJ,39.0,18.0
2020_13_WAS_PIT,34.0,10.0
2020_14_ARI_NYG,59.0,15.0
2020_14_BAL_CLE,34.0,18.0
2020_14_MIN_TB,78.0,5.0
2020_14_NO_PHI,57.0,10.0
2020_14_PIT_BUF,35.0,11.0
2020_14_TEN_JAX,69.0,2.0
2020_15_DET_TEN,46.0,5.0
2020_15_JAX_BAL,39.0,3.0
2020_15_PIT_CIN,43.0,10.0
2020_16_ATL_KC,49.0,8.0
2020_16_IND_PIT,37.0,6.0
2020_16_LA_SEA,45.0,2.0
2020_16_NYG_BAL,38.0,3.0
2020_16_TEN_GB,28.0,15.0
2020_17_ATL_TB,65.0,4.0
2020_17_BAL_CIN,39.0,10.0
2020_17_LAC_KC,35.0,6.0
2020_17_LV_DEN,53.0,10.0
2020_17_NO_CAR,57.0,2.0
2020_17_PIT_CLE,38.0,7.0
2020_18_BAL_TEN,33.0,1.0
2020_18_CLE_PIT,34.0,1.0
2020_18_LA_SEA,39.0,1.0
2020_19_BAL_BUF,34.0,13.0
2020_19_LA_GB,35.0,13.0
2021_01_ARI_TEN,82.0,8.0
2021_01_GB_NO,86.0,9.0
2021_01_LAC_WAS,81.0,4.0
2021_01_MIN_CIN,81.0,15.0
2021_01_PIT_BUF,73.0,17.0
2021_02_ATL_TB,85.0,0.0
2021_02_DET_GB,73.0,12.0
2021_02_KC_BAL,82.0,8.0
2021_02_LV_PIT,77.0,4.0
2021_02_NO_CAR,83.0,4.0
2021_02_TEN_SEA,62.0,14.0
2021_03_ARI_JAX,81.0,4.0
2021_03_ATL_NYG,69.0,13.0
2021_03_CIN_PIT,67.0,9.0
2021_03_IND_TEN,72.0,4.0
2021_03_LAC_KC,81.0,19.0
2021_03_NO_NE,73.0,11.0
2021_04_BAL_DEN,77.0,11.0
2021_04_DET_CHI,72.0,4.0
2021_04_PIT_GB,67.0,4.0
2021_04_TEN_NYJ,78.0,9.0
2021_05_DEN_PIT,71.0,9.0
2021_05_IND_BAL,69.0,6.0
2021_05_LA_SEA,56.0,8.0
2021_05_NO_WAS,70.0,12.0
2021_05_NYJ_ATL,63.0,8.0
2021_05_TEN_JAX,78.0,11.0
2021_06_ARI_CLE,58.0,23.0
2021_06_BUF_TEN,66.0,6.0
2021_06_LAC_BAL,63.0,15.0
2021_06_LA_NYG,61.0,13.0
2021_06_LV_DEN,76.0,8.0
2021_06_MIN_CAR,62.0,7.0
2021_06_SEA_PIT,49.0,6.0
2021_07_ATL_MIA,85.0,9.0
2021_07_CIN_BAL,61.0,6.0
2021_07_KC_TEN,74.0,14.0
2021_07_NO_SEA,54.0,16.0
2021_08_PIT_CLE,57.0,13.0
2021_09_ARI_SF,57.0,8.0
2021_09_CHI_PIT,55.0,7.0
2021_09_LAC_PHI,54.0,11.0
2021_09_LV_NYG,54.0,4.0
2021_09_MIN_BAL,56.0,8.0
2021_10_BAL_MIA,77.0,4.0
2021_10_DET_PIT,37.0,12.0
2021_10_LA_SF,59.0,0.0
2021_10_NO_TEN,53.0,12.0
2021_11_ARI_SEA,46.0,0.0
2021_11_BAL_CHI,46.0,9.0
2021_11_DET_CLE,42.0,7.0
2021_11_HOU_TEN,59.0,8.0
2021_11_NO_PHI,51.0,4.0
2021_12_ATL_JAX,61.0,4.0
2021_12_CLE_BAL,43.0,0.0
2021_12_LAC_DEN,62.0,0.0
2021_12_LA_GB,37.0,14.0
2021_12_MIN_SF,68.0,7.0
2021_12_PIT_CIN,43.0,12.0
2021_12_TEN_NE,33.0,6.0
2021_13_ARI_CHI,34.0,8.0
2021_13_BAL_PIT,50.0,7.0
2021_13_LAC_CIN,48.0,11.0
2021_14_ATL_CAR,48.0,9.0
2021_14_BAL_CLE,46.0,14.0
2021_14_DET_DEN,63.0,8.0
2021_14_JAX_TEN,45.0,0.0
2021_14_LV_KC,47.0,19.0
2021_14_NO_NYJ,46.0,13.0
2021_15_ATL_SF,46.0,0.0
2021_15_GB_BAL,43.0,11.0
2021_15_LV_CLE,40.0,8.0
2021_15_MIN_CHI,37.0,8.0
2021_15_NO_TB,75.0,0.0
2021_15_TEN_PIT,32.0,11.0
2021_16_BAL_CIN,52.0,0.0
2021_16_PIT_KC,60.0,22.0
2021_16_SF_TEN,48.0,7.0
2021_17_ATL_BUF,26.0,11.0
2021_17_CLE_PIT,25.0,12.0
2021_17_DET_SEA,37.0,0.0
2021_17_LA_BAL,59.0,6.0
2021_17_MIA_TEN,43.0,13.0
2021_17_MIN_GB,11.0,9.0
2021_19_LV_CIN,31.0,12.0
2021_19_PIT_KC,30.0,8.0
2021_20_CIN_TEN,35.0,0.0
2021_20_LA_TB,50.0,11.0
